scenario_seed,scenario_hash,generated,completed,abandoned,unfinished,unique_denied,waiting_pm,onboard_pm,crowding_pm,active_bus_min,deadhead_bus_min,excessive_wait_pm,first_denied_count,abandoned_count,mission_changes,terminal_unfinished_count,total_cost,total_cost_core,reward,mean_wait,p95_wait,completed_share,abandoned_share,unfinished_share,unique_denied_share,excessive_wait_share,censored_share,worst_route_id,worst_route_mean_wait,mean_headway_s,p95_headway_s,gap20_count,headway_target_violations,reserve_dispatches,reassigns,short_turns,recalls,decisions,wall_s,scenario_index,method,model_seed,split
5282083492694460744,3b893d8be6e36027c3c2e9fedd580e03f13533e618d7e030503588a9309f2ff0,1543,1543,0,0,0,11464.0,9873.5,0.0,2160.0,0.0,80.0,0,0,0,0,15092.375,15092.375,-5.03079166666667,7.429682436811406,15.0,1.0,0.0,0.0,0.0,0.0596241088788075,0.0,2,7.658212560386473,914.0,960.0,3,7,0,0,0,0,120,0.4264464320003753,0,fixed,,validation
12630244631299959936,88246c3f427aaeaf316f84c2a90b5f932abc0a9a02505ce5bc52a03e4de34002,1730,1730,0,0,0,12372.0,11210.5,0.0,2160.0,0.0,78.5,0,0,0,0,16333.125,16333.125,-5.444375000000004,7.151445086705202,15.0,1.0,0.0,0.0,0.0,0.0520231213872832,0.0,1,7.320430107526882,914.0,960.0,1,10,0,0,0,0,120,0.4591494699998293,1,fixed,,validation
12537705375046560123,1476df97a34331df4bae5cad401615a3552dc4b2bbcc43f1f418bea40012ea9e,1670,1670,0,0,0,12372.0,10559.5,0.0,2160.0,0.0,87.0,0,0,0,0,16178.875,16178.875,-5.392958333333334,7.408383233532934,14.5,1.0,0.0,0.0,0.0,0.0497005988023952,0.0,0,7.594982078853047,913.6666666666666,976.5,0,9,0,0,0,0,120,0.4270925579985487,2,fixed,,validation
8017264886117857441,479d7872954419041b22d7b87d13ad478c70874fa01663f015c7a00aa937d1c1,1600,1600,0,0,0,12048.0,9977.0,0.0,2160.0,0.0,101.5,0,0,0,0,15723.75,15723.75,-5.241250000000004,7.53,15.0,1.0,0.0,0.0,0.0,0.05375,0.0,1,7.691297208538588,913.6666666666666,946.5,1,9,0,0,0,0,120,0.410573948000092,3,fixed,,validation
4252601616460073164,aa9236ebc1e65c718bfcf0b9dda018cf9f47b56c9ba26f965dcd812ef3662146,1576,1576,0,0,0,11622.5,9905.5,0.0,2160.0,0.0,90.0,0,0,0,0,15268.875,15268.875,-5.089625000000003,7.374682741116751,15.0,1.0,0.0,0.0,0.0,0.0532994923857868,0.0,0,7.618796992481203,913.6666666666666,916.5,2,5,0,0,0,0,120,0.4216659480007365,4,fixed,,validation
2958651649459243790,7d8f74169092eb37cf8c88ee7cb7c113aa7a242b967cc88129df48261bd8c878,1716,1716,0,0,0,12951.5,11043.5,0.0,2160.0,0.0,98.0,0,0,0,0,16890.375,16890.375,-5.630125000000001,7.547494172494172,15.0,1.0,0.0,0.0,0.0,0.0506993006993006,0.0,2,7.6945701357466065,914.6666666666666,976.5,2,8,0,0,0,0,120,0.4485315800011449,5,fixed,,validation
9657905459531052521,08afe511cd73faad07e38a22cdb726dd0b4c55ef04330dc3bea256de183a5b9e,1587,1587,0,0,0,11507.0,10064.0,0.0,2160.0,0.0,114.5,0,0,0,0,15217.5,15217.5,-5.072500000000002,7.250787649653434,14.5,1.0,0.0,0.0,0.0,0.0453686200378071,0.0,2,7.517994858611825,914.0,960.0,2,8,0,0,0,0,120,0.4164177749989903,6,fixed,,validation
17301846599839105071,4b3cfc16c8bd4e2b1b47a68e25e1253eb3da763e7e2e4f6f0adbe6cca6e76cc0,1555,1555,0,0,0,11345.5,10128.0,0.0,2160.0,0.0,93.5,0,0,0,0,15051.0,15051.0,-5.017000000000002,7.296141479099679,14.5,1.0,0.0,0.0,0.0,0.0443729903536977,0.0,2,7.488372093023256,913.6666666666666,930.0,2,9,0,0,0,0,120,0.4076597659986873,7,fixed,,validation
17024907191944371643,71a8a2eb4c54123a35e28b67e3cd998f6c93f0e407b0d2b61a96cf3eb4ff852e,1581,1581,0,0,0,11705.0,10018.0,0.0,2160.0,0.0,75.5,0,0,0,0,15365.0,15365.0,-5.121666666666668,7.403542061986083,14.5,1.0,0.0,0.0,0.0,0.0493358633776091,0.0,0,7.634,913.6666666666666,946.5,1,10,0,0,0,0,120,0.4064336269984778,8,fixed,,validation
10032749771936246705,bc3d73d8cd74f3a824802ee494973c0df93b0c1f074a6d1c1b183a085f7972bc,1476,1476,0,0,0,11107.0,9549.5,0.0,2160.0,0.0,92.5,0,0,0,0,14666.875,14666.875,-4.888958333333337,7.525067750677507,15.0,1.0,0.0,0.0,0.0,0.059620596205962,0.0,2,7.689620758483034,914.6666666666666,1050.0,1,7,0,0,0,0,120,0.3817361670007813,9,fixed,,validation
920615316728116894,c82f895bbf10258b95cf3961c0eab7ad06b2280b436c6ceed6ec1fd7aa982c1f,1828,1828,0,0,0,13541.5,11783.0,23.5,2160.0,0.0,111.5,0,0,0,0,17690.5,17690.5,-5.896833333333334,7.407822757111598,15.0,1.0,0.0,0.0,0.0,0.0574398249452954,0.0,2,7.62200956937799,915.6666666666666,990.0,1,9,0,0,0,0,120,0.4623419189993001,10,fixed,,validation
11321464559684064666,be90d310432750e24095fd073bc6a8458a2f8ab11cffbf43c003e780758f29ce,1661,1661,0,0,0,12312.0,10836.0,0.0,2160.0,0.0,96.0,0,0,0,0,16197.0,16197.0,-5.399000000000001,7.412402167369055,15.0,1.0,0.0,0.0,0.0,0.0596026490066225,0.0,0,7.53072625698324,914.3333333333334,976.5,2,8,0,0,0,0,120,0.4179132869976456,11,fixed,,validation
298460692776493455,e19414457ecb537a940ab95a110698515ac6afe4873b4e91b94c5c295432533e,1787,1787,0,0,0,13371.5,11447.0,7.0,2160.0,0.0,176.0,0,0,0,0,17492.75,17492.75,-5.830916666666666,7.482652490207051,15.0,1.0,0.0,0.0,0.0,0.0581980973698936,0.0,1,7.606090373280943,915.0,976.5,1,8,0,0,0,0,120,0.4687243090011179,12,fixed,,validation
2008575011322856241,cbdb5e1a9996cdf0754660c2ec0c4d4490da9ca95a505544376a5b6c8f3c6154,1581,1581,0,0,0,11963.0,10218.5,0.0,2160.0,0.0,90.5,0,0,0,0,15688.125,15688.125,-5.2293750000000045,7.566729917773561,15.0,1.0,0.0,0.0,0.0,0.0556609740670461,0.0,0,7.700909090909091,915.0,992.9999999999998,1,9,0,0,0,0,120,0.405255035002483,13,fixed,,validation
3932571245898404159,6ff0c7509cf951b204fc93ac1971edbdd759cf6ee798b360d45a01d9caa62d2a,1680,1680,0,0,0,12355.5,10880.5,0.0,2160.0,0.0,105.0,0,0,0,0,16260.625,16260.625,-5.420208333333334,7.354464285714286,15.0,1.0,0.0,0.0,0.0,0.0511904761904761,0.0,0,7.479923518164436,914.0,976.5,2,7,0,0,0,0,120,0.4382739570028207,14,fixed,,validation
3197817061972406662,1cb07fe01bccd2d5240b283d98589fff0d44d711705f77dc9bbbdc31dca3c2ed,1656,1656,0,0,0,11886.0,10613.0,0.0,2160.0,0.0,81.0,0,0,0,0,15700.25,15700.25,-5.23341666666667,7.177536231884058,14.5,1.0,0.0,0.0,0.0,0.0398550724637681,0.0,1,7.311475409836065,914.0,960.0,1,7,0,0,0,0,120,0.4342387300021073,15,fixed,,validation
14402477689565047371,733237e3dfa38ae994576a9700f49042653fa2abb075bf4815b7e61f0dc711fe,1600,1600,0,0,0,11959.0,10269.0,0.0,2160.0,0.0,109.5,0,0,0,0,15715.75,15715.75,-5.238583333333335,7.474375,15.0,1.0,0.0,0.0,0.0,0.060625,0.0,2,7.67237687366167,915.6666666666666,960.0,2,10,0,0,0,0,120,0.42808619599964,16,fixed,,validation
2059559674407406622,d08cbb21c5679f497c2c8fc292fb8603b50d75f8016d624fd4779cb5e833e34e,1674,1674,0,0,0,12786.0,10896.5,0.0,2160.0,0.0,140.0,0,0,0,0,16730.125,16730.125,-5.576708333333337,7.637992831541219,15.0,1.0,0.0,0.0,0.0,0.0663082437275985,0.0,0,7.7555555555555555,913.6666666666666,960.0,1,9,0,0,0,0,120,0.4133962619998783,17,fixed,,validation
8414646920943542864,ae230ce8ccf805ea86bc35200928fe12dd4c23926150c64a75c6261b6e1eeca3,1665,1665,0,0,0,12122.0,10910.0,0.0,2160.0,0.0,95.0,0,0,0,0,16024.5,16024.5,-5.341500000000004,7.28048048048048,14.5,1.0,0.0,0.0,0.0,0.0438438438438438,0.0,0,7.36865671641791,914.3333333333334,976.5,1,7,0,0,0,0,120,0.4448263919985038,18,fixed,,validation
11536389792184891406,3f811324481fa6012191e7b359a910b929014a461b15a6ac2ee0b6eabe8b6b49,1707,1707,0,0,0,12382.0,10655.0,0.0,2160.0,0.0,88.5,0,0,0,0,16214.25,16214.25,-5.404750000000003,7.253661394258934,15.0,1.0,0.0,0.0,0.0,0.0533099004100761,0.0,1,7.465979381443299,913.3333333333334,930.0,3,7,0,0,0,0,120,0.4495229139974981,19,fixed,,validation
7101706718267303232,0ed07c990f1fe4d43a85d15e46d60a0fa1d41ec13983bb022960f79cb8b33297,1545,1545,0,0,0,11172.5,10195.0,0.0,2160.0,0.0,102.5,0,0,0,0,14903.75,14903.75,-4.967916666666667,7.231391585760518,15.0,1.0,0.0,0.0,0.0,0.0576051779935275,0.0,0,7.344793713163065,918.6666666666666,1006.5,1,15,0,0,0,0,120,0.3988107700024557,20,fixed,,validation
13748483928322268646,3d74079aea53f13338e081cbea23c9af98d4a005b099c3a7c06e04c84471d36a,1503,1503,0,0,0,11334.5,9704.5,0.0,2160.0,0.0,104.0,0,0,0,0,14944.625,14944.625,-4.981541666666669,7.541250831669993,15.0,1.0,0.0,0.0,0.0,0.0632069194943446,0.0,2,7.845841784989858,914.0,976.5,1,8,0,0,0,0,120,0.4046274309985165,21,fixed,,validation
6493343872504967042,f51e04de457608ef235af78d58b52e8ecc1dbfef731b92d9cc458461cbeca4dd,1574,1574,0,0,0,11917.0,9900.5,0.0,2160.0,0.0,153.0,0,0,0,0,15625.125,15625.125,-5.208375000000005,7.571156289707751,15.0,1.0,0.0,0.0,0.0,0.0616264294790343,0.0,1,7.881901840490798,915.3333333333334,946.5,1,11,0,0,0,0,120,0.4495432430012442,22,fixed,,validation
1807724498165244510,eefe2a7b412a363c16df4ce62b2dc20e57035d0caf0560309386a32c875ea479,1553,1553,0,0,0,11423.5,10170.0,0.0,2160.0,0.0,136.0,0,0,0,0,15182.0,15182.0,-5.060666666666668,7.355763039278815,15.5,1.0,0.0,0.0,0.0,0.0656793303283966,0.0,0,7.666037735849057,914.6666666666666,960.0,2,10,0,0,0,0,120,0.4056768779992126,23,fixed,,validation
14496686073476133525,dd288e2e0c9dd2f312ac3938c5aeba0b55aaf8dacd531876d0121dfbc04cc274,1624,1624,0,0,0,12088.5,10458.0,0.0,2160.0,0.0,87.5,0,0,0,0,15870.5,15870.5,-5.290166666666668,7.44365763546798,15.0,1.0,0.0,0.0,0.0,0.0511083743842364,0.0,2,7.555555555555555,913.3333333333334,930.0,2,11,0,0,0,0,120,0.4173601789989334,24,fixed,,validation
9025922740173681850,14d4586aeb4c5985b39c67a7bedca96cf4ad87156d1c99be684e6f7a38d9a2b2,1721,1721,0,0,0,12822.5,10900.0,0.0,2160.0,0.0,120.5,0,0,0,0,16748.0,16748.0,-5.582666666666667,7.4506101104009295,15.0,1.0,0.0,0.0,0.0,0.0563625798954096,0.0,0,7.486161251504212,914.6666666666666,960.0,2,8,0,0,0,0,120,0.4364463720012281,25,fixed,,validation
15838780127950940774,15a514845808a0c5463e4466b26358b15d70852383368a0db5f1c7dce26721f9,1467,1467,0,0,0,10823.0,9397.5,0.0,2160.0,0.0,73.0,0,0,0,0,14325.375,14325.375,-4.775124999999998,7.377641445126108,15.0,1.0,0.0,0.0,0.0,0.0511247443762781,0.0,0,7.406666666666666,915.3333333333334,1006.5,1,8,0,0,0,0,120,0.3938705319997098,26,fixed,,validation
12931138876971287635,f24f79b80e14c81582388609a83b09063e5ac427f9b2052bf234eec4d0ff9baf,1507,1507,0,0,0,11205.5,9705.5,0.0,2160.0,0.0,100.5,0,0,0,0,14812.375,14812.375,-4.937458333333332,7.435633709356337,15.0,1.0,0.0,0.0,0.0,0.0590577305905773,0.0,1,7.554989816700611,913.3333333333334,976.5,1,6,0,0,0,0,120,0.4044969059978029,27,fixed,,validation
442006588871635495,4bd95f8ab757c8ea401f93514548908918ffff2f5e272873bbdeb2dc74e9c35a,1707,1707,0,0,0,12397.0,11042.5,0.0,2160.0,0.0,119.0,0,0,0,0,16356.625,16356.625,-5.452208333333335,7.262448740480375,15.0,1.0,0.0,0.0,0.0,0.0550673696543643,0.0,2,7.520238095238096,915.3333333333334,976.5,0,9,0,0,0,0,120,0.4358507100005226,28,fixed,,validation
7659782847812233232,5113242d6923c51afdf3df8ce0f0e5fba1bd615f435e2b059b58510249128d30,1676,1676,0,0,0,12248.0,10534.5,0.0,2160.0,0.0,97.0,0,0,0,0,16058.625,16058.625,-5.352875000000003,7.307875894988067,15.0,1.0,0.0,0.0,0.0,0.055489260143198,0.0,0,7.471733668341709,914.3333333333334,976.5,1,10,0,0,0,0,120,0.4486176339996746,29,fixed,,validation
6841613443374289388,f56d1c6959415787bf86d2b15c4f7658af5b40f7305d36bd6829ba9d7eb18cd4,1886,1886,0,0,0,13754.5,12321.0,22.5,2160.0,0.0,117.5,0,0,0,0,18043.5,18043.5,-6.014500000000002,7.292948038176034,15.0,1.0,0.0,0.0,0.0,0.0546129374337221,0.0,0,7.381118881118881,914.6666666666666,976.5,1,11,0,0,0,0,120,0.4869850300019607,30,fixed,,validation
2473373350599339653,d85271739759099cd81077ab1faaf8fe662bd36e3d8ec4c9340b1cc536f92da4,1695,1695,0,0,0,12400.0,11042.0,0.0,2160.0,0.0,92.5,0,0,0,0,16333.0,16333.0,-5.444333333333335,7.315634218289086,14.5,1.0,0.0,0.0,0.0,0.0442477876106194,0.0,0,7.497287522603978,914.0,1006.5,1,8,0,0,0,0,120,0.4412817640004505,31,fixed,,validation
16399067810724367669,8687a60f8cb26f8112b54d312241c189a9596b7721cc619b1c120b4c19f62fa4,1604,1604,0,0,0,11712.5,10274.0,0.0,2160.0,0.0,112.5,0,0,0,0,15473.5,15473.5,-5.157833333333337,7.302057356608479,15.0,1.0,0.0,0.0,0.0,0.0542394014962593,0.0,1,7.457716701902749,915.0,1006.5,1,8,0,0,0,0,120,0.4148319560008531,32,fixed,,validation
8849976403847908673,520048ca97cfbfb2869acce67d169f39dcfbb70ef00dde2c79e8d1073fa191e3,1633,1633,0,0,0,12021.0,10709.0,0.0,2160.0,0.0,119.0,0,0,0,0,15897.25,15897.25,-5.299083333333336,7.361298224127373,15.0,1.0,0.0,0.0,0.0,0.0545009185548071,0.0,0,7.467576791808874,914.0,932.9999999999998,3,5,0,0,0,0,120,0.4074757039998076,33,fixed,,validation
5752326567894464541,2bb32f0642e2413fae2b0da736c470c9f1b1da00f688d5cd0ef73577cc78152c,1595,1595,0,0,0,11772.0,10109.0,0.0,2160.0,0.0,101.5,0,0,0,0,15480.75,15480.75,-5.16025,7.380564263322884,15.0,1.0,0.0,0.0,0.0,0.0570532915360501,0.0,0,7.479241877256317,914.0,990.0,0,9,0,0,0,0,120,0.4257350660009251,34,fixed,,validation
4753028982593379722,f63010faac448e947e6dc6b6aff5b692a828d51a282c21d7a59fe3b9da6bf898,1750,1750,0,0,0,13123.5,11215.0,9.0,2160.0,0.0,128.5,0,0,0,0,17140.25,17140.25,-5.713416666666668,7.499142857142857,15.0,1.0,0.0,0.0,0.0,0.056,0.0,2,7.572274881516588,914.6666666666666,960.0,2,8,0,0,0,0,120,0.4459617569991678,35,fixed,,validation
1953131648883091997,fc4177c21054eb02b31f9bae9aca03cb4725272c3f38ee6f02f41367b8b904cf,1565,1565,0,0,0,11858.0,10055.0,0.0,2160.0,0.0,125.5,0,0,0,0,15577.25,15577.25,-5.192416666666667,7.576996805111821,15.0,1.0,0.0,0.0,0.0,0.0664536741214057,0.0,0,7.855491329479769,915.0,960.0,2,11,0,0,0,0,120,0.4123268660005124,36,fixed,,validation
3735538421639015564,776748ddd118ca42fa1f2ce78a52a047b687f444276b33f8eca069d1f0513971,1738,1738,0,0,0,13479.5,11547.5,14.0,2160.0,0.0,132.0,0,0,0,0,17585.375,17585.375,-5.861791666666672,7.755753739930955,15.0,1.0,0.0,0.0,0.0,0.0701956271576524,0.0,1,7.954736842105263,915.0,976.5,2,7,0,0,0,0,120,0.4729798209991713,37,fixed,,validation
12974285521474756459,b1c1dc07ac8f13a6bb93210f7a6b65bed36a6d708e427af525c9e079975dee5d,1703,1703,0,0,0,12862.0,10946.5,0.0,2160.0,0.0,86.5,0,0,0,0,16765.125,16765.125,-5.5883750000000045,7.552554315913095,15.0,1.0,0.0,0.0,0.0,0.0616559013505578,0.0,1,7.620357634112792,916.0,992.9999999999998,2,12,0,0,0,0,120,0.4496321440019528,38,fixed,,validation
15923605305336745228,bf89ccc5e15fa5949164ef582a8285245b8d8aa8decf5349af0d661d8776f44b,1534,1534,0,0,0,11080.0,9604.0,0.0,2160.0,0.0,74.0,0,0,0,0,14635.0,14635.0,-4.8783333333333365,7.222946544980443,14.5,1.0,0.0,0.0,0.0,0.0482398956975228,0.0,1,7.403937007874016,913.6666666666666,960.0,1,12,0,0,0,0,120,0.4072113030015316,39,fixed,,validation
5391785825108490336,c72668e4f6649a70dd0220925e33a435cee1a25df2b3ab7a10fc9e6aaa6f7aa4,1757,1757,0,0,0,13154.0,11232.0,0.0,2160.0,0.0,111.5,0,0,0,0,17153.5,17153.5,-5.7178333333333375,7.486624928856004,15.0,1.0,0.0,0.0,0.0,0.0677290836653386,0.0,1,7.551633986928104,913.3333333333334,946.5,1,8,0,0,0,0,120,0.4491207110004325,40,fixed,,validation
9945022509052842089,5797572ea0e47cac91b9e784cf056b40a5ddb1d38f8fc02ee5db904457c0ab6f,1704,1704,0,0,0,12623.5,10980.0,0.0,2160.0,0.0,86.0,0,0,0,0,16534.5,16534.5,-5.511500000000004,7.408157276995305,14.924999999999956,1.0,0.0,0.0,0.0,0.0504694835680751,0.0,0,7.556985294117647,913.6666666666666,976.5,0,9,0,0,0,0,120,0.4434196939982939,41,fixed,,validation
5379672141699874778,d6d48e186b6515b2835726de03575c2573d867220548f0d57f0e47ae13720267,1655,1655,0,0,0,12281.5,10318.0,0.0,2160.0,0.0,97.5,0,0,0,0,16038.5,16038.5,-5.346166666666666,7.420845921450151,15.0,1.0,0.0,0.0,0.0,0.0525679758308157,0.0,0,7.57975986277873,914.0,930.0,3,8,0,0,0,0,120,0.4325914439978078,42,fixed,,validation
2792574491178042836,138f2b4b1062147da9edfd2b8ee3f5a297edab274d959100e3efe4b6c55fbd73,1478,1478,0,0,0,10797.0,9406.0,0.0,2160.0,0.0,70.5,0,0,0,0,14299.0,14299.0,-4.766333333333336,7.305142083897159,14.5,1.0,0.0,0.0,0.0,0.0487144790257104,0.0,0,7.553435114503816,914.0,976.5,0,10,0,0,0,0,120,0.4034380009979941,43,fixed,,validation
16295273536169609366,bc3a310d08f4ce4fa5d303e6de0dd0ccad6a7c53c4b6c787aa005241a4680e26,1728,1728,0,0,0,13047.0,11141.0,0.0,2160.0,0.0,138.0,0,0,0,0,17050.25,17050.25,-5.683416666666672,7.550347222222222,15.0,1.0,0.0,0.0,0.0,0.058449074074074,0.0,0,7.744208494208494,914.0,976.5,1,9,0,0,0,0,120,0.4402597570006037,44,fixed,,validation
11347235843420216387,0f3b6a72dc740340d0c84719de35833200f807cf146496f6ded6ba78fa3e88a3,1562,1562,0,0,0,11706.0,10098.0,0.0,2160.0,0.0,97.5,0,0,0,0,15408.0,15408.0,-5.136000000000002,7.494238156209987,15.0,1.0,0.0,0.0,0.0,0.058898847631242,0.0,2,7.77328431372549,914.0,990.0,0,11,0,0,0,0,120,0.415048853999906,45,fixed,,validation
7797958389276775086,56c8422be4fdf6a551e1b5dac9bb6db2afe94b618780716222b9e9352dcd76e1,1719,1719,0,0,0,13028.0,11033.5,19.5,2160.0,0.0,177.0,0,0,0,0,17053.125,17053.125,-5.684375000000003,7.5788248981966255,15.0,1.0,0.0,0.0,0.0,0.0657358929610238,0.0,1,7.777894736842105,915.0,962.9999999999998,2,8,0,0,0,0,120,0.4251957499982381,46,fixed,,validation
5728114968527056975,b7f8ec03014d68bb7760a5e4db42e9f07d6155141115377542d409c1155ab0e3,1724,1724,0,0,0,12313.0,11070.5,0.0,2160.0,0.0,90.0,0,0,0,0,16250.625,16250.625,-5.416875000000001,7.142111368909513,14.924999999999956,1.0,0.0,0.0,0.0,0.0504640371229698,0.0,0,7.237485448195576,914.3333333333334,960.0,0,12,0,0,0,0,120,0.4454213540011551,47,fixed,,validation
12779048670444388056,10a1b6974d54c9f329a42ffbc26ea20233d4d7049f7d7a47d02c2766e1bfd4e0,1685,1685,0,0,0,12410.5,10711.0,0.0,2160.0,0.0,121.0,0,0,0,0,16289.25,16289.25,-5.429750000000006,7.365281899109792,15.0,1.0,0.0,0.0,0.0,0.058753709198813,0.0,0,7.639973082099596,914.0,960.0,2,8,0,0,0,0,120,0.4337730469997041,48,fixed,,validation
7443001247269656638,1ce5460f14e928dc3f716c01b1e09f21d97d16a03df68d3af64aa912ba5c1db1,1831,1831,0,0,0,13669.5,11869.0,7.0,2160.0,0.0,112.5,0,0,0,0,17832.75,17832.75,-5.944249999999998,7.4655925723648275,15.0,1.0,0.0,0.0,0.0,0.0535226652102676,0.0,2,7.615654205607477,914.3333333333334,976.5,0,11,0,0,0,0,120,0.4788770819977799,49,fixed,,validation
15252049609767623705,0f6b032639fb639cec825881d9cdc786253708dfb7909eef4a37c3f914fe89b1,1758,1758,0,0,0,13132.5,11270.0,28.0,2160.0,0.0,94.0,0,0,0,0,17138.0,17138.0,-5.71266666666667,7.470136518771331,15.0,1.0,0.0,0.0,0.0,0.0517633674630261,0.0,2,7.527906976744186,915.6666666666666,1006.5,1,9,0,0,0,0,120,0.4632383999996818,50,fixed,,validation
11218840620931775516,7566a3a24bbb19689873437395c9c2cf52118a3b216ceba3a1bfd1a7332e210d,1515,1515,0,0,0,11331.5,9625.5,0.0,2160.0,0.0,106.5,0,0,0,0,14924.375,14924.375,-4.974791666666668,7.479537953795379,15.0,1.0,0.0,0.0,0.0,0.0613861386138613,0.0,1,7.569860279441118,915.0,992.9999999999998,2,9,0,0,0,0,120,0.3971481209991907,51,fixed,,validation
12776053817811108770,3f257f5915da9cede6412906290498157c457b9fc687d926276a2436322ef8ae,1713,1713,0,0,0,12650.0,10819.5,0.0,2160.0,0.0,115.0,0,0,0,0,16549.875,16549.875,-5.516625000000004,7.384705195563339,15.0,1.0,0.0,0.0,0.0,0.0548744892002335,0.0,0,7.408239700374532,914.3333333333334,992.9999999999998,1,9,0,0,0,0,120,0.4593684889987344,52,fixed,,validation
9406443979133441278,81bb454b89af18ebd94293320e2658af4ed400738ce1dbd926b9e9001d5ae728,1506,1506,0,0,0,11433.5,9489.5,0.0,2160.0,0.0,135.0,0,0,0,0,15020.875,15020.875,-5.006958333333335,7.591965471447543,15.0,1.0,0.0,0.0,0.0,0.0564409030544488,0.0,0,7.828767123287672,913.6666666666666,962.9999999999998,1,7,0,0,0,0,120,0.4012851420011429,53,fixed,,validation
4155266813093080314,2fffea7d912f3b1c67b727c236cdb8137400c93f718b2a3baf09c64f0e6c9059,1540,1540,0,0,0,11335.5,9758.0,0.0,2160.0,0.0,123.5,0,0,0,0,14978.5,14978.5,-4.992833333333336,7.360714285714286,15.0,1.0,0.0,0.0,0.0,0.0577922077922077,0.0,1,7.421810699588478,914.0,946.5,2,11,0,0,0,0,120,0.4061900340020656,54,fixed,,validation
7790826153805416586,07e30e9b9c1a339550ebe6f4f89c89dce7e96e6603153c83a2950f1038b78ae1,1665,1665,0,0,0,12385.5,10420.0,0.0,2160.0,0.0,127.5,0,0,0,0,16198.0,16198.0,-5.399333333333336,7.438738738738738,15.0,1.0,0.0,0.0,0.0,0.0636636636636636,0.0,0,7.614583333333333,914.6666666666666,960.0,2,10,0,0,0,0,120,0.4433727659998112,55,fixed,,validation
14169258007686049119,aea4226be00fb10c356ec02ce54fe3ec2a315875586915332a1f8946a28896a0,1521,1521,0,0,0,10853.0,9720.5,0.0,2160.0,0.0,87.0,0,0,0,0,14450.125,14450.125,-4.816708333333333,7.135437212360289,15.0,1.0,0.0,0.0,0.0,0.0558842866535174,0.0,2,7.273318872017353,913.6666666666666,946.5,2,7,0,0,0,0,120,0.4045793459990818,56,fixed,,validation
10465658921233839178,38ecad1d5e0176c552746fbae20323262b439609e08ab085ae4c0d1c0b97db77,1796,1796,0,0,0,13347.0,11818.5,0.0,2160.0,0.0,105.5,0,0,0,0,17487.125,17487.125,-5.829041666666667,7.4315144766147,15.0,1.0,0.0,0.0,0.0,0.0556792873051225,0.0,1,8.012448132780083,913.3333333333334,962.9999999999998,1,6,0,0,0,0,120,0.4541705979972903,57,fixed,,validation
5062259731771084839,ca8322ab25ba6b7083da9a5256f2a51ea90250473221579f86ee9d0a94e3c480,1661,1661,0,0,0,11976.5,10511.0,0.0,2160.0,0.0,100.0,0,0,0,0,15784.25,15784.25,-5.261416666666669,7.210415412402168,14.5,1.0,0.0,0.0,0.0,0.0463576158940397,0.0,2,7.606807511737089,914.0,962.9999999999998,2,7,0,0,0,0,120,0.4230907220007793,58,fixed,,validation
4282006796893477066,b3a581c18fa4c82b6403d221c597c42f7d2f6f64cb2b4079b345f99a60316784,1527,1527,0,0,0,11557.0,9917.5,0.0,2160.0,0.0,109.0,0,0,0,0,15225.375,15225.375,-5.075125000000004,7.568434839554682,15.0,1.0,0.0,0.0,0.0,0.0628683693516699,0.0,2,7.864044943820224,915.3333333333334,960.0,2,8,0,0,0,0,120,0.4233393219983554,59,fixed,,validation
13019904324637333104,5d659e81d42444d4018d888512d449ddebe1fa45bec8e4e84594bbde1f972666,1569,1569,0,0,0,11784.0,10170.0,0.0,2160.0,0.0,76.5,0,0,0,0,15483.0,15483.0,-5.161000000000002,7.510516252390057,15.0,1.0,0.0,0.0,0.0,0.0522625876354365,0.0,0,7.776672694394214,915.0,976.5,0,12,0,0,0,0,120,0.4112470779982686,60,fixed,,validation
8939849990919870178,0ac42c0df3917c80a40321ced518121927cdf1b7dd0a6a6a328efe3b2927a6e9,1705,1705,0,0,0,12530.5,10746.5,0.0,2160.0,0.0,89.0,0,0,0,0,16386.125,16386.125,-5.462041666666671,7.349266862170088,15.0,1.0,0.0,0.0,0.0,0.0551319648093841,0.0,1,7.393725992317542,914.0,976.5,1,7,0,0,0,0,120,0.4333965990008437,61,fixed,,validation
15604111264226146730,ca53aa595ea4c5f9e2460406987efaaceb01e1366ede7e1a8cce6dc065925ea6,1796,1796,0,0,0,13044.0,11515.5,0.0,2160.0,0.0,59.0,0,0,0,0,17061.875,17061.875,-5.687291666666668,7.262806236080178,14.5,1.0,0.0,0.0,0.0,0.0367483296213808,0.0,0,7.401015228426396,914.0,960.0,2,8,0,0,0,0,120,0.4685269949986832,62,fixed,,validation
2755479391618710981,e6124afe9100b4ee0c0a149cbefefa44f8b848888299b54cde857489cf928650,1608,1608,0,0,0,11923.0,10247.0,0.0,2160.0,0.0,117.5,0,0,0,0,15682.25,15682.25,-5.227416666666668,7.414800995024875,15.0,1.0,0.0,0.0,0.0,0.0634328358208955,0.0,2,7.648514851485149,914.6666666666666,1039.4999999999998,0,7,0,0,0,0,120,0.439351388002251,63,fixed,,validation
4141821708171898194,722cd186734c874e3b4051541946a2b1f372288cc5ec4e13a6d64352d79098f7,1627,1627,0,0,0,12073.5,10520.0,0.0,2160.0,0.0,119.0,0,0,0,0,15902.5,15902.5,-5.300833333333334,7.420712968653964,15.0,1.0,0.0,0.0,0.0,0.0590043023970497,0.0,0,7.658304498269896,914.0,960.0,1,9,0,0,0,0,120,0.4210642799989728,64,fixed,,validation
12982646719149841346,245eb7d15b15ae480fdb77144a2a1f8e8dc170749294bda5b5a2496f5c433c41,1704,1704,0,0,0,12441.0,10797.5,0.0,2160.0,0.0,59.5,0,0,0,0,16279.875,16279.875,-5.426625000000005,7.301056338028169,14.5,1.0,0.0,0.0,0.0,0.0352112676056338,0.0,0,7.375481386392812,915.3333333333334,976.5,2,10,0,0,0,0,120,0.4310636020018137,65,fixed,,validation
7869340137858917758,a7b0f38e6e95ac0472801ff23f74a3490a68c53f61534bbd32d9439710b9b04a,1520,1520,0,0,0,11221.0,9576.5,0.0,2160.0,0.0,64.5,0,0,0,0,14759.625,14759.625,-4.919875000000002,7.382236842105263,14.5,1.0,0.0,0.0,0.0,0.0486842105263157,0.0,2,7.528571428571428,914.6666666666666,979.4999999999998,1,11,0,0,0,0,120,0.3918981800015899,66,fixed,,validation
11426800540374387104,77929f56f1f1fedeaffa5320b7723300ebcf158e42beebfc63828a8e350546e6,1523,1523,0,0,0,11612.0,9606.5,0.0,2160.0,0.0,124.5,0,0,0,0,15218.125,15218.125,-5.072708333333334,7.624425476034143,15.0,1.0,0.0,0.0,0.0,0.0610636900853578,0.0,1,7.651385927505331,913.3333333333334,946.5,1,9,0,0,0,0,120,0.4055697340008919,67,fixed,,validation
7543729579393579090,75cf1ff10400e22f65a20fb0614a1acad1804cc7fe4f56e1b461d893cbc45efe,1605,1605,0,0,0,11792.5,10350.5,0.0,2160.0,0.0,82.0,0,0,0,0,15542.125,15542.125,-5.180708333333335,7.3473520249221185,14.5,1.0,0.0,0.0,0.0,0.0429906542056074,0.0,0,7.526923076923077,914.6666666666666,992.9999999999998,0,11,0,0,0,0,120,0.4258204190009564,68,fixed,,validation
16138414015037925670,83611110156887b08a943cf1a0fe606b0ea30f9145e46f19c5e923972c31307a,1786,1786,0,0,0,13004.0,11641.0,0.0,2160.0,0.0,130.0,0,0,0,0,17124.25,17124.25,-5.708083333333337,7.281075027995521,15.0,1.0,0.0,0.0,0.0,0.0520716685330347,0.0,2,7.623006833712984,916.0,976.5,2,10,0,0,0,0,120,0.456317197997123,69,fixed,,validation
5761313295543618136,4c84ade0dd77ae5f03540ee94a56d28215f74777a0ffedd9b90c6ce3e55c57bd,1636,1636,0,0,0,12102.0,10258.5,0.0,2160.0,0.0,195.0,0,0,0,0,15941.625,15941.625,-5.313875000000002,7.397310513447433,15.0,1.0,0.0,0.0,0.0,0.0592909535452322,0.0,0,7.480769230769231,917.0,976.5,3,8,0,0,0,0,120,0.4221188340015942,70,fixed,,validation
17034738449644398793,ce26428241cc88b8dc2825af692b5b1929202275cdd1f997be19870f93e23cb3,1682,1682,0,0,0,12393.0,10894.5,27.0,2160.0,0.0,64.0,0,0,0,0,16274.125,16274.125,-5.424708333333335,7.3680142687277055,15.0,1.0,0.0,0.0,0.0,0.0511296076099881,0.0,1,7.608216432865731,914.0,930.0,1,9,0,0,0,0,120,0.4342055750021245,71,fixed,,validation
10338590401481307651,800b2c72bbd4d89057d6105b17eb504035031a85b4498badd71c708420737823,1883,1883,0,0,0,13948.0,12009.0,22.5,2160.0,0.0,95.5,0,0,0,0,18137.0,18137.0,-6.04566666666667,7.407328730748805,14.5,1.0,0.0,0.0,0.0,0.0499203398831651,0.0,1,7.642712550607287,914.0,930.0,2,7,0,0,0,0,120,0.4694833670000662,72,fixed,,validation
15176038565710641044,864648d09e5a21c248d874f819280115a051ade38021ff61fb52bf363bff4c60,1634,1634,0,0,0,12189.0,10520.5,0.0,2160.0,0.0,92.0,0,0,0,0,15991.125,15991.125,-5.330375000000006,7.459608323133415,15.0,1.0,0.0,0.0,0.0,0.0520195838433292,0.0,0,7.787272727272727,915.6666666666666,1020.0,1,9,0,0,0,0,120,0.4387958430015715,73,fixed,,validation
13324970145863014866,6eac205377bbfd25965aba7a6390cfa88f0079d1b6dc7f1a1a86846b43193a8f,1579,1579,0,0,0,11656.0,10091.5,0.0,2160.0,0.0,79.0,0,0,0,0,15337.875,15337.875,-5.112625000000002,7.381887270424319,14.5,1.0,0.0,0.0,0.0,0.0474984167194426,0.0,0,7.608465608465608,914.0,946.5,2,8,0,0,0,0,120,0.4142705890008074,74,fixed,,validation
2155511307105775750,ad76fc17007a3d292edeae5b5198cbb050d224def708aac090097ccb2565de02,1550,1550,0,0,0,11514.5,9842.5,0.0,2160.0,0.0,119.0,0,0,0,0,15174.125,15174.125,-5.05804166666667,7.428709677419355,15.0,1.0,0.0,0.0,0.0,0.0574193548387096,0.0,2,7.538461538461538,914.6666666666666,930.0,2,8,0,0,0,0,120,0.4163588600022194,75,fixed,,validation
6361160522429770574,43bc92d042fa7112da7f8e570c8a0af9fa0b7c0daa7e275f3883fabb65fcb133,1588,1588,0,0,0,11742.0,10241.0,0.0,2160.0,0.0,85.0,0,0,0,0,15467.25,15467.25,-5.155750000000004,7.394206549118388,15.0,1.0,0.0,0.0,0.0,0.052896725440806,0.0,1,7.63370786516854,915.3333333333334,1022.9999999999998,1,10,0,0,0,0,120,0.4116373399992881,76,fixed,,validation
17507991780947498769,7d59c4fdcd20fb1d6b08d1e01488f38e890fa11af9c155930a254df18abc93f3,1564,1564,0,0,0,11579.0,9796.5,0.0,2160.0,0.0,89.5,0,0,0,0,15197.625,15197.625,-5.065875000000004,7.403452685421995,15.0,1.0,0.0,0.0,0.0,0.0517902813299232,0.0,0,7.674199623352166,914.6666666666666,962.9999999999998,1,8,0,0,0,0,120,0.4143063360024825,77,fixed,,validation
10540399830828335095,f64021f325675710021876e10ca8b13b0fb6ed79b57f490a3f95084718a530e1,1569,1569,0,0,0,11731.5,10316.0,0.0,2160.0,0.0,122.5,0,0,0,0,15513.0,15513.0,-5.171000000000001,7.477055449330784,15.0,1.0,0.0,0.0,0.0,0.0509878903760356,0.0,1,7.554421768707483,915.0,930.0,3,6,0,0,0,0,120,0.4170533100004832,78,fixed,,validation
9107172678426733304,447c272fa55202eda27023318b12a64cf7cda5b3c889e5a4c969c4debea82b47,1848,1848,0,0,0,13963.0,12009.0,20.0,2160.0,0.0,150.5,0,0,0,0,18205.75,18205.75,-6.068583333333335,7.55573593073593,15.0,1.0,0.0,0.0,0.0,0.0524891774891774,0.0,0,7.688679245283019,915.3333333333334,960.0,3,9,0,0,0,0,120,0.4700948890022118,79,fixed,,validation
15056492947613432272,6a45dc5bb47e0933259ed385b7b7dc363bd98e7a13348cc598531200c3b483be,1770,1770,0,0,0,12901.0,11171.5,0.0,2160.0,0.0,139.5,0,0,0,0,16913.375,16913.375,-5.63779166666667,7.288700564971752,15.0,1.0,0.0,0.0,0.0,0.051412429378531,0.0,2,7.328431372549019,915.3333333333334,916.5,3,5,0,0,0,0,120,0.4513548109971452,80,fixed,,validation
5321070914716033523,f16e0120395b3cc023dab3f15d9204d476b7f4d9237c3a38c4f49a3d993b3603,1538,1538,0,0,0,11731.0,9809.0,0.0,2160.0,0.0,90.5,0,0,0,0,15353.75,15353.75,-5.117916666666668,7.627438231469441,14.574999999999932,1.0,0.0,0.0,0.0,0.0500650195058517,0.0,1,7.717021276595744,915.0,976.5,2,9,0,0,0,0,120,0.4014786030020332,81,fixed,,validation
7370292257203021530,14eb47ec8e963e5fc40970fc5344d37082857229241228927d77aecfc09feeb1,1600,1600,0,0,0,12239.0,10113.5,0.0,2160.0,0.0,124.0,0,0,0,0,15971.375,15971.375,-5.3237916666666685,7.649375,15.0,1.0,0.0,0.0,0.0,0.054375,0.0,2,7.845360824742268,914.0,930.0,2,10,0,0,0,0,120,0.4267511929974716,82,fixed,,validation
4203700561093472151,2e2161057c049d2969e01f20249459b9d76b376d8bea231d59bb5fbc3785f210,1603,1603,0,0,0,11634.5,10255.5,0.0,2160.0,0.0,102.5,0,0,0,0,15380.875,15380.875,-5.126958333333335,7.257953836556457,15.0,1.0,0.0,0.0,0.0,0.0580162195882719,0.0,0,7.489164086687307,916.3333333333334,1052.9999999999998,1,7,0,0,0,0,120,0.4244616980031424,83,fixed,,validation
15468677604900636542,a8c4c2c3d1281fc400aab1d56578ad0d8309dd635532c46d3b7c8a188dad2cdb,1655,1655,0,0,0,12202.0,11170.0,10.5,2160.0,0.0,89.0,0,0,0,0,16168.75,16168.75,-5.389583333333336,7.372809667673716,15.0,1.0,0.0,0.0,0.0,0.0531722054380664,0.0,2,7.503694581280788,914.0,990.0,1,8,0,0,0,0,120,0.4255334620029316,84,fixed,,validation
13724838781584715725,f9fffe5d3c9abbf7053345a1274c7d178cda5b89f4f535e1dc647fe45da3dd5e,1579,1579,0,0,0,11520.0,9866.5,0.0,2160.0,0.0,116.0,0,0,0,0,15182.625,15182.625,-5.060875000000003,7.295756808106397,15.0,1.0,0.0,0.0,0.0,0.0569981000633312,0.0,2,7.525065963060686,914.6666666666666,976.5,2,7,0,0,0,0,120,0.4224422039987985,85,fixed,,validation
11230441635210678958,b25e5621df47c7150417ee2d31a3d6b7a6a99fbe52e9e5d1fc7f9e926669b3ce,1848,1848,0,0,0,13556.0,11514.0,4.5,2160.0,0.0,131.5,0,0,0,0,17648.25,17648.25,-5.882750000000001,7.3354978354978355,14.5,1.0,0.0,0.0,0.0,0.0465367965367965,0.0,1,7.607505070993914,914.0,946.5,2,10,0,0,0,0,120,0.4629861350003921,86,fixed,,validation
16701087225863400566,97c0a3b195696a4b94e648459da35bf15a954c1d8c6372e3bdee6b2864eedb5f,1750,1750,0,0,0,13194.5,11249.5,0.0,2160.0,0.0,82.0,0,0,0,0,17168.875,17168.875,-5.722958333333336,7.539714285714286,15.0,1.0,0.0,0.0,0.0,0.0588571428571428,0.0,0,7.67326139088729,914.6666666666666,1006.5,0,11,0,0,0,0,120,0.4539102660019125,87,fixed,,validation
12852035715184500416,5112a6f5677b427bf7089e6361d77790b8eeb4c1ad97a5d2ef0017577aa3d09a,1764,1764,0,0,0,13244.5,11038.5,0.0,2160.0,0.0,150.0,0,0,0,0,17234.125,17234.125,-5.744708333333335,7.508219954648526,15.0,1.0,0.0,0.0,0.0,0.0521541950113378,0.0,0,7.568801897983392,914.3333333333334,900.0,3,4,0,0,0,0,120,0.4520365490025142,88,fixed,,validation
10941241360205269915,dc0d7f067fa2a4356bd73ddb0f919b1fa7a1ab50f64a564f4168dc56009a798c,1732,1732,0,0,0,12924.0,11240.0,0.0,2160.0,0.0,112.0,0,0,0,0,16926.0,16926.0,-5.642000000000002,7.46189376443418,15.0,1.0,0.0,0.0,0.0,0.0513856812933025,0.0,0,7.515451174289246,914.3333333333334,962.9999999999998,2,6,0,0,0,0,120,0.4473654210014501,89,fixed,,validation
11860815478016548678,bbb1b79d9e02a213123d29a958dda222fe23ae901acb4c6a23fd9dbe6d445de9,1499,1499,0,0,0,10975.5,9566.0,0.0,2160.0,0.0,64.5,0,0,0,0,14511.5,14511.5,-4.837166666666668,7.321881254169447,14.5,1.0,0.0,0.0,0.0,0.0466977985323549,0.0,0,7.411380597014926,913.6666666666666,960.0,1,7,0,0,0,0,120,0.4150468039988482,90,fixed,,validation
10952941727011230459,97c197836eb10f160252c3901461e91e015500fca2e4442831e4871c93170183,1610,1610,0,0,0,12058.5,10583.0,0.0,2160.0,0.0,144.5,0,0,0,0,15928.75,15928.75,-5.309583333333337,7.489751552795031,15.0,1.0,0.0,0.0,0.0,0.0602484472049689,0.0,0,7.761029411764706,914.0,946.5,2,8,0,0,0,0,120,0.4180707119994622,91,fixed,,validation
5144651067799883036,3a1de6f8cf732b602ca063ffd6ac29e1d2d1e8ebe71823d12e6ca92a4e9ebd1d,1661,1661,0,0,0,12517.0,10120.5,0.0,2160.0,0.0,125.5,0,0,0,0,16252.625,16252.625,-5.417541666666669,7.53582179409994,15.0,1.0,0.0,0.0,0.0,0.0674292594822396,0.0,1,7.724431818181818,913.3333333333334,960.0,2,8,0,0,0,0,120,0.4258075100005953,92,fixed,,validation
1023563095068082415,5b71a2db29553606c03d4116176f552b9cea6355f352f5bfc5b3d3e3befad780,1664,1664,0,0,0,12187.0,10610.0,0.0,2160.0,0.0,114.5,0,0,0,0,16034.0,16034.0,-5.344666666666668,7.323918269230769,15.0,1.0,0.0,0.0,0.0,0.0534855769230769,0.0,2,7.44811320754717,915.0,962.9999999999998,3,9,0,0,0,0,120,0.4386289689973637,93,fixed,,validation
12788944698657293287,30910961062689856be837aa18e22180f8370754893a6dce4ca5b28234671537,1673,1673,0,0,0,11933.0,10779.0,0.0,2160.0,0.0,96.0,0,0,0,0,15803.75,15803.75,-5.267916666666669,7.132695756126719,14.5,1.0,0.0,0.0,0.0,0.0466228332337118,0.0,1,7.328402366863905,915.3333333333334,990.0,1,14,0,0,0,0,120,0.445223276001343,94,fixed,,validation
4472948730899397729,a210cc8292cde32724b5783c531120f31b9c9052aa9c9c441834c61b5e35f058,1680,1680,0,0,0,12505.5,10730.5,0.0,2160.0,0.0,115.0,0,0,0,0,16383.125,16383.125,-5.46104166666667,7.44375,15.0,1.0,0.0,0.0,0.0,0.0607142857142857,0.0,0,7.558928571428571,915.0,976.5,2,8,0,0,0,0,120,0.4232100549997994,95,fixed,,validation
14095830889516912706,8ca1ea0a14f818fe7985aa378ef90111ef7e111a1defb5968a2069f64146d75e,1622,1622,0,0,0,12027.0,10560.5,0.0,2160.0,0.0,117.5,0,0,0,0,15864.625,15864.625,-5.2882083333333325,7.414919852034525,15.0,1.0,0.0,0.0,0.0,0.0561035758323057,0.0,0,7.651401869158878,915.6666666666666,976.5,1,7,0,0,0,0,120,0.4262106950009183,96,fixed,,validation
3861052387086055358,534ab54c0d1f943977fa514863ee8559d2c8b13ffabb91925698168415ba7a1b,1731,1731,0,0,0,12875.5,11069.0,0.0,2160.0,0.0,124.5,0,0,0,0,16847.25,16847.25,-5.61575,7.438186019641826,15.0,1.0,0.0,0.0,0.0,0.0583477758521086,0.0,2,7.539375928677563,916.0,992.9999999999998,1,11,0,0,0,0,120,0.4522748329982278,97,fixed,,validation
4233854033046791768,58319bd2b4b5a099b82759fe3b9e74ae5580d24d3a9c309475a256c7c7705b44,1518,1518,0,0,0,11029.0,9541.5,0.0,2160.0,0.0,42.5,0,0,0,0,14536.875,14536.875,-4.845625000000001,7.265480895915679,14.5,1.0,0.0,0.0,0.0,0.0461133069828722,0.0,0,7.308702791461412,913.6666666666666,990.0,0,11,0,0,0,0,120,0.3936632929980987,98,fixed,,validation
10087018787533777920,a7d6f23156d7f1e558b3afc6b549bc7b25ba8d8db4ec91b8bb547cf86e66f8b2,1623,1623,0,0,0,12178.0,10448.0,0.0,2160.0,0.0,102.0,0,0,0,0,15972.0,15972.0,-5.3240000000000025,7.503388786198398,15.0,1.0,0.0,0.0,0.0,0.0542205791743684,0.0,2,7.81219512195122,914.6666666666666,960.0,2,9,0,0,0,0,120,0.4238930149986117,99,fixed,,validation
5282083492694460744,3b893d8be6e36027c3c2e9fedd580e03f13533e618d7e030503588a9309f2ff0,1543,1543,0,0,0,11356.0,10116.0,0.0,2558.0,42.0,168.0,0,0,7,0,15367.0,15367.0,-5.122333333333327,7.359688917692806,15.5,1.0,0.0,0.0,0.0,0.0784186649384316,0.0,2,7.658212560386473,899.6739130434783,1147.5000000000005,5,12,4,0,0,3,120,0.5804231429974607,0,threshold,,validation
12630244631299959936,88246c3f427aaeaf316f84c2a90b5f932abc0a9a02505ce5bc52a03e4de34002,1730,1727,0,3,0,11275.0,11567.0,0.0,2734.0,36.0,184.5,0,0,6,3,15928.25,15928.25,-5.309416666666663,6.517341040462428,15.0,0.9982658959537573,0.0,0.0017341040462427,0.0,0.0554913294797687,0.0,1,7.320430107526882,807.6699029126214,956.9999999999998,3,10,4,0,0,2,120,0.6220379090009374,1,threshold,,validation
12537705375046560123,1476df97a34331df4bae5cad401615a3552dc4b2bbcc43f1f418bea40012ea9e,1670,1644,0,26,0,11393.0,14056.0,0.0,2744.0,30.0,128.0,0,0,5,26,17992.0,17992.0,-5.997333333333341,6.822155688622755,15.0,0.9844311377245508,0.0,0.0155688622754491,0.0,0.0592814371257485,0.0,1,7.228699551569507,898.0645161290323,1061.9999999999984,0,10,4,0,0,1,120,0.6342372239996621,2,threshold,,validation
8017264886117857441,479d7872954419041b22d7b87d13ad478c70874fa01663f015c7a00aa937d1c1,1600,1583,0,17,0,12048.0,11533.5,0.0,2570.0,36.0,190.5,0,0,6,17,17456.875,17456.875,-5.818958333333335,7.53,15.5,0.989375,0.0,0.010625,0.0,0.071875,0.0,0,7.602430555555555,899.6739130434783,1170.0,1,12,4,0,0,2,120,0.570169613998587,3,threshold,,validation
4252601616460073164,aa9236ebc1e65c718bfcf0b9dda018cf9f47b56c9ba26f965dcd812ef3662146,1576,1576,0,0,0,10809.0,10722.0,0.0,2664.0,42.0,172.5,0,0,7,0,15029.0,15029.0,-5.009666666666665,6.858502538071066,15.0,1.0,0.0,0.0,0.0,0.0590101522842639,0.0,2,7.309151785714286,841.530612244898,1042.4999999999986,4,7,4,0,0,3,120,0.5668257489996904,4,threshold,,validation
2958651649459243790,7d8f74169092eb37cf8c88ee7cb7c113aa7a242b967cc88129df48261bd8c878,1716,1713,0,3,0,11826.0,11555.0,0.0,2764.0,42.0,198.5,0,0,7,3,16510.25,16510.25,-5.5034166666666655,6.891608391608392,15.0,0.9982517482517482,0.0,0.0017482517482517,0.0,0.0576923076923076,0.0,2,7.6945701357466065,823.960396039604,1050.0,4,10,4,0,0,3,120,0.6117458439985057,5,threshold,,validation
9657905459531052521,08afe511cd73faad07e38a22cdb726dd0b4c55ef04330dc3bea256de183a5b9e,1587,1585,0,2,0,12033.5,10489.5,0.0,2480.0,42.0,293.0,0,0,7,2,16343.875,16343.875,-5.44795833333333,7.582545683679899,16.0,0.9987397605545052,0.0,0.0012602394454946,0.0,0.0718336483931947,0.0,0,8.650557620817844,902.9347826086956,1213.5,5,13,4,0,0,3,120,0.5839305350018549,6,threshold,,validation
17301846599839105071,4b3cfc16c8bd4e2b1b47a68e25e1253eb3da763e7e2e4f6f0adbe6cca6e76cc0,1555,1555,0,0,0,11188.0,10475.5,0.0,2316.0,22.0,140.5,0,0,4,0,15124.375,15124.375,-5.041458333333324,7.194855305466238,15.0,1.0,0.0,0.0,0.0,0.0591639871382636,0.0,0,7.820772058823529,921.3333333333334,1200.0,3,15,2,0,0,2,120,0.5105064139970636,7,threshold,,validation
17024907191944371643,71a8a2eb4c54123a35e28b67e3cd998f6c93f0e407b0d2b61a96cf3eb4ff852e,1581,1581,0,0,0,13112.0,9825.0,0.0,1926.0,6.0,529.0,0,0,1,0,17065.25,17065.25,-5.688416666666661,8.29348513598988,17.5,1.0,0.0,0.0,0.0,0.1170145477545857,0.0,0,10.448,992.560975609756,1407.0000000000002,11,28,0,0,0,1,120,0.4052842809978756,8,threshold,,validation
10032749771936246705,bc3d73d8cd74f3a824802ee494973c0df93b0c1f074a6d1c1b183a085f7972bc,1476,1476,0,0,0,11238.0,9759.5,0.0,2340.0,18.0,206.0,0,0,3,0,15068.875,15068.875,-5.022958333333328,7.6138211382113825,15.5,1.0,0.0,0.0,0.0,0.0738482384823848,0.0,2,7.689620758483034,917.1428571428572,1095.0,3,7,2,0,0,1,120,0.4680624920001719,9,threshold,,validation
920615316728116894,c82f895bbf10258b95cf3961c0eab7ad06b2280b436c6ceed6ec1fd7aa982c1f,1828,1824,0,4,0,12551.0,12116.5,25.5,2720.0,36.0,225.0,0,0,6,4,17447.875,17447.875,-5.815958333333335,6.865973741794311,15.5,0.9978118161925602,0.0,0.0021881838074398,0.0,0.0672866520787746,0.0,2,7.62200956937799,812.6732673267327,1140.0,3,12,4,0,0,2,120,0.6301008070004173,10,threshold,,validation
11321464559684064666,be90d310432750e24095fd073bc6a8458a2f8ab11cffbf43c003e780758f29ce,1661,1657,0,4,0,11785.5,11369.5,0.0,2540.0,36.0,203.5,0,0,6,4,16371.375,16371.375,-5.457125000000001,7.0954244431065625,15.5,0.9975918121613486,0.0,0.0024081878386514,0.0,0.0722456351595424,0.0,2,7.487804878048781,862.8125,1117.5,4,10,4,0,0,2,120,0.5474050919983711,11,threshold,,validation
298460692776493455,e19414457ecb537a940ab95a110698515ac6afe4873b4e91b94c5c295432533e,1787,1786,0,1,0,12360.0,11568.0,22.0,2818.0,30.0,200.0,0,0,5,1,16957.0,16957.0,-5.652333333333326,6.916620033575826,15.0,0.9994404029099048,0.0,0.0005595970900951,0.0,0.0576385002797985,0.0,1,7.606090373280943,783.1132075471698,982.5,1,11,4,0,0,1,120,0.6438121960018179,12,threshold,,validation
2008575011322856241,cbdb5e1a9996cdf0754660c2ec0c4d4490da9ca95a505544376a5b6c8f3c6154,1581,1581,0,0,0,12815.5,10732.5,0.0,2410.0,36.0,395.0,0,0,6,0,17128.625,17128.625,-5.709541666666667,8.10594560404807,16.5,1.0,0.0,0.0,0.0,0.1182795698924731,0.0,0,9.549090909090909,927.0,1260.0,7,19,4,0,0,2,120,0.5343455889997131,13,threshold,,validation
3932571245898404159,6ff0c7509cf951b204fc93ac1971edbdd759cf6ee798b360d45a01d9caa62d2a,1680,1666,0,14,0,11821.5,12963.5,0.0,2668.0,36.0,139.0,0,0,6,14,17405.375,17405.375,-5.801791666666673,7.036607142857143,15.0,0.9916666666666668,0.0,0.0083333333333333,0.0,0.0577380952380952,0.0,0,7.94359464627151,904.5652173913044,1074.0000000000005,2,8,4,0,0,2,120,0.6435820180013252,14,threshold,,validation
3197817061972406662,1cb07fe01bccd2d5240b283d98589fff0d44d711705f77dc9bbbdc31dca3c2ed,1656,1656,0,0,0,12121.0,11912.0,0.0,2566.0,46.0,189.0,0,0,8,0,16610.0,16610.0,-5.536666666666666,7.319444444444445,15.0,1.0,0.0,0.0,0.0,0.0597826086956521,0.0,0,8.247292418772563,903.9130434782608,1123.5,3,10,4,0,0,4,120,0.5913893049983017,15,threshold,,validation
14402477689565047371,733237e3dfa38ae994576a9700f49042653fa2abb075bf4815b7e61f0dc711fe,1600,1600,0,0,0,11748.0,10500.5,0.0,2564.0,42.0,178.0,0,0,7,0,15868.125,15868.125,-5.2893749999999935,7.3425,15.0,1.0,0.0,0.0,0.0,0.0625,0.0,0,7.67513611615245,892.5806451612904,1211.9999999999998,5,10,4,0,0,3,120,0.5769256919993495,16,threshold,,validation
2059559674407406622,d08cbb21c5679f497c2c8fc292fb8603b50d75f8016d624fd4779cb5e833e34e,1674,1670,0,4,0,11982.5,11645.5,0.0,2542.0,36.0,197.5,0,0,6,4,16632.375,16632.375,-5.544125,7.158004778972521,15.5,0.997610513739546,0.0,0.002389486260454,0.0,0.078853046594982,0.0,2,7.55125284738041,868.421052631579,1089.0,2,8,4,0,0,2,120,0.5463986690010643,17,threshold,,validation
8414646920943542864,ae230ce8ccf805ea86bc35200928fe12dd4c23926150c64a75c6261b6e1eeca3,1665,1665,0,0,0,11642.0,12649.5,0.0,2678.0,42.0,161.5,0,0,7,0,16339.875,16339.875,-5.446624999999994,6.992192192192192,14.899999999999975,1.0,0.0,0.0,0.0,0.0504504504504504,0.0,1,7.256457564575646,893.8709677419355,1043.9999999999982,1,7,4,0,0,3,120,0.6332061930006603,18,threshold,,validation
11536389792184891406,3f811324481fa6012191e7b359a910b929014a461b15a6ac2ee0b6eabe8b6b49,1707,1707,0,0,0,13200.5,10635.0,0.0,2278.0,36.0,272.5,0,0,6,0,17300.75,17300.75,-5.766916666666664,7.733157586408905,16.0,1.0,0.0,0.0,0.0,0.0896309314586994,0.0,0,8.56,919.3333333333334,1216.5,5,18,3,0,0,3,120,0.5216406979998283,19,threshold,,validation
7101706718267303232,0ed07c990f1fe4d43a85d15e46d60a0fa1d41ec13983bb022960f79cb8b33297,1545,1545,0,0,0,11596.0,10134.0,0.0,2138.0,12.0,144.5,0,0,2,0,15353.0,15353.0,-5.117666666666668,7.5055016181229774,15.5,1.0,0.0,0.0,0.0,0.0692556634304207,0.0,0,8.17681728880157,922.6666666666666,1050.0,1,15,1,0,0,1,120,0.4143683439979213,20,threshold,,validation
13748483928322268646,3d74079aea53f13338e081cbea23c9af98d4a005b099c3a7c06e04c84471d36a,1503,1503,0,0,0,12606.0,9449.5,0.0,1926.0,6.0,430.5,0,0,1,0,16366.875,16366.875,-5.455624999999997,8.387225548902196,17.5,1.0,0.0,0.0,0.0,0.12375249500998,0.0,0,9.793478260869565,994.7560975609756,1320.0,11,26,0,0,0,1,120,0.3865296669973759,21,threshold,,validation
6493343872504967042,f51e04de457608ef235af78d58b52e8ecc1dbfef731b92d9cc458461cbeca4dd,1574,1543,0,31,0,11551.5,14259.5,35.5,2638.0,36.0,234.0,0,0,6,31,18577.125,18577.125,-6.192375000000006,7.338945362134688,15.5,0.9803049555273188,0.0,0.019695044472681,0.0,0.073697585768742,0.0,0,7.73156899810964,905.5434782608696,1183.5,3,17,4,0,0,2,120,0.6127093629984302,22,threshold,,validation
1807724498165244510,eefe2a7b412a363c16df4ce62b2dc20e57035d0caf0560309386a32c875ea479,1553,1533,0,20,0,11467.5,12341.5,0.0,2414.0,30.0,170.5,0,0,5,20,17155.375,17155.375,-5.7184583333333325,7.384095299420476,15.5,0.9871216999356084,0.0,0.0128783000643915,0.0,0.0766258853831294,0.0,0,8.090566037735849,912.8571428571428,1140.0,4,15,3,0,0,2,120,0.5137317410008109,23,threshold,,validation
14496686073476133525,dd288e2e0c9dd2f312ac3938c5aeba0b55aaf8dacd531876d0121dfbc04cc274,1624,1623,0,1,0,11629.0,10507.0,0.0,2580.0,36.0,192.0,0,0,6,1,15827.75,15827.75,-5.275916666666672,7.160714285714286,15.0,0.999384236453202,0.0,0.000615763546798,0.0,0.0658866995073891,0.0,2,7.555555555555555,842.1212121212121,1172.9999999999998,3,14,4,0,0,2,120,0.548266636000335,24,threshold,,validation
9025922740173681850,14d4586aeb4c5985b39c67a7bedca96cf4ad87156d1c99be684e6f7a38d9a2b2,1721,1720,0,1,0,11291.0,11397.0,0.0,2672.0,42.0,111.5,0,0,7,1,15682.75,15682.75,-5.227583333333331,6.560720511330622,14.5,0.999418942475305,0.0,0.0005810575246949,0.0,0.0441603718768158,0.0,1,7.420212765957447,840.0,962.9999999999998,2,9,4,0,0,3,120,0.5757522109997808,25,threshold,,validation
15838780127950940774,15a514845808a0c5463e4466b26358b15d70852383368a0db5f1c7dce26721f9,1467,1467,0,0,0,11629.0,9233.0,0.0,2044.0,12.0,283.5,0,0,2,0,15252.75,15252.75,-5.08425,7.92706203135651,16.0,1.0,0.0,0.0,0.0,0.0947511929107021,0.0,0,8.941904761904762,953.103448275862,1290.0,6,21,1,0,0,1,120,0.4086098379993927,26,threshold,,validation
12931138876971287635,f24f79b80e14c81582388609a83b09063e5ac427f9b2052bf234eec4d0ff9baf,1507,1507,0,0,0,11502.5,9688.5,0.0,2146.0,12.0,261.5,0,0,2,0,15269.125,15269.125,-5.089708333333335,7.63271400132714,16.0,1.0,0.0,0.0,0.0,0.0829462508294625,0.0,0,8.015686274509804,919.3333333333334,1186.5,4,9,1,0,0,1,120,0.4266454440003144,27,threshold,,validation
442006588871635495,4bd95f8ab757c8ea401f93514548908918ffff2f5e272873bbdeb2dc74e9c35a,1707,1707,0,0,0,11898.5,12453.5,0.0,2622.0,42.0,197.5,0,0,7,0,16555.375,16555.375,-5.518458333333327,6.970415934387815,15.0,1.0,0.0,0.0,0.0,0.0556531927357937,0.0,2,7.520238095238096,881.6129032258065,1151.9999999999998,2,11,4,0,0,3,120,0.6225581590006186,28,threshold,,validation
7659782847812233232,5113242d6923c51afdf3df8ce0f0e5fba1bd615f435e2b059b58510249128d30,1676,1673,0,3,0,11339.5,11458.0,0.0,2794.0,36.0,186.5,0,0,6,3,15997.5,15997.5,-5.332499999999996,6.765811455847255,15.0,0.9982100238663484,0.0,0.0017899761336515,0.0,0.0590692124105011,0.0,2,7.207196029776675,811.7821782178218,1050.0,1,10,4,0,0,2,120,0.6248340950005513,29,threshold,,validation
6841613443374289388,f56d1c6959415787bf86d2b15c4f7658af5b40f7305d36bd6829ba9d7eb18cd4,1886,1874,0,12,0,11680.5,14119.0,4.0,2808.0,36.0,104.0,0,0,6,12,17470.25,17470.25,-5.823416666666667,6.193266171792152,14.5,0.9936373276776246,0.0,0.0063626723223753,0.0,0.04135737009544,0.0,1,7.3319415448851775,795.8653846153846,980.9999999999995,1,8,4,0,0,2,120,0.678889557999355,30,threshold,,validation
2473373350599339653,d85271739759099cd81077ab1faaf8fe662bd36e3d8ec4c9340b1cc536f92da4,1695,1689,0,6,0,12000.0,12008.0,0.0,2658.0,30.0,107.5,0,0,5,6,16823.5,16823.5,-5.607833333333335,7.079646017699115,15.0,0.9964601769911504,0.0,0.0035398230088495,0.0,0.0525073746312684,0.0,2,7.335820895522388,891.6129032258065,1020.0,1,8,4,0,0,1,120,0.6297055050017661,31,threshold,,validation
16399067810724367669,8687a60f8cb26f8112b54d312241c189a9596b7721cc619b1c120b4c19f62fa4,1604,1595,0,9,0,11638.0,11607.0,0.0,2614.0,30.0,229.5,0,0,5,9,16641.25,16641.25,-5.54708333333333,7.255610972568578,16.0,0.9943890274314214,0.0,0.0056109725685785,0.0,0.084788029925187,0.0,0,7.5482374768089056,904.5652173913044,1200.0,3,12,4,0,0,1,120,0.6041729120006494,32,threshold,,validation
8849976403847908673,520048ca97cfbfb2869acce67d169f39dcfbb70ef00dde2c79e8d1073fa191e3,1633,1618,0,15,0,11763.5,13129.0,0.0,2712.0,42.0,201.0,0,0,7,15,17537.75,17537.75,-5.845916666666664,7.203612982241274,15.5,0.9908144519289652,0.0,0.0091855480710349,0.0,0.0642988364972443,0.0,0,7.663822525597269,892.9032258064516,1193.9999999999995,5,10,4,1,0,2,120,0.5983767629986687,33,threshold,,validation
5752326567894464541,2bb32f0642e2413fae2b0da736c470c9f1b1da00f688d5cd0ef73577cc78152c,1595,1595,0,0,0,11752.5,10314.5,0.0,2346.0,18.0,194.5,0,0,3,0,15713.625,15713.625,-5.237874999999993,7.368338557993731,15.5,1.0,0.0,0.0,0.0,0.0677115987460815,0.0,0,7.444043321299639,922.5842696629212,1187.9999999999998,3,11,1,0,1,1,120,0.5062527499976568,34,threshold,,validation
4753028982593379722,f63010faac448e947e6dc6b6aff5b692a828d51a282c21d7a59fe3b9da6bf898,1750,1750,0,0,0,12707.5,13572.0,17.0,2700.0,48.0,200.0,0,0,8,0,17699.0,17699.0,-5.89966666666666,7.261428571428572,15.0,1.0,0.0,0.0,0.0,0.0611428571428571,0.0,0,7.618881118881119,885.3191489361702,1033.4999999999989,4,9,4,1,0,3,120,0.6344061279996822,35,threshold,,validation
1953131648883091997,fc4177c21054eb02b31f9bae9aca03cb4725272c3f38ee6f02f41367b8b904cf,1565,1557,0,8,0,11452.0,11190.5,0.0,2650.0,30.0,206.0,0,0,5,8,16285.625,16285.625,-5.428541666666673,7.317571884984026,15.5,0.994888178913738,0.0,0.0051118210862619,0.0,0.0741214057507987,0.0,0,7.44990366088632,904.2391304347826,1183.5,4,11,4,0,0,1,120,0.6085197610009345,36,threshold,,validation
3735538421639015564,776748ddd118ca42fa1f2ce78a52a047b687f444276b33f8eca069d1f0513971,1738,1710,0,28,0,11667.5,15138.5,8.0,2754.0,38.0,166.5,0,0,7,28,18712.625,18712.625,-6.23754166666667,6.713176064441887,15.0,0.9838895281933256,0.0,0.0161104718066743,0.0,0.0546605293440736,0.0,1,7.954736842105263,815.2941176470588,988.4999999999995,3,7,4,0,0,3,120,0.6374029849976068,37,threshold,,validation
12974285521474756459,b1c1dc07ac8f13a6bb93210f7a6b65bed36a6d708e427af525c9e079975dee5d,1703,1700,0,3,0,11993.5,11648.5,0.0,2738.0,30.0,170.0,0,0,5,3,16649.625,16649.625,-5.549875000000001,7.042571931884909,15.0,0.9982384028185556,0.0,0.0017615971814445,0.0,0.0628302994715208,0.0,2,7.424129353233831,897.0967741935484,1067.999999999999,4,9,4,0,0,1,120,0.6763379770018219,38,threshold,,validation
15923605305336745228,bf89ccc5e15fa5949164ef582a8285245b8d8aa8decf5349af0d661d8776f44b,1534,1531,0,3,0,11127.0,10860.5,0.0,2520.0,42.0,129.5,0,0,7,3,15446.625,15446.625,-5.148875000000002,7.253585397653194,15.0,0.9980443285528032,0.0,0.0019556714471968,0.0,0.0560625814863103,0.0,0,8.116071428571429,898.3870967741935,1037.999999999999,3,12,4,0,0,3,120,0.5498674609989394,39,threshold,,validation
5391785825108490336,c72668e4f6649a70dd0220925e33a435cee1a25df2b3ab7a10fc9e6aaa6f7aa4,1757,1757,0,0,0,12091.0,11631.5,0.0,2712.0,42.0,236.0,0,0,7,0,16625.875,16625.875,-5.541958333333324,6.881616391576551,15.5,1.0,0.0,0.0,0.0,0.0694365395560614,0.0,0,7.50554528650647,816.7647058823529,1078.4999999999995,3,11,4,2,0,1,120,0.6004350340008386,40,threshold,,validation
9945022509052842089,5797572ea0e47cac91b9e784cf056b40a5ddb1d38f8fc02ee5db904457c0ab6f,1704,1689,0,15,0,12750.5,12337.5,0.0,2520.0,30.0,237.5,0,0,5,15,18257.375,18257.375,-6.0857916666666645,7.48268779342723,15.5,0.9911971830985916,0.0,0.0088028169014084,0.0,0.0768779342723004,0.0,0,8.123161764705882,925.054945054945,1200.0,4,16,4,0,0,1,120,0.6193823300018266,41,threshold,,validation
5379672141699874778,d6d48e186b6515b2835726de03575c2573d867220548f0d57f0e47ae13720267,1655,1649,0,6,0,11855.0,11134.5,0.0,2694.0,36.0,269.0,0,0,6,6,16644.625,16644.625,-5.548208333333332,7.163141993957704,15.5,0.9963746223564954,0.0,0.0036253776435045,0.0,0.0646525679758308,0.0,0,7.428816466552315,888.1914893617021,1132.499999999999,5,8,4,1,0,1,120,0.6334122139996907,42,threshold,,validation
2792574491178042836,138f2b4b1062147da9edfd2b8ee3f5a297edab274d959100e3efe4b6c55fbd73,1478,1478,0,0,0,10976.0,9649.5,0.0,2284.0,18.0,237.0,0,0,3,0,14782.375,14782.375,-4.927458333333323,7.426251691474966,16.0,1.0,0.0,0.0,0.0,0.0798376184032476,0.0,0,8.470419847328245,935.7303370786516,1200.0,3,17,2,0,0,1,120,0.4738183089975791,43,threshold,,validation
16295273536169609366,bc3a310d08f4ce4fa5d303e6de0dd0ccad6a7c53c4b6c787aa005241a4680e26,1728,1728,0,0,0,13118.0,10960.5,0.0,2454.0,36.0,347.5,0,0,6,0,17462.625,17462.625,-5.820874999999998,7.591435185185185,16.5,1.0,0.0,0.0,0.0,0.09375,0.0,0,9.09073359073359,846.060606060606,1202.9999999999998,5,19,4,0,0,2,120,0.5392681739976979,44,threshold,,validation
11347235843420216387,0f3b6a72dc740340d0c84719de35833200f807cf146496f6ded6ba78fa3e88a3,1562,1522,0,40,2,11105.0,14887.5,800.5,2530.0,24.0,130.0,2,0,4,40,19052.125,19052.125,-6.350708333333331,7.109475032010243,15.0,0.9743918053777209,0.0,0.0256081946222791,0.0012804097311139,0.0620998719590268,0.0,2,7.77328431372549,901.6304347826087,1063.5,1,12,3,0,0,1,120,0.5677277819995652,45,threshold,,validation
7797958389276775086,56c8422be4fdf6a551e1b5dac9bb6db2afe94b618780716222b9e9352dcd76e1,1719,1719,0,0,0,12669.5,11621.5,22.0,2426.0,42.0,356.5,0,0,7,0,17190.375,17190.375,-5.730124999999994,7.370273414776032,16.0,1.0,0.0,0.0,0.0,0.0791157649796393,0.0,1,7.777894736842105,897.0652173913044,1164.0000000000005,5,12,4,0,0,3,120,0.5287395839986857,46,threshold,,validation
5728114968527056975,b7f8ec03014d68bb7760a5e4db42e9f07d6155141115377542d409c1155ab0e3,1724,1714,0,10,0,10902.5,12215.5,0.0,2640.0,40.0,119.5,0,0,7,10,16029.875,16029.875,-5.34329166666667,6.3239559164733175,14.5,0.994199535962877,0.0,0.0058004640371229,0.0,0.0406032482598607,0.0,2,7.139225181598063,838.1818181818181,1004.9999999999992,1,11,4,0,0,3,120,0.5836833760004083,47,threshold,,validation
12779048670444388056,10a1b6974d54c9f329a42ffbc26ea20233d4d7049f7d7a47d02c2766e1bfd4e0,1685,1685,0,0,0,13116.0,11121.0,0.0,2412.0,48.0,462.5,0,0,8,0,17604.75,17604.75,-5.8682499999999935,7.783976261127596,17.0,1.0,0.0,0.0,0.0,0.1068249258160237,0.0,0,8.619111709286676,909.1304347826087,1230.0,6,17,4,1,0,3,120,0.5489172699999472,48,threshold,,validation
7443001247269656638,1ce5460f14e928dc3f716c01b1e09f21d97d16a03df68d3af64aa912ba5c1db1,1831,1822,0,9,0,11813.5,12761.5,0.0,2766.0,36.0,115.5,0,0,6,9,17072.375,17072.375,-5.690791666666662,6.45193883123976,14.5,0.9950846531949754,0.0,0.0049153468050245,0.0,0.0469688694702348,0.0,2,7.615654205607477,795.0,1010.9999999999995,0,11,4,0,0,2,120,0.6282227659976343,49,threshold,,validation
15252049609767623705,0f6b032639fb639cec825881d9cdc786253708dfb7909eef4a37c3f914fe89b1,1758,1758,0,0,0,12000.0,13566.5,0.0,2658.0,42.0,141.5,0,0,7,0,16897.125,16897.125,-5.632374999999993,6.825938566552901,14.5,1.0,0.0,0.0,0.0,0.0494880546075085,0.0,2,7.527906976744186,858.8659793814433,1067.999999999999,3,10,4,0,0,3,120,0.6253206609981135,50,threshold,,validation
11218840620931775516,7566a3a24bbb19689873437395c9c2cf52118a3b216ceba3a1bfd1a7332e210d,1515,1515,0,0,0,11837.0,9541.0,0.0,2104.0,12.0,209.0,0,0,2,0,15493.25,15493.25,-5.164416666666671,7.813201320132014,15.5,1.0,0.0,0.0,0.0,0.0759075907590759,0.0,0,8.511173184357542,930.0,1217.9999999999998,5,15,1,0,0,1,120,0.4094359680020716,51,threshold,,validation
12776053817811108770,3f257f5915da9cede6412906290498157c457b9fc687d926276a2436322ef8ae,1713,1713,0,0,0,12101.0,12690.5,0.0,2718.0,42.0,190.5,0,0,7,0,16858.125,16858.125,-5.619374999999991,7.064214827787508,15.5,1.0,0.0,0.0,0.0,0.0683012259194395,0.0,2,7.407322654462242,874.421052631579,1089.0,2,10,4,0,0,3,120,0.6328125479994924,52,threshold,,validation
9406443979133441278,81bb454b89af18ebd94293320e2658af4ed400738ce1dbd926b9e9001d5ae728,1506,1506,0,0,0,11451.0,9721.0,0.0,2290.0,18.0,227.0,0,0,3,0,15268.25,15268.25,-5.08941666666666,7.603585657370518,15.5,1.0,0.0,0.0,0.0,0.0763612217795484,0.0,0,8.330724070450097,918.6666666666666,1200.0,3,11,2,0,0,1,120,0.4580053569989104,53,threshold,,validation
4155266813093080314,2fffea7d912f3b1c67b727c236cdb8137400c93f718b2a3baf09c64f0e6c9059,1540,1540,0,0,0,11737.5,10102.0,0.0,2352.0,34.0,216.0,0,0,6,0,15684.0,15684.0,-5.2279999999999935,7.621753246753247,15.5,1.0,0.0,0.0,0.0,0.0701298701298701,0.0,0,8.213345864661655,921.6666666666666,1200.0,4,15,3,0,0,3,120,0.4844082900017383,54,threshold,,validation
7790826153805416586,07e30e9b9c1a339550ebe6f4f89c89dce7e96e6603153c83a2950f1038b78ae1,1665,1665,0,0,0,11786.5,13107.5,0.0,2742.0,42.0,188.0,0,0,7,0,16657.375,16657.375,-5.552458333333335,7.078978978978979,15.0,1.0,0.0,0.0,0.0,0.0648648648648648,0.0,1,7.407630522088353,879.2553191489362,1033.4999999999989,4,10,4,0,0,3,120,0.6296416650002357,55,threshold,,validation
14169258007686049119,aea4226be00fb10c356ec02ce54fe3ec2a315875586915332a1f8946a28896a0,1521,1521,0,0,0,11943.0,9893.0,0.0,2248.0,36.0,287.5,0,0,6,0,15857.75,15857.75,-5.285916666666666,7.85207100591716,16.5,1.0,0.0,0.0,0.0,0.10387902695595,0.0,0,9.099620493358634,933.370786516854,1260.0,9,18,3,0,0,3,120,0.4617207619994588,56,threshold,,validation
10465658921233839178,38ecad1d5e0176c552746fbae20323262b439609e08ab085ae4c0d1c0b97db77,1796,1776,0,20,0,12164.5,13834.0,0.0,2616.0,42.0,136.0,0,0,7,20,18302.0,18302.0,-6.100666666666665,6.773106904231626,15.0,0.9888641425389756,0.0,0.0111358574610244,0.0,0.0562360801781737,0.0,1,8.012448132780083,829.2,1110.0,1,9,4,0,0,3,120,0.5789965969997866,57,threshold,,validation
5062259731771084839,ca8322ab25ba6b7083da9a5256f2a51ea90250473221579f86ee9d0a94e3c480,1661,1661,0,0,0,11749.0,11088.0,0.0,2454.0,42.0,266.5,0,0,7,0,16049.5,16049.5,-5.34983333333333,7.0734497290788685,15.5,1.0,0.0,0.0,0.0,0.0686333534015653,0.0,2,7.606807511737089,861.0309278350516,1205.9999999999995,5,11,4,0,0,3,120,0.5281921419991704,58,threshold,,validation
4282006796893477066,b3a581c18fa4c82b6403d221c597c42f7d2f6f64cb2b4079b345f99a60316784,1527,1527,0,0,0,10993.5,10689.5,0.0,2716.0,42.0,125.0,0,0,7,0,15183.875,15183.875,-5.061291666666661,7.199410609037328,15.0,1.0,0.0,0.0,0.0,0.0641781270464963,0.0,2,7.864044943820224,877.2631578947369,960.0,2,10,4,0,0,3,120,0.586974817000737,59,threshold,,validation
13019904324637333104,5d659e81d42444d4018d888512d449ddebe1fa45bec8e4e84594bbde1f972666,1569,1544,0,25,0,11308.0,14335.5,0.0,2692.0,36.0,197.5,0,0,6,25,17965.375,17965.375,-5.9884583333333286,7.207138304652645,15.5,0.9840662842574888,0.0,0.0159337157425111,0.0,0.0764818355640535,0.0,2,7.442148760330578,895.8064516129032,1085.999999999999,2,10,4,0,0,2,120,0.5788287209979899,60,threshold,,validation
8939849990919870178,0ac42c0df3917c80a40321ced518121927cdf1b7dd0a6a6a328efe3b2927a6e9,1705,1705,0,0,0,12297.0,10782.0,0.0,2438.0,42.0,135.0,0,0,7,0,16381.5,16381.5,-5.460499999999994,7.212316715542522,15.0,1.0,0.0,0.0,0.0,0.0592375366568914,0.0,0,7.514734774066798,884.0425531914893,1052.999999999999,3,9,4,0,0,3,120,0.5259502939989034,61,threshold,,validation
15604111264226146730,ca53aa595ea4c5f9e2460406987efaaceb01e1366ede7e1a8cce6dc065925ea6,1796,1796,0,0,0,11981.0,13707.5,20.0,2690.0,42.0,196.0,0,0,7,0,16993.875,16993.875,-5.664624999999994,6.670935412026726,15.0,1.0,0.0,0.0,0.0,0.0506681514476614,0.0,0,7.525380710659898,816.6990291262136,1070.999999999999,4,12,4,0,0,3,120,0.5814407540019602,62,threshold,,validation
2755479391618710981,e6124afe9100b4ee0c0a149cbefefa44f8b848888299b54cde857489cf928650,1608,1595,0,13,0,10754.0,11492.0,0.0,2744.0,30.0,172.0,0,0,5,13,15976.0,15976.0,-5.32533333333334,6.687810945273632,15.0,0.991915422885572,0.0,0.0080845771144278,0.0,0.058457711442786,0.0,2,7.648514851485149,787.4285714285714,1061.9999999999998,1,9,4,0,0,1,120,0.566381035001541,63,threshold,,validation
4141821708171898194,722cd186734c874e3b4051541946a2b1f372288cc5ec4e13a6d64352d79098f7,1627,1626,0,1,0,12031.0,13278.0,47.5,2730.0,48.0,259.5,0,0,8,1,17098.75,17098.75,-5.69958333333333,7.3945912722802705,15.5,0.9993853718500308,0.0,0.0006146281499692,0.0,0.0743700061462815,0.0,0,8.018166089965398,886.2765957446809,1150.4999999999998,2,9,4,1,0,3,120,0.5872583359996497,64,threshold,,validation
12982646719149841346,245eb7d15b15ae480fdb77144a2a1f8e8dc170749294bda5b5a2496f5c433c41,1704,1704,0,0,0,12245.0,11791.0,0.0,2662.0,42.0,176.0,0,0,7,0,16734.75,16734.75,-5.578249999999994,7.186032863849765,15.0,1.0,0.0,0.0,0.0,0.0539906103286385,0.0,1,7.244918699186992,885.8064516129032,1121.9999999999998,4,16,4,0,0,3,120,0.5914854059992649,65,threshold,,validation
7869340137858917758,a7b0f38e6e95ac0472801ff23f74a3490a68c53f61534bbd32d9439710b9b04a,1520,1517,0,3,0,11290.0,10101.5,0.0,2504.0,24.0,128.0,0,0,4,3,15395.375,15395.375,-5.131791666666662,7.427631578947368,15.5,0.9980263157894737,0.0,0.0019736842105263,0.0,0.0697368421052631,0.0,2,7.528571428571428,906.8478260869564,1153.5,2,11,3,0,0,1,120,0.5065926559982472,66,threshold,,validation
11426800540374387104,77929f56f1f1fedeaffa5320b7723300ebcf158e42beebfc63828a8e350546e6,1523,1523,0,0,0,11313.0,9863.0,0.0,2636.0,48.0,271.0,0,0,8,0,15407.75,15407.75,-5.135916666666667,7.4281024294156275,16.0,1.0,0.0,0.0,0.0,0.0820748522652659,0.0,1,7.651385927505331,894.7826086956521,1117.5000000000005,3,11,4,0,0,4,120,0.5557850719997077,67,threshold,,validation
7543729579393579090,75cf1ff10400e22f65a20fb0614a1acad1804cc7fe4f56e1b461d893cbc45efe,1605,1605,0,0,0,11178.5,10633.5,0.0,2672.0,42.0,194.0,0,0,7,0,15401.875,15401.875,-5.133958333333328,6.964797507788162,15.0,1.0,0.0,0.0,0.0,0.0616822429906542,0.0,0,7.827884615384615,829.0909090909091,1170.0,3,13,4,0,0,3,120,0.568140092997055,68,threshold,,validation
16138414015037925670,83611110156887b08a943cf1a0fe606b0ea30f9145e46f19c5e923972c31307a,1786,1779,0,7,0,11724.0,12352.5,3.0,2716.0,30.0,144.0,0,0,5,7,16760.625,16760.625,-5.586874999999999,6.564389697648377,14.5,0.996080627099664,0.0,0.0039193729003359,0.0,0.0453527435610302,0.0,2,7.623006833712984,796.8571428571429,1014.0,2,10,4,0,0,1,120,0.612010224002006,69,threshold,,validation
5761313295543618136,4c84ade0dd77ae5f03540ee94a56d28215f74777a0ffedd9b90c6ce3e55c57bd,1636,1636,0,0,0,11968.5,10464.0,0.0,2486.0,48.0,225.5,0,0,8,0,16093.0,16093.0,-5.364333333333333,7.315709046454768,15.5,1.0,0.0,0.0,0.0,0.0690709046454767,0.0,0,7.920192307692307,897.4193548387096,1133.9999999999995,3,11,3,0,1,4,120,0.5594840579979063,70,threshold,,validation
17034738449644398793,ce26428241cc88b8dc2825af692b5b1929202275cdd1f997be19870f93e23cb3,1682,1682,0,0,2,12333.5,11119.0,73.0,2552.0,42.0,226.0,2,0,7,0,16696.75,16696.75,-5.565583333333326,7.332639714625446,15.5,1.0,0.0,0.0,0.0011890606420927,0.0778834720570749,0.0,1,7.608216432865731,896.4130434782609,1183.5,4,12,4,0,0,3,120,0.6033917389977432,71,threshold,,validation
10338590401481307651,800b2c72bbd4d89057d6105b17eb504035031a85b4498badd71c708420737823,1883,1846,0,37,0,12169.0,16296.5,534.0,2702.0,42.0,165.5,0,0,7,37,20281.625,20281.625,-6.76054166666667,6.462559745087626,15.0,0.9803505045140732,0.0,0.0196494954859267,0.0,0.0541688794476898,0.0,1,7.642712550607287,830.9090909090909,1145.9999999999995,3,11,4,0,0,3,120,0.6493352729994513,72,threshold,,validation
15176038565710641044,864648d09e5a21c248d874f819280115a051ade38021ff61fb52bf363bff4c60,1634,1634,0,0,0,13177.5,10637.5,0.0,2276.0,42.0,575.5,0,0,7,0,17585.375,17585.375,-5.861791666666657,8.064565483476132,17.5,1.0,0.0,0.0,0.0,0.1028151774785801,0.0,0,9.584545454545454,923.9325842696628,1331.999999999999,7,18,4,0,0,3,120,0.5181269790009537,73,threshold,,validation
13324970145863014866,6eac205377bbfd25965aba7a6390cfa88f0079d1b6dc7f1a1a86846b43193a8f,1579,1579,0,0,0,11078.5,11983.5,0.0,2606.0,42.0,122.5,0,0,7,0,15534.875,15534.875,-5.178291666666664,7.016149461684611,15.0,1.0,0.0,0.0,0.0,0.0531982267257758,0.0,0,7.362433862433862,857.6288659793814,1025.999999999998,3,10,4,0,0,3,120,0.5351538989998517,74,threshold,,validation
2155511307105775750,ad76fc17007a3d292edeae5b5198cbb050d224def708aac090097ccb2565de02,1550,1549,0,1,0,11457.0,11504.0,0.0,2546.0,42.0,221.0,0,0,7,1,15922.0,15922.0,-5.307333333333336,7.391612903225806,15.5,0.9993548387096776,0.0,0.0006451612903225,0.0,0.0741935483870967,0.0,0,7.777365491651206,909.2307692307692,1140.0,4,11,4,0,0,3,120,0.5566671619999397,75,threshold,,validation
6361160522429770574,43bc92d042fa7112da7f8e570c8a0af9fa0b7c0daa7e275f3883fabb65fcb133,1588,1588,0,0,0,11737.5,12404.0,0.0,2732.0,48.0,289.0,0,0,8,0,16533.5,16533.5,-5.51116666666666,7.391372795969773,15.5,1.0,0.0,0.0,0.0,0.0761964735516372,0.0,0,7.760110294117647,888.0645161290323,1080.0,3,14,4,1,0,3,120,0.578473342997313,76,threshold,,validation
17507991780947498769,7d59c4fdcd20fb1d6b08d1e01488f38e890fa11af9c155930a254df18abc93f3,1564,1562,0,2,0,10920.0,9961.0,0.0,2576.0,30.0,139.0,0,0,5,2,14982.25,14982.25,-4.994083333333336,6.982097186700767,15.0,0.9987212276214834,0.0,0.0012787723785166,0.0,0.0607416879795396,0.0,0,7.83804143126177,822.3529411764706,1103.9999999999986,1,9,4,0,0,1,120,0.5049038180004572,77,threshold,,validation
10540399830828335095,f64021f325675710021876e10ca8b13b0fb6ed79b57f490a3f95084718a530e1,1569,1569,0,0,2,11499.0,13018.5,335.5,2706.0,48.0,177.5,2,0,8,0,16501.875,16501.875,-5.500624999999999,7.32887189292543,15.5,1.0,0.0,0.0,0.0012746972594008,0.0656469088591459,0.0,1,7.554421768707483,889.6774193548387,1067.999999999999,3,8,4,0,0,4,120,0.5808786630004761,78,threshold,,validation
9107172678426733304,447c272fa55202eda27023318b12a64cf7cda5b3c889e5a4c969c4debea82b47,1848,1839,0,9,0,12077.5,13235.5,0.0,2760.0,36.0,248.0,0,0,6,9,17584.375,17584.375,-5.861458333333337,6.5354437229437226,15.0,0.99512987012987,0.0,0.0048701298701298,0.0,0.053030303030303,0.0,2,7.45952380952381,819.5049504950495,960.0,5,8,4,0,0,2,120,0.6302606190001825,79,threshold,,validation
15056492947613432272,6a45dc5bb47e0933259ed385b7b7dc363bd98e7a13348cc598531200c3b483be,1770,1760,0,10,0,11829.5,12339.5,0.0,2698.0,36.0,213.0,0,0,6,10,17106.375,17106.375,-5.7021250000000006,6.683333333333334,15.0,0.9943502824858758,0.0,0.0056497175141242,0.0,0.0621468926553672,0.0,2,7.328431372549019,836.3636363636364,1202.9999999999998,5,8,4,0,0,2,120,0.6073850239990861,80,threshold,,validation
5321070914716033523,f16e0120395b3cc023dab3f15d9204d476b7f4d9237c3a38c4f49a3d993b3603,1538,1538,0,0,0,11764.0,10227.5,0.0,2518.0,36.0,199.5,0,0,6,0,15809.375,15809.375,-5.26979166666667,7.64889466840052,15.5,1.0,0.0,0.0,0.0,0.0689206762028608,0.0,0,8.118147448015122,914.1758241758242,1125.0,4,12,4,0,0,2,120,0.5333366679988103,81,threshold,,validation
7370292257203021530,14eb47ec8e963e5fc40970fc5344d37082857229241228927d77aecfc09feeb1,1600,1600,0,0,0,12863.5,10097.5,38.5,2556.0,42.0,520.0,0,0,7,0,17240.125,17240.125,-5.746708333333324,8.0396875,17.5,1.0,0.0,0.0,0.0,0.109375,0.0,0,8.495792426367462,896.4130434782609,1314.0000000000005,7,14,4,0,0,3,120,0.570077966000099,82,threshold,,validation
4203700561093472151,2e2161057c049d2969e01f20249459b9d76b376d8bea231d59bb5fbc3785f210,1603,1602,0,1,0,11590.0,10366.0,0.0,2632.0,36.0,352.5,0,0,6,1,15940.0,15940.0,-5.313333333333335,7.230193387398628,16.5,0.9993761696818464,0.0,0.0006238303181534,0.0,0.0835932626325639,0.0,0,7.420278637770898,838.7878787878788,1175.9999999999995,5,11,4,0,0,2,120,0.5482403000023623,83,threshold,,validation
15468677604900636542,a8c4c2c3d1281fc400aab1d56578ad0d8309dd635532c46d3b7c8a188dad2cdb,1655,1652,0,3,0,11475.5,11792.5,0.0,2552.0,36.0,133.0,0,0,6,3,16042.625,16042.625,-5.347541666666663,6.9338368580060425,15.0,0.9981873111782478,0.0,0.0018126888217522,0.0,0.06404833836858,0.0,2,7.503694581280788,869.6842105263158,1119.0,2,10,4,0,0,2,120,0.5456934820031165,84,threshold,,validation
13724838781584715725,f9fffe5d3c9abbf7053345a1274c7d178cda5b89f4f535e1dc647fe45da3dd5e,1579,1509,0,70,0,11035.5,16895.0,639.5,2534.0,24.0,166.0,0,0,4,70,21232.0,21232.0,-7.077333333333328,6.988917036098797,15.0,0.9556681443951868,0.0,0.0443318556048131,0.0,0.0538315389487017,0.0,2,7.525065963060686,907.2527472527472,1065.0,3,8,2,0,1,1,120,0.5717867019993719,85,threshold,,validation
11230441635210678958,b25e5621df47c7150417ee2d31a3d6b7a6a99fbe52e9e5d1fc7f9e926669b3ce,1848,1836,0,12,0,12509.5,12908.5,4.0,2472.0,42.0,174.5,0,0,7,12,17904.125,17904.125,-5.968041666666671,6.769209956709957,14.5,0.9935064935064936,0.0,0.0064935064935064,0.0,0.0481601731601731,0.0,1,7.607505070993914,864.0625,1087.5,2,14,4,0,0,3,120,0.5645912590007356,86,threshold,,validation
16701087225863400566,97c0a3b195696a4b94e648459da35bf15a954c1d8c6372e3bdee6b2864eedb5f,1750,1743,0,7,0,11648.5,11986.5,0.0,2760.0,30.0,189.0,0,0,5,7,16659.125,16659.125,-5.55304166666667,6.656285714285715,15.0,0.996,0.0,0.004,0.0,0.0548571428571428,0.0,1,7.442708333333333,786.8571428571429,990.0,2,9,4,0,0,1,120,0.5990556910001033,87,threshold,,validation
12852035715184500416,5112a6f5677b427bf7089e6361d77790b8eeb4c1ad97a5d2ef0017577aa3d09a,1764,1762,0,2,0,11658.5,11133.5,0.0,2712.0,42.0,218.5,0,0,7,2,16171.375,16171.375,-5.390458333333334,6.609126984126984,15.0,0.9988662131519276,0.0,0.0011337868480725,0.0,0.0515873015873015,0.0,2,7.533254156769596,807.3786407766991,983.9999999999995,4,7,4,0,0,3,120,0.5934435629969812,88,threshold,,validation
10941241360205269915,dc0d7f067fa2a4356bd73ddb0f919b1fa7a1ab50f64a564f4168dc56009a798c,1732,1720,0,12,1,13332.0,12406.0,73.0,2650.0,30.0,512.0,1,0,5,12,19057.0,19057.0,-6.352333333333339,7.697459584295612,17.5,0.9930715935334872,0.0,0.0069284064665127,0.0005773672055427,0.1033487297921478,0.0,0,8.019777503090236,875.1063829787234,1210.4999999999998,5,12,4,0,0,1,120,0.6370475360017736,89,threshold,,validation
11860815478016548678,bbb1b79d9e02a213123d29a958dda222fe23ae901acb4c6a23fd9dbe6d445de9,1499,1499,0,0,0,11747.5,9592.5,0.0,2182.0,18.0,288.0,0,0,3,0,15539.625,15539.625,-5.179874999999993,7.83689126084056,16.0,1.0,0.0,0.0,0.0,0.0940627084723148,0.0,0,8.851679104477611,942.4137931034484,1233.0000000000002,5,17,2,0,0,1,120,0.4442435070013744,90,threshold,,validation
10952941727011230459,97c197836eb10f160252c3901461e91e015500fca2e4442831e4871c93170183,1610,1610,0,0,0,11358.5,11705.5,0.0,2730.0,48.0,245.5,0,0,8,0,15935.375,15935.375,-5.311791666666663,7.054968944099379,15.5,1.0,0.0,0.0,0.0,0.0677018633540372,0.0,0,7.719669117647059,824.5544554455446,1110.0,4,12,4,1,0,3,120,0.5339652359980391,91,threshold,,validation
5144651067799883036,3a1de6f8cf732b602ca063ffd6ac29e1d2d1e8ebe71823d12e6ca92a4e9ebd1d,1661,1654,0,7,0,12027.0,11933.5,8.5,2678.0,30.0,209.0,0,0,5,7,17007.625,17007.625,-5.669208333333336,7.240818783865142,15.5,0.99578567128236,0.0,0.0042143287176399,0.0,0.0764599638771824,0.0,0,7.757657657657657,883.7234042553191,1151.999999999999,5,12,3,0,1,1,120,0.5892576920014108,92,threshold,,validation
1023563095068082415,5b71a2db29553606c03d4116176f552b9cea6355f352f5bfc5b3d3e3befad780,1664,1664,0,0,0,11418.5,13539.0,0.0,2690.0,42.0,155.0,0,0,7,0,16338.25,16338.25,-5.44608333333333,6.862079326923077,15.0,1.0,0.0,0.0,0.0,0.0582932692307692,0.0,2,7.44811320754717,879.2553191489362,1052.999999999999,4,8,4,0,0,3,120,0.6157207819996984,93,threshold,,validation
12788944698657293287,30910961062689856be837aa18e22180f8370754893a6dce4ca5b28234671537,1673,1673,0,0,0,12134.0,11120.5,0.0,2660.0,42.0,166.0,0,0,7,0,16445.125,16445.125,-5.481708333333332,7.252839210998207,15.0,1.0,0.0,0.0,0.0,0.059175134488942,0.0,0,7.55506993006993,887.5531914893617,1110.0,2,11,4,1,0,2,120,0.614947016001679,94,threshold,,validation
4472948730899397729,a210cc8292cde32724b5783c531120f31b9c9052aa9c9c441834c61b5e35f058,1680,1680,0,0,0,11838.5,13610.5,124.0,2632.0,42.0,154.0,0,0,7,0,16808.125,16808.125,-5.602708333333325,7.046726190476191,15.0,1.0,0.0,0.0,0.0,0.0595238095238095,0.0,0,7.6125,839.3939393939394,1031.999999999999,3,8,4,0,0,3,120,0.5431664329989871,95,threshold,,validation
14095830889516912706,8ca1ea0a14f818fe7985aa378ef90111ef7e111a1defb5968a2069f64146d75e,1622,1622,0,0,0,12492.0,11052.5,0.0,2534.0,48.0,338.5,0,0,8,0,16900.625,16900.625,-5.633541666666666,7.701602959309494,16.0,1.0,0.0,0.0,0.0,0.0863131935881627,0.0,0,8.520560747663552,906.5934065934066,1230.0,5,12,4,0,0,4,120,0.5675920309986395,96,threshold,,validation
3861052387086055358,534ab54c0d1f943977fa514863ee8559d2c8b13ffabb91925698168415ba7a1b,1731,1726,0,5,0,12181.0,12185.0,0.0,2734.0,30.0,185.0,0,0,5,5,17104.25,17104.25,-5.7014166666666615,7.036972848064703,15.0,0.9971114962449452,0.0,0.0028885037550548,0.0,0.0629693818601964,0.0,1,7.442567567567567,891.1578947368421,1140.0,1,9,4,0,0,1,120,0.6612782680022065,97,threshold,,validation
4233854033046791768,58319bd2b4b5a099b82759fe3b9e74ae5580d24d3a9c309475a256c7c7705b44,1518,1516,0,2,0,11212.0,9572.0,0.0,2416.0,36.0,253.5,0,0,6,2,15216.5,15216.5,-5.072166666666666,7.386034255599473,16.0,0.9986824769433466,0.0,0.0013175230566534,0.0,0.0836627140974967,0.0,0,7.609195402298851,880.8510638297872,1240.4999999999998,6,19,4,0,0,2,120,0.4819612350001989,98,threshold,,validation
10087018787533777920,a7d6f23156d7f1e558b3afc6b549bc7b25ba8d8db4ec91b8bb547cf86e66f8b2,1623,1599,0,24,0,11613.0,13255.5,0.0,2652.0,34.0,195.0,0,0,6,24,17916.875,17916.875,-5.972291666666668,7.155268022181146,15.0,0.9852125693160814,0.0,0.0147874306839186,0.0,0.062230437461491,0.0,0,7.836192109777015,833.3333333333334,1175.9999999999995,5,14,4,0,0,2,120,0.5567439389997162,99,threshold,,validation
5282083492694460744,3b893d8be6e36027c3c2e9fedd580e03f13533e618d7e030503588a9309f2ff0,1543,1535,0,8,0,10987.5,10826.0,0.0,2630.0,18.0,82.0,0,0,3,8,15586.0,15586.0,-5.195333333333338,7.120868438107583,15.0,0.9948152948801036,0.0,0.0051847051198963,0.0,0.0596241088788075,0.0,2,7.658212560386473,888.7096774193549,960.0,3,6,3,0,0,0,120,0.5962570030023926,0,proportional,,validation
12630244631299959936,88246c3f427aaeaf316f84c2a90b5f932abc0a9a02505ce5bc52a03e4de34002,1730,1716,0,14,0,11225.0,13316.5,0.0,2780.0,18.0,64.5,0,0,3,14,16863.625,16863.625,-5.621208333333328,6.488439306358382,14.5,0.991907514450867,0.0,0.0080924855491329,0.0,0.0450867052023121,0.0,1,7.320430107526882,877.8947368421053,930.0,1,6,3,0,0,0,120,0.6847978500009049,1,proportional,,validation
12537705375046560123,1476df97a34331df4bae5cad401615a3552dc4b2bbcc43f1f418bea40012ea9e,1670,1665,0,5,0,12089.5,11028.5,0.0,2434.0,24.0,87.5,0,0,4,5,16471.125,16471.125,-5.490375000000002,7.2392215568862275,14.774999999999975,0.997005988023952,0.0,0.0029940119760479,0.0,0.0502994011976047,0.0,0,7.594982078853047,879.4736842105264,969.0,0,9,3,0,0,1,120,0.5232605589990271,2,proportional,,validation
8017264886117857441,479d7872954419041b22d7b87d13ad478c70874fa01663f015c7a00aa937d1c1,1600,1596,0,4,0,11685.0,10711.5,0.0,2632.0,18.0,103.5,0,0,3,4,16037.375,16037.375,-5.345791666666672,7.303125,15.0,0.9975,0.0,0.0025,0.0,0.05375,0.0,1,7.654351395730706,885.1612903225806,971.9999999999998,1,9,3,0,0,0,120,0.575617456001055,3,proportional,,validation
4252601616460073164,aa9236ebc1e65c718bfcf0b9dda018cf9f47b56c9ba26f965dcd812ef3662146,1576,1563,0,13,0,11143.0,11782.0,0.0,2580.0,24.0,90.0,0,0,4,13,16268.5,16268.5,-5.422833333333335,7.070431472081219,14.625,0.991751269035533,0.0,0.008248730964467,0.0,0.0501269035532994,0.0,2,7.309151785714286,878.6170212765958,910.4999999999998,2,5,3,0,0,1,120,0.5560456230014097,4,proportional,,validation
2958651649459243790,7d8f74169092eb37cf8c88ee7cb7c113aa7a242b967cc88129df48261bd8c878,1716,1699,0,17,0,12140.5,12866.0,0.0,2520.0,24.0,96.0,0,0,4,17,17753.0,17753.0,-5.917666666666667,7.07488344988345,14.5,0.99009324009324,0.0,0.0099067599067599,0.0,0.0448717948717948,0.0,2,7.6945701357466065,871.8947368421053,969.0,2,8,3,0,0,1,120,0.5758241500006989,5,proportional,,validation
9657905459531052521,08afe511cd73faad07e38a22cdb726dd0b4c55ef04330dc3bea256de183a5b9e,1587,1587,0,0,0,11163.5,10345.5,0.0,2340.0,24.0,112.0,0,0,4,0,15051.875,15051.875,-5.017291666666664,7.034341524889729,14.5,1.0,0.0,0.0,0.0,0.0453686200378071,0.0,2,7.517994858611825,892.5806451612904,941.9999999999998,2,8,2,0,0,2,120,0.467033539996919,6,proportional,,validation
17301846599839105071,4b3cfc16c8bd4e2b1b47a68e25e1253eb3da763e7e2e4f6f0adbe6cca6e76cc0,1555,1555,0,0,0,10837.5,10525.0,0.0,2424.0,18.0,86.5,0,0,3,0,14782.25,14782.25,-4.927416666666663,6.969453376205788,14.5,1.0,0.0,0.0,0.0,0.0418006430868167,0.0,2,7.488372093023256,890.7446808510638,930.0,2,7,2,0,0,1,120,0.4859973099992203,7,proportional,,validation
17024907191944371643,71a8a2eb4c54123a35e28b67e3cd998f6c93f0e407b0d2b61a96cf3eb4ff852e,1581,1581,0,0,0,11634.0,10254.5,0.0,2320.0,18.0,74.5,0,0,3,0,15447.125,15447.125,-5.149041666666659,7.358633776091081,14.5,1.0,0.0,0.0,0.0,0.0480708412397217,0.0,0,7.634,906.2637362637364,945.0,1,10,2,0,0,1,120,0.4679407519979577,8,proportional,,validation
10032749771936246705,bc3d73d8cd74f3a824802ee494973c0df93b0c1f074a6d1c1b183a085f7972bc,1476,1476,0,0,0,11107.0,9549.5,0.0,2160.0,0.0,92.5,0,0,0,0,14666.875,14666.875,-4.888958333333337,7.525067750677507,15.0,1.0,0.0,0.0,0.0,0.059620596205962,0.0,2,7.689620758483034,914.6666666666666,1050.0,1,7,0,0,0,0,120,0.3891976569975668,9,proportional,,validation
920615316728116894,c82f895bbf10258b95cf3961c0eab7ad06b2280b436c6ceed6ec1fd7aa982c1f,1828,1815,0,13,0,12250.0,13035.0,0.0,2688.0,18.0,90.0,0,0,3,13,17737.75,17737.75,-5.912583333333341,6.701312910284464,14.5,0.9928884026258206,0.0,0.0071115973741794,0.0,0.049781181619256,0.0,2,7.62200956937799,863.75,990.0,1,9,3,0,0,0,120,0.6650417990022106,10,proportional,,validation
11321464559684064666,be90d310432750e24095fd073bc6a8458a2f8ab11cffbf43c003e780758f29ce,1661,1652,0,9,0,11969.0,11532.0,0.0,2414.0,30.0,95.5,0,0,5,9,16719.5,16719.5,-5.573166666666666,7.205900060204696,15.0,0.9945815773630344,0.0,0.0054184226369656,0.0,0.0596026490066225,0.0,2,7.487804878048781,892.258064516129,971.9999999999998,2,9,3,0,0,2,120,0.5080881560024864,11,proportional,,validation
298460692776493455,e19414457ecb537a940ab95a110698515ac6afe4873b4e91b94c5c295432533e,1787,1787,0,0,0,12635.5,11622.0,0.0,2398.0,6.0,177.5,0,0,1,0,16922.5,16922.5,-5.640833333333325,7.070789031897034,14.849999999999907,1.0,0.0,0.0,0.0,0.0503637381085618,0.0,1,7.606090373280943,880.1052631578947,969.0,1,8,1,0,0,0,120,0.5509622299978219,12,proportional,,validation
2008575011322856241,cbdb5e1a9996cdf0754660c2ec0c4d4490da9ca95a505544376a5b6c8f3c6154,1581,1581,0,0,0,11612.0,10709.5,0.0,2382.0,12.0,88.5,0,0,2,0,15578.875,15578.875,-5.192958333333332,7.34471853257432,15.0,1.0,0.0,0.0,0.0,0.053763440860215,0.0,1,7.619918699186992,908.9010989010987,930.0,1,6,1,0,0,1,120,0.4779138880003302,13,proportional,,validation
3932571245898404159,6ff0c7509cf951b204fc93ac1971edbdd759cf6ee798b360d45a01d9caa62d2a,1680,1667,0,13,0,11545.5,12421.0,20.0,2670.0,18.0,108.0,0,0,3,13,16898.75,16898.75,-5.632916666666673,6.8723214285714285,14.5,0.9922619047619048,0.0,0.0077380952380952,0.0,0.0464285714285714,0.0,0,7.45602294455067,883.4042553191489,970.4999999999998,2,7,3,0,0,0,120,0.6285333179985173,14,proportional,,validation
3197817061972406662,1cb07fe01bccd2d5240b283d98589fff0d44d711705f77dc9bbbdc31dca3c2ed,1656,1652,0,4,0,11597.0,11716.5,0.0,2540.0,24.0,79.0,0,0,4,4,16135.125,16135.125,-5.378375000000001,7.003019323671498,14.5,0.997584541062802,0.0,0.002415458937198,0.0,0.0398550724637681,0.0,1,7.311475409836065,893.1521739130435,960.0,1,6,3,0,0,1,120,0.5706813169999805,15,proportional,,validation
14402477689565047371,733237e3dfa38ae994576a9700f49042653fa2abb075bf4815b7e61f0dc711fe,1600,1600,0,0,0,11682.0,10441.5,0.0,2364.0,12.0,109.0,0,0,2,0,15593.375,15593.375,-5.197791666666666,7.30125,15.0,1.0,0.0,0.0,0.0,0.054375,0.0,2,7.67237687366167,905.8695652173913,943.5,2,8,2,0,0,0,120,0.5098575699994399,16,proportional,,validation
2059559674407406622,d08cbb21c5679f497c2c8fc292fb8603b50d75f8016d624fd4779cb5e833e34e,1674,1674,0,0,0,12107.5,10905.0,0.0,2382.0,30.0,138.5,0,0,5,0,16188.25,16188.25,-5.396083333333328,7.2326762246117084,15.0,1.0,0.0,0.0,0.0,0.062126642771804,0.0,2,7.55125284738041,878.6170212765958,960.0,1,7,3,0,0,2,120,0.4849569729994982,17,proportional,,validation
8414646920943542864,ae230ce8ccf805ea86bc35200928fe12dd4c23926150c64a75c6261b6e1eeca3,1665,1658,0,7,0,11658.5,11584.0,0.0,2516.0,24.0,92.0,0,0,4,7,16344.5,16344.5,-5.448166666666662,7.002102102102102,14.5,0.9957957957957958,0.0,0.0042042042042042,0.0,0.0426426426426426,0.0,1,7.256457564575646,890.8695652173913,943.5,1,6,3,0,0,1,120,0.578440077999403,18,proportional,,validation
11536389792184891406,3f811324481fa6012191e7b359a910b929014a461b15a6ac2ee0b6eabe8b6b49,1707,1694,0,13,0,12234.5,12227.0,0.0,2532.0,30.0,87.0,0,0,5,13,17449.25,17449.25,-5.816416666666664,7.167252489748096,15.0,0.9923842999414176,0.0,0.0076157000585823,0.0,0.0515524311657879,0.0,1,7.465979381443299,885.8064516129032,930.0,3,7,3,0,0,2,120,0.5825610330030031,19,proportional,,validation
7101706718267303232,0ed07c990f1fe4d43a85d15e46d60a0fa1d41ec13983bb022960f79cb8b33297,1545,1545,0,0,0,11027.0,10222.5,0.0,2336.0,30.0,101.0,0,0,5,0,14876.625,14876.625,-4.958874999999996,7.137216828478964,15.0,1.0,0.0,0.0,0.0,0.0563106796116504,0.0,0,7.344793713163065,891.6129032258065,990.0,1,14,3,0,0,2,120,0.4493748970016895,20,proportional,,validation
13748483928322268646,3d74079aea53f13338e081cbea23c9af98d4a005b099c3a7c06e04c84471d36a,1503,1503,0,0,0,11334.5,9704.5,0.0,2186.0,12.0,104.0,0,0,2,0,14967.625,14967.625,-4.989208333333333,7.541250831669993,15.0,1.0,0.0,0.0,0.0,0.0632069194943446,0.0,2,7.845841784989858,913.1868131868132,975.0,1,8,1,0,0,1,120,0.4166261970021878,21,proportional,,validation
6493343872504967042,f51e04de457608ef235af78d58b52e8ecc1dbfef731b92d9cc458461cbeca4dd,1574,1563,0,11,0,11241.5,11229.5,0.0,2644.0,30.0,157.5,0,0,5,11,16213.375,16213.375,-5.404458333333333,7.141994917407878,15.5,0.9930114358322744,0.0,0.0069885641677255,0.0,0.0609911054637865,0.0,0,7.363894139886578,881.1702127659574,961.4999999999995,1,10,4,0,0,1,120,0.5904580839996925,22,proportional,,validation
1807724498165244510,eefe2a7b412a363c16df4ce62b2dc20e57035d0caf0560309386a32c875ea479,1553,1553,0,0,0,11116.0,10526.0,0.0,2422.0,18.0,130.5,0,0,3,0,15104.0,15104.0,-5.03466666666666,7.157759175788796,15.199999999999932,1.0,0.0,0.0,0.0,0.065035415325177,0.0,0,7.666037735849057,907.8260869565216,960.0,2,8,2,0,0,1,120,0.4955118869984289,23,proportional,,validation
14496686073476133525,dd288e2e0c9dd2f312ac3938c5aeba0b55aaf8dacd531876d0121dfbc04cc274,1624,1616,0,8,0,11695.5,11251.5,0.0,2464.0,24.0,81.0,0,0,4,8,16321.375,16321.375,-5.44045833333333,7.201662561576355,14.5,0.9950738916256158,0.0,0.0049261083743842,0.0,0.0455665024630541,0.0,2,7.555555555555555,889.0322580645161,930.0,2,11,3,0,0,1,120,0.531197387001157,24,proportional,,validation
9025922740173681850,14d4586aeb4c5985b39c67a7bedca96cf4ad87156d1c99be684e6f7a38d9a2b2,1721,1721,0,0,0,11929.0,11140.5,0.0,2374.0,6.0,111.0,0,0,1,0,16017.125,16017.125,-5.339041666666661,6.931435212085996,14.5,1.0,0.0,0.0,0.0,0.0453224869262057,0.0,1,7.420212765957447,883.8709677419355,960.0,2,8,1,0,0,0,120,0.5027800149982795,25,proportional,,validation
15838780127950940774,15a514845808a0c5463e4466b26358b15d70852383368a0db5f1c7dce26721f9,1467,1467,0,0,0,10823.0,9397.5,0.0,2212.0,6.0,73.0,0,0,1,0,14356.375,14356.375,-4.785458333333324,7.377641445126108,15.0,1.0,0.0,0.0,0.0,0.0511247443762781,0.0,0,7.406666666666666,914.5054945054944,1005.0,1,8,1,0,0,0,120,0.420942513999762,26,proportional,,validation
12931138876971287635,f24f79b80e14c81582388609a83b09063e5ac427f9b2052bf234eec4d0ff9baf,1507,1507,0,0,0,11205.5,9705.5,0.0,2160.0,0.0,100.5,0,0,0,0,14812.375,14812.375,-4.937458333333332,7.435633709356337,15.0,1.0,0.0,0.0,0.0,0.0590577305905773,0.0,1,7.554989816700611,913.3333333333334,976.5,1,6,0,0,0,0,120,0.4097787530008645,27,proportional,,validation
442006588871635495,4bd95f8ab757c8ea401f93514548908918ffff2f5e272873bbdeb2dc74e9c35a,1707,1707,0,0,0,11757.5,11273.5,0.0,2348.0,6.0,113.0,0,0,1,0,15867.875,15867.875,-5.289291666666662,6.887814879906268,14.5,1.0,0.0,0.0,0.0,0.0456942003514938,0.0,2,7.520238095238096,888.3870967741935,971.9999999999998,0,9,1,0,0,0,120,0.5035221160032961,28,proportional,,validation
7659782847812233232,5113242d6923c51afdf3df8ce0f0e5fba1bd615f435e2b059b58510249128d30,1676,1656,0,20,0,11330.0,13484.0,0.0,2638.0,24.0,93.5,0,0,4,20,17333.5,17333.5,-5.77783333333333,6.7601431980906925,14.5,0.9880668257756564,0.0,0.0119331742243436,0.0,0.0483293556085918,0.0,2,7.207196029776675,874.7872340425532,950.9999999999995,1,7,3,0,0,1,120,0.6144698429998243,29,proportional,,validation
6841613443374289388,f56d1c6959415787bf86d2b15c4f7658af5b40f7305d36bd6829ba9d7eb18cd4,1886,1864,0,22,0,11914.0,14949.0,0.0,2676.0,24.0,71.5,0,0,4,22,18400.75,18400.75,-6.133583333333334,6.317073170731708,14.0,0.9883351007423118,0.0,0.0116648992576882,0.0,0.0334040296924708,0.0,1,7.3319415448851775,845.8163265306123,930.0,1,7,3,0,0,1,120,0.6505265890009468,30,proportional,,validation
2473373350599339653,d85271739759099cd81077ab1faaf8fe662bd36e3d8ec4c9340b1cc536f92da4,1695,1695,0,0,0,12097.0,11691.0,0.0,2460.0,30.0,89.0,0,0,5,0,16363.75,16363.75,-5.454583333333327,7.136873156342183,14.5,1.0,0.0,0.0,0.0,0.0442477876106194,0.0,0,7.497287522603978,888.3870967741935,1001.9999999999998,1,8,3,0,0,2,120,0.5462724149983842,31,proportional,,validation
16399067810724367669,8687a60f8cb26f8112b54d312241c189a9596b7721cc619b1c120b4c19f62fa4,1604,1586,0,18,0,11137.5,12163.5,0.0,2632.0,24.0,107.0,0,0,4,18,16701.375,16701.375,-5.567124999999999,6.94357855361596,15.0,0.9887780548628428,0.0,0.0112219451371571,0.0,0.0536159600997506,0.0,1,7.457716701902749,890.9677419354839,1001.9999999999998,1,7,3,0,0,1,120,0.583079201001965,32,proportional,,validation
8849976403847908673,520048ca97cfbfb2869acce67d169f39dcfbb70ef00dde2c79e8d1073fa191e3,1633,1633,0,0,0,12021.0,10709.0,0.0,2224.0,24.0,119.0,0,0,4,0,15949.25,15949.25,-5.316416666666666,7.361298224127373,15.0,1.0,0.0,0.0,0.0,0.0545009185548071,0.0,0,7.467576791808874,903.2608695652174,927.0000000000002,3,5,2,0,0,2,120,0.4344205769994005,33,proportional,,validation
5752326567894464541,2bb32f0642e2413fae2b0da736c470c9f1b1da00f688d5cd0ef73577cc78152c,1595,1583,0,12,0,11146.0,11616.0,0.0,2712.0,18.0,108.0,0,0,3,12,16249.0,16249.0,-5.416333333333338,6.988087774294671,15.0,0.9924764890282132,0.0,0.0075235109717868,0.0,0.057680250783699,0.0,0,7.479241877256317,895.1086956521739,990.0,0,8,3,0,0,0,120,0.6326543499999389,34,proportional,,validation
4753028982593379722,f63010faac448e947e6dc6b6aff5b692a828d51a282c21d7a59fe3b9da6bf898,1750,1750,0,0,0,12280.0,11443.5,0.0,2366.0,6.0,117.0,0,0,1,0,16445.875,16445.875,-5.481958333333327,7.017142857142857,14.5,1.0,0.0,0.0,0.0,0.0468571428571428,0.0,2,7.572274881516588,894.1935483870968,941.9999999999998,2,6,1,0,0,0,120,0.5268091400030244,35,proportional,,validation
1953131648883091997,fc4177c21054eb02b31f9bae9aca03cb4725272c3f38ee6f02f41367b8b904cf,1565,1554,0,11,0,11128.5,11131.5,0.0,2480.0,12.0,121.0,0,0,2,11,15942.375,15942.375,-5.314124999999992,7.110862619808307,15.0,0.9929712460063898,0.0,0.0070287539936102,0.0,0.0600638977635782,0.0,0,7.855491329479769,893.804347826087,960.0,2,11,2,0,0,0,120,0.5301412199987681,36,proportional,,validation
3735538421639015564,776748ddd118ca42fa1f2ce78a52a047b687f444276b33f8eca069d1f0513971,1738,1738,0,0,0,11924.5,11973.0,0.0,2398.0,6.0,101.5,0,0,1,0,16223.25,16223.25,-5.407749999999992,6.861047180667434,14.5,1.0,0.0,0.0,0.0,0.0471806674338319,0.0,1,7.954736842105263,873.7894736842105,960.0,2,6,1,0,0,0,120,0.5282603659979941,37,proportional,,validation
12974285521474756459,b1c1dc07ac8f13a6bb93210f7a6b65bed36a6d708e427af525c9e079975dee5d,1703,1685,0,18,0,12070.5,13147.0,0.0,2760.0,18.0,76.5,0,0,3,18,17908.75,17908.75,-5.96958333333333,7.087786259541985,15.0,0.9894304169113328,0.0,0.010569583088667,0.0,0.0557839107457428,0.0,0,7.556620209059234,888.8297872340426,980.9999999999995,2,9,3,0,0,0,120,0.6769201860006433,38,proportional,,validation
15923605305336745228,bf89ccc5e15fa5949164ef582a8285245b8d8aa8decf5349af0d661d8776f44b,1534,1529,0,5,0,10712.5,10264.0,0.0,2534.0,24.0,81.0,0,0,4,5,14946.5,14946.5,-4.98216666666667,6.983376792698826,14.674999999999956,0.9967405475880052,0.0,0.0032594524119947,0.0,0.0501955671447196,0.0,0,7.266865079365079,872.8421052631579,960.0,1,11,3,0,0,1,120,0.526336117000028,39,proportional,,validation
5391785825108490336,c72668e4f6649a70dd0220925e33a435cee1a25df2b3ab7a10fc9e6aaa6f7aa4,1757,1757,0,0,0,12360.5,11422.5,0.0,2390.0,30.0,102.0,0,0,5,0,16538.125,16538.125,-5.512708333333328,7.035002845759818,15.0,1.0,0.0,0.0,0.0,0.0569151963574274,0.0,0,7.444547134935305,877.8947368421053,939.0,1,8,3,0,0,2,120,0.51167572200211,40,proportional,,validation
9945022509052842089,5797572ea0e47cac91b9e784cf056b40a5ddb1d38f8fc02ee5db904457c0ab6f,1704,1673,0,31,0,11496.5,15529.5,0.0,2800.0,18.0,76.5,0,0,3,31,18730.375,18730.375,-6.243458333333332,6.746772300469484,14.5,0.9818075117370892,0.0,0.0181924882629107,0.0,0.0410798122065727,0.0,2,7.415158371040724,888.7096774193549,971.9999999999998,0,6,3,0,0,0,120,0.6679666460004228,41,proportional,,validation
5379672141699874778,d6d48e186b6515b2835726de03575c2573d867220548f0d57f0e47ae13720267,1655,1655,0,0,0,12281.5,10318.0,0.0,2186.0,12.0,97.5,0,0,2,0,16061.5,16061.5,-5.35383333333333,7.420845921450151,15.0,1.0,0.0,0.0,0.0,0.0525679758308157,0.0,0,7.57975986277873,913.1868131868132,930.0,3,8,1,0,0,1,120,0.4397360260009009,42,proportional,,validation
2792574491178042836,138f2b4b1062147da9edfd2b8ee3f5a297edab274d959100e3efe4b6c55fbd73,1478,1478,0,0,0,10542.0,10024.5,0.0,2430.0,30.0,71.0,0,0,5,0,14359.125,14359.125,-4.786374999999995,7.132611637347767,14.5,1.0,0.0,0.0,0.0,0.0487144790257104,0.0,0,7.53912213740458,897.4193548387096,971.9999999999998,0,9,3,0,0,2,120,0.5005076090019429,43,proportional,,validation
16295273536169609366,bc3a310d08f4ce4fa5d303e6de0dd0ccad6a7c53c4b6c787aa005241a4680e26,1728,1728,0,0,0,12193.0,11376.5,0.0,2384.0,6.0,136.5,0,0,1,0,16370.625,16370.625,-5.456874999999993,7.05613425925926,15.0,1.0,0.0,0.0,0.0,0.0567129629629629,0.0,0,7.744208494208494,884.8387096774194,953.9999999999995,1,7,1,0,0,0,120,0.5118175040006463,44,proportional,,validation
11347235843420216387,0f3b6a72dc740340d0c84719de35833200f807cf146496f6ded6ba78fa3e88a3,1562,1562,0,0,0,11357.5,10341.0,0.0,2322.0,6.0,98.0,0,0,1,0,15206.75,15206.75,-5.068916666666662,7.27112676056338,15.0,1.0,0.0,0.0,0.0,0.058258642765685,0.0,2,7.77328431372549,909.89010989011,990.0,0,11,1,0,0,0,120,0.4865389129990944,45,proportional,,validation
7797958389276775086,56c8422be4fdf6a551e1b5dac9bb6db2afe94b618780716222b9e9352dcd76e1,1719,1711,0,8,0,12285.5,11899.0,43.0,2520.0,24.0,159.5,0,0,4,8,17201.25,17201.25,-5.733749999999998,7.146887725421757,15.0,0.995346131471786,0.0,0.004653868528214,0.0,0.0581733566026759,0.0,1,7.777894736842105,880.531914893617,950.9999999999995,2,7,3,0,0,1,120,0.560474793001049,46,proportional,,validation
5728114968527056975,b7f8ec03014d68bb7760a5e4db42e9f07d6155141115377542d409c1155ab0e3,1724,1724,0,0,0,10837.5,11617.0,0.0,2540.0,30.0,85.0,0,0,5,0,15121.75,15121.75,-5.040583333333327,6.286252900232019,14.5,1.0,0.0,0.0,0.0,0.0423433874709976,0.0,2,7.139225181598063,864.4329896907217,960.0,0,10,3,0,0,2,120,0.5676575580000645,47,proportional,,validation
12779048670444388056,10a1b6974d54c9f329a42ffbc26ea20233d4d7049f7d7a47d02c2766e1bfd4e0,1685,1673,0,12,0,11594.0,11669.0,0.0,2468.0,24.0,108.0,0,0,4,12,16593.25,16593.25,-5.5310833333333305,6.880712166172107,14.5,0.9928783382789318,0.0,0.0071216617210682,0.0,0.0486646884272997,0.0,2,7.168803418803419,873.7894736842105,960.0,2,8,3,0,0,1,120,0.5395119950007938,48,proportional,,validation
7443001247269656638,1ce5460f14e928dc3f716c01b1e09f21d97d16a03df68d3af64aa912ba5c1db1,1831,1817,0,14,0,12452.0,13973.5,0.0,2624.0,24.0,85.5,0,0,4,14,18202.875,18202.875,-6.067625000000005,6.800655379574003,14.5,0.9923539049699618,0.0,0.0076460950300382,0.0,0.0409612233752048,0.0,2,7.615654205607477,880.2127659574468,960.0,0,9,3,0,0,1,120,0.6527968340014922,49,proportional,,validation
15252049609767623705,0f6b032639fb639cec825881d9cdc786253708dfb7909eef4a37c3f914fe89b1,1758,1758,0,0,0,12094.5,11599.5,14.0,2398.0,6.0,94.5,0,0,1,0,16299.875,16299.875,-5.43329166666666,6.879692832764505,14.5,1.0,0.0,0.0,0.0,0.0472127417519908,0.0,2,7.527906976744186,886.7741935483871,971.9999999999998,1,7,1,0,0,0,120,0.5364084979992185,50,proportional,,validation
11218840620931775516,7566a3a24bbb19689873437395c9c2cf52118a3b216ceba3a1bfd1a7332e210d,1515,1515,0,0,0,11331.5,9625.5,0.0,2214.0,6.0,106.5,0,0,1,0,14956.375,14956.375,-4.985458333333328,7.479537953795379,15.0,1.0,0.0,0.0,0.0,0.0613861386138613,0.0,1,7.569860279441118,912.8571428571428,990.0,2,9,1,0,0,0,120,0.4208104789977369,51,proportional,,validation
12776053817811108770,3f257f5915da9cede6412906290498157c457b9fc687d926276a2436322ef8ae,1713,1701,0,12,0,11606.5,14448.0,0.0,2716.0,30.0,108.5,0,0,5,12,17430.0,17430.0,-5.810000000000003,6.775539988324577,14.5,0.9929947460595446,0.0,0.0070052539404553,0.0,0.0461179217746643,0.0,2,7.407322654462242,867.1578947368421,960.0,1,8,3,0,0,2,120,0.6470186129990907,52,proportional,,validation
9406443979133441278,81bb454b89af18ebd94293320e2658af4ed400738ce1dbd926b9e9001d5ae728,1506,1502,0,4,0,10799.5,10170.5,0.0,2572.0,12.0,134.0,0,0,2,4,15012.125,15012.125,-5.004041666666666,7.170982735723771,15.0,0.99734395750332,0.0,0.0026560424966799,0.0,0.0584329349269588,0.0,1,7.695414847161572,898.3695652173913,913.5,1,5,2,0,0,0,120,0.5381651319985394,53,proportional,,validation
4155266813093080314,2fffea7d912f3b1c67b727c236cdb8137400c93f718b2a3baf09c64f0e6c9059,1540,1540,0,0,0,11335.5,9758.0,0.0,2160.0,0.0,123.5,0,0,0,0,14978.5,14978.5,-4.992833333333336,7.360714285714286,15.0,1.0,0.0,0.0,0.0,0.0577922077922077,0.0,1,7.421810699588478,914.0,946.5,2,11,0,0,0,0,120,0.4070153459979337,54,proportional,,validation
7790826153805416586,07e30e9b9c1a339550ebe6f4f89c89dce7e96e6603153c83a2950f1038b78ae1,1665,1665,0,0,0,11069.0,11202.5,0.0,2644.0,36.0,97.0,0,0,6,0,15318.625,15318.625,-5.1062083333333295,6.648048048048048,14.5,1.0,0.0,0.0,0.0,0.0492492492492492,0.0,1,7.407630522088353,862.1875,937.5,2,8,3,0,0,3,120,0.5715768529989873,55,proportional,,validation
14169258007686049119,aea4226be00fb10c356ec02ce54fe3ec2a315875586915332a1f8946a28896a0,1521,1521,0,0,0,10853.0,9720.5,0.0,2160.0,0.0,87.0,0,0,0,0,14450.125,14450.125,-4.816708333333333,7.135437212360289,15.0,1.0,0.0,0.0,0.0,0.0558842866535174,0.0,2,7.273318872017353,913.6666666666666,946.5,2,7,0,0,0,0,120,0.4078748300016741,56,proportional,,validation
10465658921233839178,38ecad1d5e0176c552746fbae20323262b439609e08ab085ae4c0d1c0b97db77,1796,1785,0,11,0,12884.5,12882.0,0.0,2488.0,24.0,105.5,0,0,4,11,18134.5,18134.5,-6.044833333333326,7.173997772828508,15.0,0.9938752783964364,0.0,0.0061247216035634,0.0,0.0551224944320712,0.0,1,8.012448132780083,887.4193548387096,953.9999999999995,1,6,3,0,0,1,120,0.5870180130004883,57,proportional,,validation
5062259731771084839,ca8322ab25ba6b7083da9a5256f2a51ea90250473221579f86ee9d0a94e3c480,1661,1659,0,2,1,11355.5,11838.5,139.0,2462.0,24.0,99.0,1,0,4,2,15859.625,15859.625,-5.286541666666659,6.836544250451535,14.5,0.9987959060806744,0.0,0.0012040939193257,0.0006020469596628,0.0475617098133654,0.0,2,7.606807511737089,886.4516129032259,971.9999999999998,2,8,3,0,0,1,120,0.5266619169997284,58,proportional,,validation
4282006796893477066,b3a581c18fa4c82b6403d221c597c42f7d2f6f64cb2b4079b345f99a60316784,1527,1527,0,0,0,11111.0,10423.0,0.0,2484.0,30.0,114.0,0,0,5,0,15097.75,15097.75,-5.032583333333328,7.276358873608382,15.0,1.0,0.0,0.0,0.0,0.0609037328094302,0.0,2,7.864044943820224,884.516129032258,941.9999999999998,2,7,3,0,0,2,120,0.5167144990009547,59,proportional,,validation
13019904324637333104,5d659e81d42444d4018d888512d449ddebe1fa45bec8e4e84594bbde1f972666,1569,1568,0,1,0,11285.5,10480.5,0.0,2480.0,30.0,73.0,0,0,5,1,15303.625,15303.625,-5.101208333333332,7.192797960484385,14.5,0.9993626513702996,0.0,0.0006373486297004,0.0,0.0490758444869343,0.0,0,7.776672694394214,881.4893617021277,970.4999999999998,0,11,3,0,0,2,120,0.516497790998983,60,proportional,,validation
8939849990919870178,0ac42c0df3917c80a40321ced518121927cdf1b7dd0a6a6a328efe3b2927a6e9,1705,1704,0,1,0,11887.5,10890.0,0.0,2468.0,24.0,79.0,0,0,4,1,16003.0,16003.0,-5.334333333333337,6.972140762463343,14.5,0.9994134897360704,0.0,0.0005865102639296,0.0,0.0469208211143695,0.0,0,7.357563850687622,876.9473684210526,969.0,1,7,3,0,0,1,120,0.5492440820016782,61,proportional,,validation
15604111264226146730,ca53aa595ea4c5f9e2460406987efaaceb01e1366ede7e1a8cce6dc065925ea6,1796,1784,0,12,0,11614.5,13373.5,0.0,2744.0,18.0,62.0,0,0,3,12,17126.875,17126.875,-5.708958333333337,6.466870824053452,14.5,0.9933184855233852,0.0,0.0066815144766146,0.0,0.0334075723830735,0.0,2,7.240049751243781,872.8125,960.0,2,6,3,0,0,0,120,0.7119060850018286,62,proportional,,validation
2755479391618710981,e6124afe9100b4ee0c0a149cbefefa44f8b848888299b54cde857489cf928650,1608,1596,0,12,0,11402.0,11868.5,0.0,2614.0,36.0,113.5,0,0,6,12,16539.625,16539.625,-5.5132083333333295,7.090796019900497,15.0,0.9925373134328358,0.0,0.0074626865671641,0.0,0.0597014925373134,0.0,2,7.648514851485149,882.4468085106383,1021.4999999999995,0,7,4,0,0,2,120,0.5981170860031852,63,proportional,,validation
4141821708171898194,722cd186734c874e3b4051541946a2b1f372288cc5ec4e13a6d64352d79098f7,1627,1627,0,0,0,12073.5,10520.0,0.0,2160.0,0.0,119.0,0,0,0,0,15902.5,15902.5,-5.300833333333334,7.420712968653964,15.0,1.0,0.0,0.0,0.0,0.0590043023970497,0.0,0,7.658304498269896,914.0,960.0,1,9,0,0,0,0,120,0.4314761110035761,64,proportional,,validation
12982646719149841346,245eb7d15b15ae480fdb77144a2a1f8e8dc170749294bda5b5a2496f5c433c41,1704,1693,0,11,0,11672.5,11696.0,0.0,2550.0,18.0,47.5,0,0,3,11,16594.0,16594.0,-5.531333333333334,6.850058685446009,14.0,0.9935446009389672,0.0,0.0064553990610328,0.0,0.0287558685446009,0.0,1,7.244918699186992,871.8947368421053,969.0,2,10,3,0,0,0,120,0.5818781069974648,65,proportional,,validation
7869340137858917758,a7b0f38e6e95ac0472801ff23f74a3490a68c53f61534bbd32d9439710b9b04a,1520,1520,0,0,0,11221.0,9576.5,0.0,2160.0,0.0,64.5,0,0,0,0,14759.625,14759.625,-4.919875000000002,7.382236842105263,14.5,1.0,0.0,0.0,0.0,0.0486842105263157,0.0,2,7.528571428571428,914.6666666666666,979.4999999999998,1,11,0,0,0,0,120,0.4018919139998615,66,proportional,,validation
11426800540374387104,77929f56f1f1fedeaffa5320b7723300ebcf158e42beebfc63828a8e350546e6,1523,1523,0,0,0,10751.5,9922.5,0.0,2370.0,6.0,122.5,0,0,1,0,14544.625,14544.625,-4.848208333333325,7.059422193040053,15.0,1.0,0.0,0.0,0.0,0.0538411030860144,0.0,1,7.651385927505331,900.3296703296703,945.0,1,8,1,0,0,0,120,0.4895410130011441,67,proportional,,validation
7543729579393579090,75cf1ff10400e22f65a20fb0614a1acad1804cc7fe4f56e1b461d893cbc45efe,1605,1588,0,17,0,11315.5,12249.0,0.0,2552.0,24.0,75.5,0,0,4,17,16769.25,16769.25,-5.58975,7.050155763239875,14.5,0.9894080996884737,0.0,0.0105919003115264,0.0,0.0423676012461059,0.0,0,7.526923076923077,884.8387096774194,983.9999999999995,0,10,3,0,0,1,120,0.557953459003329,68,proportional,,validation
16138414015037925670,83611110156887b08a943cf1a0fe606b0ea30f9145e46f19c5e923972c31307a,1786,1768,0,18,0,11685.5,13746.0,0.0,2732.0,18.0,129.5,0,0,3,18,17712.5,17712.5,-5.904166666666657,6.542833146696529,14.5,0.9899216125419932,0.0,0.0100783874580067,0.0,0.0492721164613661,0.0,2,7.623006833712984,871.8947368421053,969.0,2,10,3,0,0,0,120,0.6872854430002917,69,proportional,,validation
5761313295543618136,4c84ade0dd77ae5f03540ee94a56d28215f74777a0ffedd9b90c6ce3e55c57bd,1636,1627,0,9,0,11655.5,11270.0,0.0,2514.0,42.0,189.5,0,0,7,9,16494.5,16494.5,-5.498166666666664,7.124388753056235,15.0,0.9944987775061124,0.0,0.0055012224938875,0.0,0.0574572127139364,0.0,0,7.480769230769231,892.0212765957447,940.4999999999998,3,7,4,0,0,3,120,0.5450405890005641,70,proportional,,validation
17034738449644398793,ce26428241cc88b8dc2825af692b5b1929202275cdd1f997be19870f93e23cb3,1682,1681,0,1,0,11994.5,11284.0,27.0,2526.0,36.0,72.5,0,0,6,1,16254.5,16254.5,-5.418166666666669,7.131093935790726,15.0,0.9994054696789536,0.0,0.0005945303210463,0.0,0.0546967895362663,0.0,1,7.608216432865731,883.7234042553191,930.0,1,8,4,0,0,2,120,0.5700222320010653,71,proportional,,validation
10338590401481307651,800b2c72bbd4d89057d6105b17eb504035031a85b4498badd71c708420737823,1883,1843,0,40,0,12659.0,16814.0,0.0,2712.0,18.0,79.5,0,0,3,40,20713.0,20713.0,-6.904333333333328,6.722782793414764,14.5,0.9787573021773766,0.0,0.0212426978226234,0.0,0.0414232607541157,0.0,1,7.642712550607287,876.3829787234042,930.0,2,7,3,0,0,0,120,0.7084701330022654,72,proportional,,validation
15176038565710641044,864648d09e5a21c248d874f819280115a051ade38021ff61fb52bf363bff4c60,1634,1634,0,0,0,11950.0,11784.0,0.0,2346.0,6.0,81.5,0,0,1,0,16155.5,16155.5,-5.385166666666661,7.313341493268054,15.0,1.0,0.0,0.0,0.0,0.0507955936352509,0.0,0,7.787272727272727,910.8791208791208,990.0,1,8,1,0,0,0,120,0.5160171280003851,73,proportional,,validation
13324970145863014866,6eac205377bbfd25965aba7a6390cfa88f0079d1b6dc7f1a1a86846b43193a8f,1579,1544,0,35,0,11056.0,14451.5,0.0,2782.0,30.0,84.5,0,0,5,35,18269.375,18269.375,-6.089791666666657,7.001899936668778,14.5,0.9778340721975934,0.0,0.0221659278024065,0.0,0.0455984800506649,0.0,2,7.096020761245675,884.6808510638298,940.4999999999998,2,7,4,0,0,1,120,0.6109582060016692,74,proportional,,validation
2155511307105775750,ad76fc17007a3d292edeae5b5198cbb050d224def708aac090097ccb2565de02,1550,1544,0,6,0,11248.5,10387.5,0.0,2448.0,30.0,121.0,0,0,5,6,15575.375,15575.375,-5.191791666666667,7.257096774193548,15.0,0.9961290322580644,0.0,0.0038709677419354,0.0,0.0587096774193548,0.0,2,7.538461538461538,887.0967741935484,930.0,2,8,3,0,0,2,120,0.5160371050005779,75,proportional,,validation
6361160522429770574,43bc92d042fa7112da7f8e570c8a0af9fa0b7c0daa7e275f3883fabb65fcb133,1588,1569,0,19,0,11205.5,12253.5,0.0,2604.0,36.0,80.0,0,0,6,19,16820.875,16820.875,-5.60695833333334,7.056360201511335,15.0,0.9880352644836272,0.0,0.0119647355163727,0.0,0.052896725440806,0.0,0,7.293198529411764,882.1276595744681,1010.9999999999995,1,8,4,0,0,2,120,0.5540171779975935,76,proportional,,validation
17507991780947498769,7d59c4fdcd20fb1d6b08d1e01488f38e890fa11af9c155930a254df18abc93f3,1564,1556,0,8,0,11153.0,10779.5,0.0,2450.0,12.0,85.5,0,0,2,8,15648.375,15648.375,-5.216125,7.131074168797954,14.5,0.9948849104859336,0.0,0.0051150895140664,0.0,0.0498721227621483,0.0,0,7.674199623352166,900.6521739130435,957.0000000000002,1,8,2,0,0,0,120,0.5219125330004317,77,proportional,,validation
10540399830828335095,f64021f325675710021876e10ca8b13b0fb6ed79b57f490a3f95084718a530e1,1569,1561,0,8,0,11202.0,11220.5,0.0,2578.0,18.0,120.5,0,0,3,8,15911.625,15911.625,-5.303875000000003,7.139579349904397,14.5,0.9949012109623964,0.0,0.0050987890376035,0.0,0.047163798597833,0.0,1,7.554421768707483,890.2173913043479,930.0,3,6,3,0,0,0,120,0.5781210620007187,78,proportional,,validation
9107172678426733304,447c272fa55202eda27023318b12a64cf7cda5b3c889e5a4c969c4debea82b47,1848,1824,0,24,0,12355.0,14460.5,0.0,2582.0,24.0,142.0,0,0,4,24,18863.125,18863.125,-6.287708333333328,6.6856060606060606,14.5,0.987012987012987,0.0,0.0129870129870129,0.0,0.0422077922077922,0.0,2,7.45952380952381,866.8421052631579,930.0,3,7,3,0,0,1,120,0.6377341820007132,79,proportional,,validation
15056492947613432272,6a45dc5bb47e0933259ed385b7b7dc363bd98e7a13348cc598531200c3b483be,1770,1759,0,11,0,11871.0,12319.5,0.0,2688.0,18.0,142.0,0,0,3,11,17111.875,17111.875,-5.703958333333335,6.706779661016949,14.5,0.9937853107344632,0.0,0.0062146892655367,0.0,0.0480225988700565,0.0,2,7.328431372549019,866.875,930.0,3,6,3,0,0,0,120,0.6507460240027285,80,proportional,,validation
5321070914716033523,f16e0120395b3cc023dab3f15d9204d476b7f4d9237c3a38c4f49a3d993b3603,1538,1538,0,0,0,11676.0,10049.5,0.0,2216.0,12.0,90.5,0,0,2,0,15396.875,15396.875,-5.132291666666667,7.591677503250975,14.574999999999932,1.0,0.0,0.0,0.0,0.0500650195058517,0.0,1,7.717021276595744,915.0,976.5,2,9,1,0,0,1,120,0.4271821209986228,81,proportional,,validation
7370292257203021530,14eb47ec8e963e5fc40970fc5344d37082857229241228927d77aecfc09feeb1,1600,1592,0,8,0,11258.0,11638.0,0.0,2634.0,12.0,115.0,0,0,2,8,16089.5,16089.5,-5.363166666666666,7.03625,15.0,0.995,0.0,0.005,0.0,0.051875,0.0,2,7.845360824742268,886.4516129032259,930.0,2,7,2,0,0,0,120,0.5795580850026454,82,proportional,,validation
4203700561093472151,2e2161057c049d2969e01f20249459b9d76b376d8bea231d59bb5fbc3785f210,1603,1600,0,3,0,11124.5,10732.5,0.0,2568.0,36.0,91.5,0,0,6,3,15393.125,15393.125,-5.131041666666663,6.939800374298191,14.949999999999932,0.9981285090455396,0.0,0.0018714909544603,0.0,0.0505302557704304,0.0,2,7.155813953488372,885.6382978723404,1021.4999999999995,1,7,4,0,0,2,120,0.5719445200011251,83,proportional,,validation
15468677604900636542,a8c4c2c3d1281fc400aab1d56578ad0d8309dd635532c46d3b7c8a188dad2cdb,1655,1655,0,0,0,11301.5,11570.0,0.0,2424.0,18.0,96.5,0,0,3,0,15517.5,15517.5,-5.172499999999994,6.828700906344411,15.0,1.0,0.0,0.0,0.0,0.0586102719033232,0.0,2,7.503694581280788,883.4042553191489,990.0,1,6,2,0,0,1,120,0.5026324140017095,84,proportional,,validation
13724838781584715725,f9fffe5d3c9abbf7053345a1274c7d178cda5b89f4f535e1dc647fe45da3dd5e,1579,1579,0,0,0,10848.5,10396.0,0.0,2398.0,6.0,85.0,0,0,1,0,14736.5,14736.5,-4.912166666666659,6.870487650411653,14.5,1.0,0.0,0.0,0.0,0.044965167827739,0.0,2,7.525065963060686,890.3225806451613,911.9999999999998,2,5,1,0,0,0,120,0.5047753360013303,85,proportional,,validation
11230441635210678958,b25e5621df47c7150417ee2d31a3d6b7a6a99fbe52e9e5d1fc7f9e926669b3ce,1848,1835,0,13,0,12823.0,12441.5,0.0,2430.0,24.0,129.5,0,0,4,13,18077.875,18077.875,-6.0259583333333335,6.938852813852814,14.5,0.992965367965368,0.0,0.007034632034632,0.0,0.0422077922077922,0.0,1,7.607505070993914,874.421052631579,939.0,2,10,3,0,0,1,120,0.5657981090007524,86,proportional,,validation
16701087225863400566,97c0a3b195696a4b94e648459da35bf15a954c1d8c6372e3bdee6b2864eedb5f,1750,1738,0,12,0,11679.5,12992.5,0.0,2762.0,30.0,64.5,0,0,5,12,17118.125,17118.125,-5.706041666666673,6.674,14.5,0.9931428571428572,0.0,0.0068571428571428,0.0,0.0394285714285714,0.0,2,7.39105504587156,852.9896907216495,965.9999999999995,0,7,4,0,0,1,120,0.6509592059992428,87,proportional,,validation
12852035715184500416,5112a6f5677b427bf7089e6361d77790b8eeb4c1ad97a5d2ef0017577aa3d09a,1764,1764,0,0,0,12019.0,11270.0,0.0,2398.0,6.0,147.0,0,0,1,0,16187.5,16187.5,-5.395833333333326,6.813492063492063,14.5,1.0,0.0,0.0,0.0,0.042517006802721,0.0,2,7.533254156769596,871.8947368421053,900.0,3,4,1,0,0,0,120,0.524915702000726,88,proportional,,validation
10941241360205269915,dc0d7f067fa2a4356bd73ddb0f919b1fa7a1ab50f64a564f4168dc56009a798c,1732,1729,0,3,0,12146.5,11659.0,0.0,2534.0,26.0,114.0,0,0,5,3,16645.25,16645.25,-5.548416666666662,7.012990762124711,14.5,0.9982678983833718,0.0,0.0017321016166281,0.0,0.0479214780600461,0.0,2,7.417061611374407,874.7368421052631,947.9999999999998,2,6,3,0,0,2,120,0.5863034879985207,89,proportional,,validation
11860815478016548678,bbb1b79d9e02a213123d29a958dda222fe23ae901acb4c6a23fd9dbe6d445de9,1499,1499,0,0,0,10975.5,9566.0,0.0,2160.0,0.0,64.5,0,0,0,0,14511.5,14511.5,-4.837166666666668,7.321881254169447,14.5,1.0,0.0,0.0,0.0,0.0466977985323549,0.0,0,7.411380597014926,913.6666666666666,960.0,1,7,0,0,0,0,120,0.4120710269999108,90,proportional,,validation
10952941727011230459,97c197836eb10f160252c3901461e91e015500fca2e4442831e4871c93170183,1610,1610,0,0,0,11825.5,10779.5,0.0,2382.0,30.0,145.0,0,0,5,0,15881.375,15881.375,-5.293791666666662,7.345031055900621,15.0,1.0,0.0,0.0,0.0,0.0590062111801242,0.0,0,7.761029411764706,887.741935483871,941.9999999999998,2,8,3,0,0,2,120,0.4908644460010691,91,proportional,,validation
5144651067799883036,3a1de6f8cf732b602ca063ffd6ac29e1d2d1e8ebe71823d12e6ca92a4e9ebd1d,1661,1661,0,0,0,11851.5,10517.5,0.0,2398.0,36.0,106.5,0,0,6,0,15816.375,15816.375,-5.272125000000002,7.135159542444311,15.0,1.0,0.0,0.0,0.0,0.0571944611679711,0.0,2,7.66542288557214,886.4516129032259,971.9999999999998,2,9,3,0,0,3,120,0.5066634219983825,92,proportional,,validation
1023563095068082415,5b71a2db29553606c03d4116176f552b9cea6355f352f5bfc5b3d3e3befad780,1664,1664,0,0,0,11354.5,11636.5,0.0,2614.0,12.0,121.5,0,0,2,0,15702.125,15702.125,-5.234041666666668,6.823617788461538,15.0,1.0,0.0,0.0,0.0,0.0582932692307692,0.0,2,7.44811320754717,892.258064516129,930.0,3,6,2,0,0,0,120,0.597753444002592,93,proportional,,validation
12788944698657293287,30910961062689856be837aa18e22180f8370754893a6dce4ca5b28234671537,1673,1673,0,0,0,11936.0,10789.5,0.0,2238.0,6.0,96.0,0,0,1,0,15853.375,15853.375,-5.284458333333326,7.134488942020322,14.5,1.0,0.0,0.0,0.0,0.0466228332337118,0.0,1,7.328402366863905,906.5934065934066,990.0,1,12,1,0,0,0,120,0.4795673240005271,94,proportional,,validation
4472948730899397729,a210cc8292cde32724b5783c531120f31b9c9052aa9c9c441834c61b5e35f058,1680,1670,0,10,0,11916.0,11608.5,0.0,2304.0,6.0,108.5,0,0,1,10,16683.625,16683.625,-5.561208333333331,7.092857142857143,15.0,0.9940476190476192,0.0,0.0059523809523809,0.0,0.0523809523809523,0.0,0,7.558928571428571,907.912087912088,960.0,2,7,1,0,0,0,120,0.5048632420002832,95,proportional,,validation
14095830889516912706,8ca1ea0a14f818fe7985aa378ef90111ef7e111a1defb5968a2069f64146d75e,1622,1622,0,0,0,12027.0,10560.5,0.0,2160.0,0.0,117.5,0,0,0,0,15864.625,15864.625,-5.2882083333333325,7.414919852034525,15.0,1.0,0.0,0.0,0.0,0.0561035758323057,0.0,0,7.651401869158878,915.6666666666666,976.5,1,7,0,0,0,0,120,0.4323755129989877,96,proportional,,validation
3861052387086055358,534ab54c0d1f943977fa514863ee8559d2c8b13ffabb91925698168415ba7a1b,1731,1731,0,0,0,12502.0,12050.0,0.0,2604.0,50.0,124.5,0,0,9,0,16984.0,16984.0,-5.661333333333336,7.222414789139226,15.0,1.0,0.0,0.0,0.0,0.0589254766031195,0.0,1,7.442567567567567,886.2765957446809,1020.0,1,10,5,0,0,4,120,0.599138096000388,97,proportional,,validation
4233854033046791768,58319bd2b4b5a099b82759fe3b9e74ae5580d24d3a9c309475a256c7c7705b44,1518,1518,0,0,0,10913.0,9676.5,0.0,2266.0,6.0,41.0,0,0,1,0,14511.125,14511.125,-4.837041666666662,7.189064558629776,14.5,1.0,0.0,0.0,0.0,0.0447957839262187,0.0,2,7.274157303370787,906.9230769230768,990.0,0,11,1,0,0,0,120,0.4409167730009358,98,proportional,,validation
10087018787533777920,a7d6f23156d7f1e558b3afc6b549bc7b25ba8d8db4ec91b8bb547cf86e66f8b2,1623,1618,0,5,0,11057.0,13080.5,0.0,2780.0,18.0,93.5,0,0,3,5,16125.625,16125.625,-5.37520833333333,6.812692544670363,14.5,0.9969192852741836,0.0,0.0030807147258163,0.0,0.0437461491065927,0.0,2,7.81219512195122,889.3548387096774,941.9999999999998,2,6,3,0,0,0,120,0.6453066479989502,99,proportional,,validation
5282083492694460744,3b893d8be6e36027c3c2e9fedd580e03f13533e618d7e030503588a9309f2ff0,1543,1522,0,21,0,10455.0,12968.0,0.0,2874.0,24.0,82.0,0,0,4,21,16496.0,16496.0,-5.498666666666669,6.7757615035644845,15.0,0.9863901490602722,0.0,0.0136098509397278,0.0,0.0654569021386908,0.0,1,7.095860566448802,891.6129032258065,935.9999999999992,3,5,3,1,0,0,120,0.9122682169982,0,ppo,11.0,validation
12630244631299959936,88246c3f427aaeaf316f84c2a90b5f932abc0a9a02505ce5bc52a03e4de34002,1730,1702,0,28,0,11220.0,15815.0,0.0,2874.0,18.0,63.5,0,0,3,28,18369.25,18369.25,-6.123083333333334,6.485549132947977,14.5,0.983815028901734,0.0,0.0161849710982658,0.0,0.0433526011560693,0.0,1,7.320430107526882,892.258064516129,911.9999999999998,1,5,3,0,0,0,120,1.0381226270001207,1,ppo,11.0,validation
12537705375046560123,1476df97a34331df4bae5cad401615a3552dc4b2bbcc43f1f418bea40012ea9e,1670,1630,0,40,6,11008.0,17134.0,964.0,2874.0,18.0,79.5,6,0,3,40,19735.0,19735.0,-6.578333333333333,6.591616766467066,14.5,0.9760479041916168,0.0,0.0239520958083832,0.0035928143712574,0.048502994011976,0.0,1,7.228699551569507,892.258064516129,930.0,0,7,3,0,0,0,120,0.982354908999696,2,ppo,11.0,validation
8017264886117857441,479d7872954419041b22d7b87d13ad478c70874fa01663f015c7a00aa937d1c1,1600,1582,0,18,0,11025.5,13156.0,0.0,2874.0,24.0,93.0,0,0,4,18,16944.5,16944.5,-5.648166666666663,6.8909375,14.524999999999975,0.98875,0.0,0.01125,0.0,0.05,0.0,1,7.691297208538588,891.6129032258065,900.0,1,3,3,1,0,0,120,0.9396446149985422,3,ppo,11.0,validation
4252601616460073164,aa9236ebc1e65c718bfcf0b9dda018cf9f47b56c9ba26f965dcd812ef3662146,1576,1555,0,21,0,10431.5,13374.5,0.0,2874.0,18.0,66.5,0,0,3,21,16553.625,16553.625,-5.517875000000004,6.618972081218274,14.5,0.9866751269035532,0.0,0.0133248730964467,0.0,0.0399746192893401,0.0,1,7.087473002159827,892.258064516129,900.0,2,3,3,0,0,0,120,0.9907548719966144,4,ppo,11.0,validation
2958651649459243790,7d8f74169092eb37cf8c88ee7cb7c113aa7a242b967cc88129df48261bd8c878,1716,1658,0,58,0,11597.5,18627.0,0.0,2874.0,18.0,105.5,0,0,3,58,21291.75,21291.75,-7.097249999999998,6.758449883449884,15.0,0.9662004662004662,0.0,0.0337995337995338,0.0,0.0547785547785547,0.0,1,7.478260869565218,892.258064516129,911.9999999999998,2,5,3,0,0,0,120,0.9953779409988784,5,ppo,11.0,validation
9657905459531052521,08afe511cd73faad07e38a22cdb726dd0b4c55ef04330dc3bea256de183a5b9e,1587,1562,0,25,0,10769.5,13871.0,0.0,2874.0,18.0,130.5,0,0,3,25,17319.75,17319.75,-5.773250000000002,6.786074354127284,15.0,0.984247006931317,0.0,0.015752993068683,0.0,0.051039697542533,0.0,1,7.136363636363637,892.5806451612904,911.9999999999998,2,5,3,0,0,0,120,0.904606975000206,6,ppo,11.0,validation
17301846599839105071,4b3cfc16c8bd4e2b1b47a68e25e1253eb3da763e7e2e4f6f0adbe6cca6e76cc0,1555,1531,0,24,0,10456.5,13909.0,0.0,2874.0,18.0,95.5,0,0,3,24,16921.25,16921.25,-5.640416666666672,6.72443729903537,14.5,0.9845659163987138,0.0,0.0154340836012861,0.0,0.0469453376205787,0.0,1,7.08573717948718,893.2258064516129,911.9999999999998,2,5,3,0,0,0,120,0.9025941910003894,7,ppo,11.0,validation
17024907191944371643,71a8a2eb4c54123a35e28b67e3cd998f6c93f0e407b0d2b61a96cf3eb4ff852e,1581,1552,0,29,0,10797.5,14229.5,0.0,2874.0,18.0,80.5,0,0,3,29,17627.375,17627.375,-5.875791666666668,6.829538266919671,15.0,0.9816571790006324,0.0,0.0183428209993674,0.0,0.0506008855154965,0.0,1,7.027542372881356,891.9354838709677,911.9999999999998,1,5,3,0,0,0,120,0.9074187490004988,8,ppo,11.0,validation
10032749771936246705,bc3d73d8cd74f3a824802ee494973c0df93b0c1f074a6d1c1b183a085f7972bc,1476,1447,0,29,0,9913.5,14184.0,0.0,2874.0,18.0,56.0,0,0,3,29,16707.5,16707.5,-5.569166666666669,6.716463414634147,14.5,0.9803523035230352,0.0,0.0196476964769647,0.0,0.037940379403794,0.0,1,7.659871244635193,891.6129032258065,900.0,1,4,3,0,0,0,120,0.8748959989970899,9,ppo,11.0,validation
920615316728116894,c82f895bbf10258b95cf3961c0eab7ad06b2280b436c6ceed6ec1fd7aa982c1f,1828,1815,0,13,0,12313.0,14312.5,0.0,2874.0,18.0,83.5,0,0,3,13,18206.625,18206.625,-6.068875000000008,6.735776805251641,14.824999999999932,0.9928884026258206,0.0,0.0071115973741794,0.0,0.0503282275711159,0.0,1,7.464968152866242,892.258064516129,923.9999999999995,1,5,3,0,0,0,120,1.0942189369998232,10,ppo,11.0,validation
11321464559684064666,be90d310432750e24095fd073bc6a8458a2f8ab11cffbf43c003e780758f29ce,1661,1635,0,26,0,11298.5,14729.5,0.0,2874.0,18.0,91.0,0,0,3,26,18083.875,18083.875,-6.027958333333337,6.802227573750753,15.0,0.9843467790487658,0.0,0.0156532209512341,0.0,0.0583985550872968,0.0,1,7.196261682242991,893.5483870967741,923.9999999999995,2,5,3,0,0,0,120,1.046981113999209,11,ppo,11.0,validation
298460692776493455,e19414457ecb537a940ab95a110698515ac6afe4873b4e91b94c5c295432533e,1787,1731,0,56,0,12217.5,18296.5,129.0,2874.0,18.0,176.0,0,0,3,56,21844.125,21844.125,-7.281375000000006,6.836877448237269,15.0,0.9686625629546728,0.0,0.0313374370453273,0.0,0.0531617235590374,0.0,1,7.606090373280943,893.8709677419355,911.9999999999998,1,5,3,0,0,0,120,1.01361420199828,12,ppo,11.0,validation
2008575011322856241,cbdb5e1a9996cdf0754660c2ec0c4d4490da9ca95a505544376a5b6c8f3c6154,1581,1555,0,26,0,10974.5,14601.0,0.0,2874.0,18.0,86.0,0,0,3,26,17722.75,17722.75,-5.907583333333337,6.941492726122707,14.5,0.9835547122074636,0.0,0.0164452877925363,0.0,0.0493358633776091,0.0,1,7.619918699186992,892.9032258064516,911.9999999999998,1,5,3,0,0,0,120,0.9078160120006942,13,ppo,11.0,validation
3932571245898404159,6ff0c7509cf951b204fc93ac1971edbdd759cf6ee798b360d45a01d9caa62d2a,1680,1648,0,32,0,11762.0,15839.5,127.0,2874.0,18.0,100.5,0,0,3,32,19257.875,19257.875,-6.419291666666663,7.001190476190477,15.0,0.9809523809523808,0.0,0.019047619047619,0.0,0.0535714285714285,0.0,1,7.346730245231607,892.5806451612904,900.0,2,4,3,0,0,0,120,0.959836711997923,14,ppo,11.0,validation
3197817061972406662,1cb07fe01bccd2d5240b283d98589fff0d44d711705f77dc9bbbdc31dca3c2ed,1656,1626,0,30,0,11079.0,15707.5,0.0,2874.0,18.0,82.0,0,0,3,30,18339.875,18339.875,-6.113291666666672,6.690217391304348,14.5,0.9818840579710144,0.0,0.0181159420289855,0.0,0.0477053140096618,0.0,1,7.311475409836065,892.9032258064516,900.0,1,4,3,0,0,0,120,1.0124993050012565,15,ppo,11.0,validation
14402477689565047371,733237e3dfa38ae994576a9700f49042653fa2abb075bf4815b7e61f0dc711fe,1600,1577,0,23,0,11085.0,14080.5,0.0,2874.0,18.0,99.0,0,0,3,23,17536.125,17536.125,-5.845374999999997,6.928125,15.0,0.985625,0.0,0.014375,0.0,0.054375,0.0,1,7.345360824742268,894.8387096774194,930.0,2,7,3,0,0,0,120,1.028517210001155,16,ppo,11.0,validation
2059559674407406622,d08cbb21c5679f497c2c8fc292fb8603b50d75f8016d624fd4779cb5e833e34e,1674,1645,0,29,0,11451.5,16605.5,0.0,2874.0,18.0,131.0,0,0,3,29,18925.875,18925.875,-6.308625000000001,6.840800477897252,15.0,0.9826762246117084,0.0,0.0173237753882915,0.0,0.062126642771804,0.0,1,7.527659574468085,892.258064516129,900.0,1,4,3,0,0,0,120,0.9489686619999702,17,ppo,11.0,validation
8414646920943542864,ae230ce8ccf805ea86bc35200928fe12dd4c23926150c64a75c6261b6e1eeca3,1665,1639,0,26,0,11009.0,15157.0,0.0,2874.0,18.0,88.5,0,0,3,26,17898.75,17898.75,-5.966250000000007,6.612012012012012,14.5,0.9843843843843844,0.0,0.0156156156156156,0.0,0.042042042042042,0.0,1,7.256457564575646,892.5806451612904,911.9999999999998,1,5,3,0,0,0,120,1.0348936030022742,18,ppo,11.0,validation
11536389792184891406,3f811324481fa6012191e7b359a910b929014a461b15a6ac2ee0b6eabe8b6b49,1707,1676,0,31,0,11667.5,16208.0,62.0,2874.0,18.0,80.5,0,0,3,31,19143.0,19143.0,-6.381,6.835090802577621,14.5,0.9818394844756884,0.0,0.0181605155243116,0.0,0.0480374926772114,0.0,1,7.465979381443299,892.9032258064516,900.0,3,4,3,0,0,0,120,0.9376520000005256,19,ppo,11.0,validation
7101706718267303232,0ed07c990f1fe4d43a85d15e46d60a0fa1d41ec13983bb022960f79cb8b33297,1545,1514,0,31,0,10225.5,15891.0,63.0,2874.0,18.0,83.0,0,0,3,31,17624.75,17624.75,-5.874916666666669,6.618446601941748,15.0,0.9799352750809062,0.0,0.0200647249190938,0.0,0.0530744336569579,0.0,1,7.0975206611570245,892.258064516129,935.9999999999992,1,5,3,0,0,0,120,0.8397413650018279,20,ppo,11.0,validation
13748483928322268646,3d74079aea53f13338e081cbea23c9af98d4a005b099c3a7c06e04c84471d36a,1503,1476,0,27,0,10442.0,13865.5,0.0,2874.0,18.0,98.5,0,0,3,27,17078.875,17078.875,-5.692958333333327,6.9474384564204925,15.0,0.9820359281437124,0.0,0.0179640718562874,0.0,0.0632069194943446,0.0,1,7.504960317460317,893.5483870967741,935.9999999999992,1,5,3,0,0,0,120,0.838434839999536,21,ppo,11.0,validation
6493343872504967042,f51e04de457608ef235af78d58b52e8ecc1dbfef731b92d9cc458461cbeca4dd,1574,1548,0,26,0,11377.5,14346.5,0.0,2874.0,18.0,146.5,0,0,3,26,18122.625,18122.625,-6.040875000000006,7.228398983481576,15.0,0.983481575603558,0.0,0.0165184243964421,0.0,0.0654383735705209,0.0,1,7.881901840490798,893.5483870967741,930.0,1,6,3,0,0,0,120,0.8738395180007501,22,ppo,11.0,validation
1807724498165244510,eefe2a7b412a363c16df4ce62b2dc20e57035d0caf0560309386a32c875ea479,1553,1513,0,40,15,10130.5,18235.5,1287.0,2874.0,18.0,112.5,15,0,3,40,19372.375,19372.375,-6.457458333333334,6.523180940115905,15.0,0.974243399871217,0.0,0.025756600128783,0.0096587250482936,0.051513200257566,0.0,1,6.986081370449679,892.258064516129,911.9999999999998,2,5,3,0,0,0,120,0.8706865619969903,23,ppo,11.0,validation
14496686073476133525,dd288e2e0c9dd2f312ac3938c5aeba0b55aaf8dacd531876d0121dfbc04cc274,1624,1604,0,20,0,11195.5,13866.0,0.0,2874.0,18.0,79.5,0,0,3,20,17393.5,17393.5,-5.797833333333335,6.89378078817734,14.5,0.9876847290640394,0.0,0.0123152709359605,0.0,0.0492610837438423,0.0,1,7.490981963927855,891.6129032258065,911.9999999999998,2,5,3,0,0,0,120,0.8516479079989949,24,ppo,11.0,validation
9025922740173681850,14d4586aeb4c5985b39c67a7bedca96cf4ad87156d1c99be684e6f7a38d9a2b2,1721,1697,0,24,0,11610.5,15424.5,10.0,2874.0,30.0,132.5,0,0,5,24,18506.125,18506.125,-6.168708333333337,6.746368390470656,15.0,0.9860546194073212,0.0,0.0139453805926786,0.0,0.0598489250435793,0.0,1,7.420212765957447,888.5106382978723,900.0,2,4,3,2,0,0,120,0.9268690200005948,25,ppo,11.0,validation
15838780127950940774,15a514845808a0c5463e4466b26358b15d70852383368a0db5f1c7dce26721f9,1467,1435,0,32,0,9729.5,14517.0,126.0,2874.0,18.0,67.5,0,0,3,32,16861.25,16861.25,-5.620416666666665,6.632242672119973,14.5,0.978186775732788,0.0,0.0218132242672119,0.0,0.0436264485344239,0.0,1,7.322198275862069,891.6129032258065,900.0,1,4,3,0,0,0,120,0.8486250979985925,26,ppo,11.0,validation
12931138876971287635,f24f79b80e14c81582388609a83b09063e5ac427f9b2052bf234eec4d0ff9baf,1507,1483,0,24,0,10211.0,13478.0,0.0,2874.0,18.0,100.0,0,0,3,24,16572.5,16572.5,-5.524166666666668,6.775713337757133,15.0,0.9840743198407432,0.0,0.0159256801592568,0.0,0.0623755806237558,0.0,1,7.554989816700611,891.6129032258065,900.0,1,4,3,0,0,0,120,0.9113318210002036,27,ppo,11.0,validation
442006588871635495,4bd95f8ab757c8ea401f93514548908918ffff2f5e272873bbdeb2dc74e9c35a,1707,1680,0,27,0,11333.5,15300.5,0.0,2874.0,18.0,107.5,0,0,3,27,18338.125,18338.125,-6.11270833333333,6.639425893380199,15.0,0.984182776801406,0.0,0.015817223198594,0.0,0.0515524311657879,0.0,1,7.0850840336134455,893.5483870967741,911.9999999999998,0,5,3,0,0,0,120,1.0819382339977892,28,ppo,11.0,validation
7659782847812233232,5113242d6923c51afdf3df8ce0f0e5fba1bd615f435e2b059b58510249128d30,1676,1623,0,53,0,11174.0,17435.0,0.0,2874.0,18.0,101.0,0,0,3,53,20265.75,20265.75,-6.755249999999994,6.667064439140812,15.0,0.9683770883054892,0.0,0.0316229116945107,0.0,0.0525059665871121,0.0,1,7.119496855345912,892.258064516129,900.0,1,4,3,0,0,0,120,1.0086433079995911,29,ppo,11.0,validation
6841613443374289388,f56d1c6959415787bf86d2b15c4f7658af5b40f7305d36bd6829ba9d7eb18cd4,1886,1861,0,25,0,12572.5,16225.5,27.0,2874.0,18.0,90.5,0,0,3,25,19684.875,19684.875,-6.561625000000004,6.6662248144220575,14.5,0.986744432661718,0.0,0.013255567338282,0.0,0.0477200424178154,0.0,1,7.3319415448851775,892.9032258064516,930.0,1,6,3,0,0,0,120,0.9758676399978868,30,ppo,11.0,validation
2473373350599339653,d85271739759099cd81077ab1faaf8fe662bd36e3d8ec4c9340b1cc536f92da4,1695,1665,0,30,0,11499.5,16287.5,0.0,2874.0,18.0,87.0,0,0,3,30,18910.375,18910.375,-6.303458333333337,6.784365781710915,14.5,0.9823008849557522,0.0,0.0176991150442477,0.0,0.047787610619469,0.0,1,7.1523031203566125,892.258064516129,911.9999999999998,1,5,3,0,0,0,120,0.8939880649995757,31,ppo,11.0,validation
16399067810724367669,8687a60f8cb26f8112b54d312241c189a9596b7721cc619b1c120b4c19f62fa4,1604,1571,0,33,0,10578.0,15141.5,194.0,2874.0,18.0,92.0,0,0,3,33,17984.375,17984.375,-5.994791666666675,6.594763092269327,14.5,0.979426433915212,0.0,0.020573566084788,0.0,0.0473815461346633,0.0,1,7.457716701902749,892.9032258064516,923.9999999999995,1,5,3,0,0,0,120,0.8853088010000647,32,ppo,11.0,validation
8849976403847908673,520048ca97cfbfb2869acce67d169f39dcfbb70ef00dde2c79e8d1073fa191e3,1633,1596,0,37,0,10530.5,16256.5,601.0,2874.0,18.0,104.5,0,0,3,37,18671.625,18671.625,-6.223875000000001,6.448560930802205,14.5,0.977342314758114,0.0,0.0226576852418861,0.0,0.0459277403551745,0.0,1,7.443956043956044,894.1935483870968,900.0,3,4,3,0,0,0,120,0.862466348997259,33,ppo,11.0,validation
5752326567894464541,2bb32f0642e2413fae2b0da736c470c9f1b1da00f688d5cd0ef73577cc78152c,1595,1575,0,20,0,10761.0,14404.0,0.0,2874.0,18.0,88.0,0,0,3,20,17102.0,17102.0,-5.7006666666666685,6.746708463949843,14.5,0.987460815047022,0.0,0.012539184952978,0.0,0.0470219435736677,0.0,1,7.316528925619835,891.6129032258065,911.9999999999998,0,5,3,0,0,0,120,0.9535711889984668,34,ppo,11.0,validation
4753028982593379722,f63010faac448e947e6dc6b6aff5b692a828d51a282c21d7a59fe3b9da6bf898,1750,1734,0,16,0,12141.0,13925.0,9.0,2874.0,18.0,113.5,0,0,3,16,18152.25,18152.25,-6.0507500000000025,6.937714285714286,15.0,0.9908571428571428,0.0,0.0091428571428571,0.0,0.052,0.0,1,7.425925925925926,893.2258064516129,911.9999999999998,2,5,3,0,0,0,120,1.0867279180019978,35,ppo,11.0,validation
1953131648883091997,fc4177c21054eb02b31f9bae9aca03cb4725272c3f38ee6f02f41367b8b904cf,1565,1544,0,21,0,10898.5,13112.0,0.0,2874.0,18.0,114.0,0,0,3,21,17002.5,17002.5,-5.667500000000008,6.963897763578275,15.0,0.9865814696485624,0.0,0.0134185303514377,0.0,0.0562300319488817,0.0,1,7.46984126984127,893.5483870967741,960.0,2,6,3,0,0,0,120,1.0077096640015952,36,ppo,11.0,validation
3735538421639015564,776748ddd118ca42fa1f2ce78a52a047b687f444276b33f8eca069d1f0513971,1738,1721,0,17,0,12146.0,14627.5,0.0,2874.0,18.0,113.0,0,0,3,17,18387.875,18387.875,-6.12929166666667,6.98849252013809,15.0,0.9902186421173764,0.0,0.0097813578826237,0.0,0.0563866513233601,0.0,1,7.954736842105263,892.9032258064516,900.0,2,4,3,0,0,0,120,1.083313831997657,37,ppo,11.0,validation
12974285521474756459,b1c1dc07ac8f13a6bb93210f7a6b65bed36a6d708e427af525c9e079975dee5d,1703,1685,0,18,0,11710.0,13901.5,0.0,2874.0,18.0,61.0,0,0,3,18,17778.375,17778.375,-5.9261249999999945,6.876100998238403,14.5,0.9894304169113328,0.0,0.010569583088667,0.0,0.0434527304756312,0.0,1,7.620357634112792,892.5806451612904,930.0,2,7,3,0,0,0,120,0.8990862470018328,38,ppo,11.0,validation
15923605305336745228,bf89ccc5e15fa5949164ef582a8285245b8d8aa8decf5349af0d661d8776f44b,1534,1489,0,45,0,10509.0,15314.0,0.0,2874.0,18.0,65.0,0,0,3,45,18554.5,18554.5,-6.184833333333331,6.850717079530639,14.5,0.970664928292047,0.0,0.029335071707953,0.0,0.0345501955671447,0.0,1,7.403937007874016,890.9677419354839,911.9999999999998,1,5,3,0,0,0,120,0.8829023119978956,39,ppo,11.0,validation
5391785825108490336,c72668e4f6649a70dd0220925e33a435cee1a25df2b3ab7a10fc9e6aaa6f7aa4,1757,1731,0,26,0,12455.0,16791.5,0.0,2874.0,24.0,96.5,0,0,4,26,19766.375,19766.375,-6.588791666666671,7.088787706317587,15.0,0.9852020489470688,0.0,0.0147979510529311,0.0,0.0608992601024473,0.0,1,7.551633986928104,888.7096774193549,911.9999999999998,1,5,3,1,0,0,120,0.8938894439997966,40,ppo,11.0,validation
9945022509052842089,5797572ea0e47cac91b9e784cf056b40a5ddb1d38f8fc02ee5db904457c0ab6f,1704,1680,0,24,0,11572.5,17141.0,0.0,2874.0,18.0,79.5,0,0,3,24,18829.25,18829.25,-6.276416666666668,6.79137323943662,14.5,0.9859154929577464,0.0,0.0140845070422535,0.0,0.0446009389671361,0.0,1,7.29108635097493,891.6129032258065,900.0,0,4,3,0,0,0,120,0.905703339001775,41,ppo,11.0,validation
5379672141699874778,d6d48e186b6515b2835726de03575c2573d867220548f0d57f0e47ae13720267,1655,1627,0,28,0,11199.0,14345.0,0.0,2874.0,18.0,95.5,0,0,3,28,18012.75,18012.75,-6.004249999999999,6.766767371601208,14.5,0.9830815709969788,0.0,0.0169184290030211,0.0,0.0447129909365558,0.0,1,7.267021276595744,893.8709677419355,911.9999999999998,3,5,3,0,0,0,120,0.8755217930010986,42,ppo,11.0,validation
2792574491178042836,138f2b4b1062147da9edfd2b8ee3f5a297edab274d959100e3efe4b6c55fbd73,1478,1449,0,29,0,9903.0,14479.5,0.0,2874.0,24.0,92.0,0,0,4,29,16811.875,16811.875,-5.603958333333333,6.700270635994587,15.0,0.9803788903924222,0.0,0.0196211096075778,0.0,0.0561569688768606,0.0,1,7.311440677966102,888.7096774193549,923.9999999999995,0,5,3,1,0,0,120,0.8211613380008203,43,ppo,11.0,validation
16295273536169609366,bc3a310d08f4ce4fa5d303e6de0dd0ccad6a7c53c4b6c787aa005241a4680e26,1728,1663,0,65,0,11724.5,19292.5,319.0,2874.0,18.0,124.0,0,0,3,65,22183.125,22183.125,-7.394374999999997,6.785011574074074,14.5,0.9623842592592592,0.0,0.0376157407407407,0.0,0.0491898148148148,0.0,1,7.332270408163265,892.258064516129,911.9999999999998,1,5,3,0,0,0,120,0.8825448380011949,44,ppo,11.0,validation
11347235843420216387,0f3b6a72dc740340d0c84719de35833200f807cf146496f6ded6ba78fa3e88a3,1562,1496,0,66,0,10540.5,18403.0,380.5,2874.0,18.0,81.5,0,0,3,66,20825.0,20825.0,-6.941666666666674,6.748079385403329,14.5,0.9577464788732394,0.0,0.0422535211267605,0.0,0.0467349551856594,0.0,1,7.435096153846154,890.3225806451613,911.9999999999998,0,5,3,0,0,0,120,0.8544072040022002,45,ppo,11.0,validation
7797958389276775086,56c8422be4fdf6a551e1b5dac9bb6db2afe94b618780716222b9e9352dcd76e1,1719,1707,0,12,0,12021.5,13279.5,38.0,2874.0,18.0,179.0,0,0,3,12,17711.375,17711.375,-5.903791666666674,6.993310063990692,15.5,0.9930191972076788,0.0,0.0069808027923211,0.0,0.0721349621873182,0.0,1,7.777894736842105,894.8387096774194,935.9999999999992,2,5,3,0,0,0,120,0.8493792160006706,46,ppo,11.0,validation
5728114968527056975,b7f8ec03014d68bb7760a5e4db42e9f07d6155141115377542d409c1155ab0e3,1724,1694,0,30,0,11502.5,16355.0,0.0,2874.0,30.0,116.0,0,0,5,30,18969.25,18969.25,-6.323083333333334,6.671983758700696,15.0,0.9825986078886312,0.0,0.0174013921113689,0.0,0.0568445475638051,0.0,1,6.963495575221239,886.5957446808511,940.4999999999998,0,7,3,2,0,0,120,0.8931541810015915,47,ppo,11.0,validation
12779048670444388056,10a1b6974d54c9f329a42ffbc26ea20233d4d7049f7d7a47d02c2766e1bfd4e0,1685,1660,0,25,0,11325.0,14742.0,0.0,2874.0,18.0,89.5,0,0,3,25,18052.0,18052.0,-6.017333333333334,6.721068249258161,14.5,0.9851632047477744,0.0,0.0148367952522255,0.0,0.0451038575667655,0.0,1,7.128691983122363,892.5806451612904,923.9999999999995,2,5,3,0,0,0,120,0.8744831110016094,48,ppo,11.0,validation
7443001247269656638,1ce5460f14e928dc3f716c01b1e09f21d97d16a03df68d3af64aa912ba5c1db1,1831,1805,0,26,0,12114.5,16152.0,0.0,2874.0,18.0,96.5,0,0,3,26,19261.0,19261.0,-6.420333333333342,6.616329874385582,14.5,0.985800109229929,0.0,0.014199890770071,0.0,0.0496996176952485,0.0,1,7.337864077669903,891.2903225806451,930.0,0,6,3,0,0,0,120,0.9575140859997192,49,ppo,11.0,validation
15252049609767623705,0f6b032639fb639cec825881d9cdc786253708dfb7909eef4a37c3f914fe89b1,1758,1736,0,22,0,11961.0,15564.5,17.5,2874.0,18.0,101.5,0,0,3,22,18734.375,18734.375,-6.244791666666661,6.803754266211604,14.5,0.987485779294653,0.0,0.0125142207053469,0.0,0.0483503981797497,0.0,1,7.4821073558648115,893.2258064516129,935.9999999999992,1,5,3,0,0,0,120,0.9182478559996524,50,ppo,11.0,validation
11218840620931775516,7566a3a24bbb19689873437395c9c2cf52118a3b216ceba3a1bfd1a7332e210d,1515,1500,0,15,0,10742.5,12055.0,0.0,2874.0,18.0,87.0,0,0,3,15,16195.25,16195.25,-5.398416666666666,7.090759075907591,15.0,0.99009900990099,0.0,0.0099009900990099,0.0,0.0574257425742574,0.0,1,7.569860279441118,892.9032258064516,900.0,2,4,3,0,0,0,120,0.8145725760005007,51,ppo,11.0,validation
12776053817811108770,3f257f5915da9cede6412906290498157c457b9fc687d926276a2436322ef8ae,1713,1689,0,24,0,11551.0,15919.0,0.0,2874.0,24.0,93.0,0,0,4,24,18520.75,18520.75,-6.173583333333335,6.743140688849971,14.5,0.9859894921190894,0.0,0.0140105078809106,0.0,0.0391126678342089,0.0,1,7.324210526315789,888.0645161290323,911.9999999999998,1,5,3,1,0,0,120,0.9521874819984076,52,ppo,11.0,validation
9406443979133441278,81bb454b89af18ebd94293320e2658af4ed400738ce1dbd926b9e9001d5ae728,1506,1478,0,28,0,10560.0,14337.5,0.0,2874.0,18.0,131.5,0,0,3,28,17407.875,17407.875,-5.802624999999997,7.01195219123506,15.0,0.9814077025232404,0.0,0.0185922974767596,0.0,0.0531208499335989,0.0,1,7.695414847161572,891.9354838709677,900.0,1,3,3,0,0,0,120,0.8194651519988838,53,ppo,11.0,validation
4155266813093080314,2fffea7d912f3b1c67b727c236cdb8137400c93f718b2a3baf09c64f0e6c9059,1540,1516,0,24,0,10465.5,13633.0,0.0,2874.0,24.0,130.0,0,0,4,24,16900.75,16900.75,-5.633583333333334,6.795779220779221,15.0,0.9844155844155844,0.0,0.0155844155844155,0.0,0.0597402597402597,0.0,1,7.421810699588478,889.3548387096774,911.9999999999998,2,5,3,1,0,0,120,0.8788986279978417,54,ppo,11.0,validation
7790826153805416586,07e30e9b9c1a339550ebe6f4f89c89dce7e96e6603153c83a2950f1038b78ae1,1665,1646,0,19,0,11557.5,13951.5,0.0,2874.0,24.0,99.5,0,0,4,19,17741.875,17741.875,-5.913958333333336,6.941441441441442,15.0,0.9885885885885886,0.0,0.0114114114114114,0.0,0.0576576576576576,0.0,1,7.407630522088353,889.0322580645161,900.0,2,4,3,1,0,0,120,0.8722875469975406,55,ppo,11.0,validation
14169258007686049119,aea4226be00fb10c356ec02ce54fe3ec2a315875586915332a1f8946a28896a0,1521,1499,0,22,0,10099.5,13563.5,0.0,2874.0,24.0,95.5,0,0,4,22,16362.875,16362.875,-5.454291666666661,6.640039447731756,15.0,0.9855358316896778,0.0,0.0144641683103221,0.0,0.0598290598290598,0.0,1,7.119136960600375,893.8709677419355,923.9999999999995,2,5,3,1,0,0,120,0.9179429490031908,56,ppo,11.0,validation
10465658921233839178,38ecad1d5e0176c552746fbae20323262b439609e08ab085ae4c0d1c0b97db77,1796,1773,0,23,0,12547.5,15754.0,0.0,2874.0,24.0,108.0,0,0,4,23,19431.0,19431.0,-6.476999999999996,6.986358574610245,15.0,0.9871937639198218,0.0,0.0128062360801781,0.0,0.05456570155902,0.0,1,8.012448132780083,889.3548387096774,900.0,1,4,3,1,0,0,120,1.0256177480005135,57,ppo,11.0,validation
5062259731771084839,ca8322ab25ba6b7083da9a5256f2a51ea90250473221579f86ee9d0a94e3c480,1661,1641,0,20,0,11059.0,13861.0,0.0,2874.0,18.0,99.0,0,0,3,20,17275.25,17275.25,-5.758416666666671,6.658037326911499,14.5,0.9879590608067428,0.0,0.012040939193257,0.0,0.0499698976520168,0.0,1,7.11954261954262,893.2258064516129,900.0,2,4,3,0,0,0,120,0.9481198630019207,58,ppo,11.0,validation
4282006796893477066,b3a581c18fa4c82b6403d221c597c42f7d2f6f64cb2b4079b345f99a60316784,1527,1502,0,25,0,10498.0,13680.0,0.0,2874.0,18.0,108.5,0,0,3,25,16978.5,16978.5,-5.659500000000004,6.874918140144073,15.0,0.9836280288146692,0.0,0.0163719711853307,0.0,0.0569744597249508,0.0,1,7.491228070175438,893.8709677419355,911.9999999999998,2,5,3,0,0,0,120,0.8808303849982622,59,ppo,11.0,validation
13019904324637333104,5d659e81d42444d4018d888512d449ddebe1fa45bec8e4e84594bbde1f972666,1569,1556,0,13,0,10772.0,13227.0,0.0,2874.0,18.0,66.5,0,0,3,13,16377.25,16377.25,-5.459083333333341,6.865519439133206,14.5,0.9917144678138942,0.0,0.0082855321861058,0.0,0.0458891013384321,0.0,1,7.32312404287902,891.9354838709677,930.0,0,6,3,0,0,0,120,0.8144936479984608,60,ppo,11.0,validation
8939849990919870178,0ac42c0df3917c80a40321ced518121927cdf1b7dd0a6a6a328efe3b2927a6e9,1705,1684,0,21,0,11765.0,14154.5,0.0,2874.0,18.0,93.0,0,0,3,21,18108.625,18108.625,-6.036208333333339,6.900293255131965,15.0,0.987683284457478,0.0,0.0123167155425219,0.0,0.0551319648093841,0.0,1,7.393725992317542,892.258064516129,900.0,1,4,3,0,0,0,120,0.8715421480010264,61,ppo,11.0,validation
15604111264226146730,ca53aa595ea4c5f9e2460406987efaaceb01e1366ede7e1a8cce6dc065925ea6,1796,1745,0,51,0,12220.0,17627.0,0.0,2874.0,24.0,67.0,0,0,4,51,21210.75,21210.75,-7.070250000000003,6.804008908685969,14.5,0.9716035634743876,0.0,0.0283964365256124,0.0,0.0428730512249443,0.0,1,7.172478206724782,889.6774193548387,923.9999999999995,2,5,3,1,0,0,120,0.926318343001185,62,ppo,11.0,validation
2755479391618710981,e6124afe9100b4ee0c0a149cbefefa44f8b848888299b54cde857489cf928650,1608,1574,0,34,0,10944.5,15753.0,0.0,2874.0,18.0,95.5,0,0,3,34,18470.25,18470.25,-6.156750000000001,6.806281094527363,15.0,0.9788557213930348,0.0,0.0211442786069651,0.0,0.0516169154228855,0.0,1,7.480083857442348,891.2903225806451,923.9999999999995,0,5,3,0,0,0,120,0.8672485320021224,63,ppo,11.0,validation
4141821708171898194,722cd186734c874e3b4051541946a2b1f372288cc5ec4e13a6d64352d79098f7,1627,1604,0,23,0,11074.0,14260.5,0.0,2874.0,18.0,114.5,0,0,3,23,17585.625,17585.625,-5.861874999999999,6.80639213275968,15.0,0.9858635525507068,0.0,0.0141364474492931,0.0,0.0559311616472034,0.0,1,7.456611570247934,893.2258064516129,941.9999999999998,1,6,3,0,0,0,120,0.8797075080001378,64,ppo,11.0,validation
12982646719149841346,245eb7d15b15ae480fdb77144a2a1f8e8dc170749294bda5b5a2496f5c433c41,1704,1687,0,17,0,11435.0,14186.0,0.0,2874.0,18.0,52.5,0,0,3,17,17506.0,17506.0,-5.835333333333341,6.710680751173709,14.5,0.9900234741784038,0.0,0.0099765258215962,0.0,0.0352112676056338,0.0,1,7.244918699186992,894.8387096774194,971.9999999999998,2,6,3,0,0,0,120,0.8941914560018631,65,ppo,11.0,validation
7869340137858917758,a7b0f38e6e95ac0472801ff23f74a3490a68c53f61534bbd32d9439710b9b04a,1520,1494,0,26,0,10229.5,13764.0,0.0,2874.0,24.0,69.0,0,0,4,26,16756.5,16756.5,-5.585500000000005,6.729934210526316,15.0,0.9828947368421052,0.0,0.0171052631578947,0.0,0.0559210526315789,0.0,1,7.39384288747346,889.6774193548387,930.0,1,6,3,1,0,0,120,0.7990087830003176,66,ppo,11.0,validation
11426800540374387104,77929f56f1f1fedeaffa5320b7723300ebcf158e42beebfc63828a8e350546e6,1523,1498,0,25,0,10293.0,13655.5,0.0,2874.0,18.0,110.0,0,0,3,25,16768.875,16768.875,-5.589624999999997,6.758371634931057,15.0,0.9835850295469468,0.0,0.0164149704530531,0.0,0.0531845042678923,0.0,1,7.651385927505331,892.258064516129,900.0,1,4,3,0,0,0,120,0.875290035000944,67,ppo,11.0,validation
7543729579393579090,75cf1ff10400e22f65a20fb0614a1acad1804cc7fe4f56e1b461d893cbc45efe,1605,1573,0,32,0,10693.5,15697.5,128.5,2874.0,24.0,79.5,0,0,4,32,18138.625,18138.625,-6.04620833333333,6.662616822429906,14.5,0.9800623052959502,0.0,0.0199376947040498,0.0,0.038006230529595,0.0,1,7.336016096579477,889.0322580645161,960.0,0,7,3,1,0,0,120,0.9038738509989344,68,ppo,11.0,validation
16138414015037925670,83611110156887b08a943cf1a0fe606b0ea30f9145e46f19c5e923972c31307a,1786,1767,0,19,0,11779.0,14837.5,0.0,2874.0,18.0,116.0,0,0,3,19,18196.375,18196.375,-6.06545833333333,6.59518477043673,14.5,0.9893617021276596,0.0,0.0106382978723404,0.0,0.0403135498320268,0.0,1,7.055441478439425,892.9032258064516,911.9999999999998,2,5,3,0,0,0,120,0.9229914890020154,69,ppo,11.0,validation
5761313295543618136,4c84ade0dd77ae5f03540ee94a56d28215f74777a0ffedd9b90c6ce3e55c57bd,1636,1620,0,16,0,11541.0,13008.0,0.0,2874.0,18.0,195.0,0,0,3,16,17400.0,17400.0,-5.800000000000001,7.05440097799511,15.0,0.9902200488997556,0.0,0.0097799511002444,0.0,0.0623471882640586,0.0,1,7.431137724550898,896.4516129032259,941.9999999999998,3,6,3,0,0,0,120,0.8718761519994587,70,ppo,11.0,validation
17034738449644398793,ce26428241cc88b8dc2825af692b5b1929202275cdd1f997be19870f93e23cb3,1682,1665,0,17,0,11270.0,13602.5,20.0,2874.0,18.0,58.5,0,0,3,17,17211.125,17211.125,-5.737041666666673,6.700356718192628,14.5,0.9898929845422116,0.0,0.0101070154577883,0.0,0.0469678953626635,0.0,1,7.608216432865731,891.2903225806451,911.9999999999998,1,5,3,0,0,0,120,0.9525575849984308,71,ppo,11.0,validation
10338590401481307651,800b2c72bbd4d89057d6105b17eb504035031a85b4498badd71c708420737823,1883,1883,0,0,0,12445.5,15242.5,3.0,2860.0,36.0,86.5,0,0,6,0,17804.125,17804.125,-5.934708333333329,6.609399893786511,14.5,1.0,0.0,0.0,0.0,0.0488582049920339,0.0,1,7.642712550607287,886.421052631579,909.0,2,5,4,1,0,1,120,1.0232404490016052,72,ppo,11.0,validation
15176038565710641044,864648d09e5a21c248d874f819280115a051ade38021ff61fb52bf363bff4c60,1634,1605,0,29,0,11100.5,15874.0,0.0,2874.0,18.0,74.0,0,0,3,29,18335.0,18335.0,-6.111666666666669,6.793451652386781,15.0,0.982252141982864,0.0,0.0177478580171358,0.0,0.0538555691554467,0.0,1,7.37426326129666,893.2258064516129,941.9999999999998,1,6,3,0,0,0,120,0.9640411559994392,73,ppo,11.0,validation
13324970145863014866,6eac205377bbfd25965aba7a6390cfa88f0079d1b6dc7f1a1a86846b43193a8f,1579,1544,0,35,0,10419.5,15048.5,385.5,2874.0,18.0,84.0,0,0,3,35,18010.375,18010.375,-6.003458333333332,6.598796706776441,14.5,0.9778340721975934,0.0,0.0221659278024065,0.0,0.0424319189360354,0.0,1,7.0691244239631335,892.9032258064516,900.0,2,4,3,0,0,0,120,1.0057460880016151,74,ppo,11.0,validation
2155511307105775750,ad76fc17007a3d292edeae5b5198cbb050d224def708aac090097ccb2565de02,1550,1518,0,32,0,10716.0,14566.0,125.0,2874.0,18.0,118.5,0,0,3,32,17910.5,17910.5,-5.970166666666666,6.913548387096774,15.0,0.9793548387096774,0.0,0.0206451612903225,0.0,0.0587096774193548,0.0,1,7.397203947368421,895.1612903225806,930.0,2,7,3,0,0,0,120,0.9823919720001868,75,ppo,11.0,validation
6361160522429770574,43bc92d042fa7112da7f8e570c8a0af9fa0b7c0daa7e275f3883fabb65fcb133,1588,1510,0,78,9,10567.0,20920.5,1803.0,2874.0,18.0,78.5,9,0,3,78,22954.125,22954.125,-7.651374999999991,6.654282115869018,14.5,0.95088161209068,0.0,0.0491183879093199,0.0056675062972292,0.0478589420654911,0.0,1,7.63370786516854,890.9677419354839,923.9999999999995,1,5,3,0,0,0,120,0.9589826779993018,76,ppo,11.0,validation
17507991780947498769,7d59c4fdcd20fb1d6b08d1e01488f38e890fa11af9c155930a254df18abc93f3,1564,1542,0,22,0,10453.5,13283.0,0.0,2874.0,18.0,102.0,0,0,3,22,16648.25,16648.25,-5.54941666666666,6.6838235294117645,15.0,0.9859335038363172,0.0,0.0140664961636828,0.0,0.0569053708439897,0.0,1,7.27991452991453,894.516129032258,935.9999999999992,1,5,3,0,0,0,120,0.8879082299972652,77,ppo,11.0,validation
10540399830828335095,f64021f325675710021876e10ca8b13b0fb6ed79b57f490a3f95084718a530e1,1569,1529,0,40,0,10855.5,15422.5,60.5,2860.0,30.0,137.5,0,0,5,40,18733.875,18733.875,-6.244625000000002,6.918738049713193,15.0,0.9745060548119822,0.0,0.0254939451880178,0.0,0.0707456978967495,0.0,1,7.554421768707483,895.483870967742,941.9999999999998,3,6,4,0,0,1,120,0.9547110970015638,78,ppo,11.0,validation
9107172678426733304,447c272fa55202eda27023318b12a64cf7cda5b3c889e5a4c969c4debea82b47,1848,1835,0,13,0,12500.0,14819.5,4.5,2874.0,18.0,156.0,0,0,3,13,18595.125,18595.125,-6.198375000000003,6.764069264069264,15.0,0.992965367965368,0.0,0.007034632034632,0.0,0.0524891774891774,0.0,1,7.3734177215189876,893.2258064516129,900.0,3,3,3,0,0,0,120,1.0518393050006123,79,ppo,11.0,validation
15056492947613432272,6a45dc5bb47e0933259ed385b7b7dc363bd98e7a13348cc598531200c3b483be,1770,1757,0,13,0,11860.0,13922.5,0.0,2874.0,18.0,140.5,0,0,3,13,17713.125,17713.125,-5.904375000000008,6.700564971751413,15.0,0.9926553672316384,0.0,0.0073446327683615,0.0,0.0564971751412429,0.0,1,7.308365758754864,895.483870967742,900.0,3,4,3,0,0,0,120,0.9998924690007698,80,ppo,11.0,validation
5321070914716033523,f16e0120395b3cc023dab3f15d9204d476b7f4d9237c3a38c4f49a3d993b3603,1538,1510,0,28,0,10549.0,14303.0,0.0,2874.0,18.0,88.5,0,0,3,28,17345.25,17345.25,-5.781749999999999,6.85890767230169,14.5,0.9817945383615084,0.0,0.0182054616384915,0.0,0.0442132639791937,0.0,1,7.717021276595744,894.1935483870968,935.9999999999992,2,5,3,0,0,0,120,0.9457227249986316,81,ppo,11.0,validation
7370292257203021530,14eb47ec8e963e5fc40970fc5344d37082857229241228927d77aecfc09feeb1,1600,1574,0,26,0,11261.0,14313.0,0.0,2874.0,18.0,121.5,0,0,3,26,17972.75,17972.75,-5.990916666666675,7.038125,15.0,0.98375,0.0,0.01625,0.0,0.0575,0.0,1,7.539078156312625,892.9032258064516,930.0,2,6,3,0,0,0,120,0.9189921529978164,82,ppo,11.0,validation
4203700561093472151,2e2161057c049d2969e01f20249459b9d76b376d8bea231d59bb5fbc3785f210,1603,1580,0,23,0,10577.0,13678.0,0.0,2874.0,18.0,70.0,0,0,3,23,16898.5,16898.5,-5.6328333333333305,6.598253275109171,14.5,0.9856519026824704,0.0,0.0143480973175296,0.0,0.0430442919525888,0.0,1,7.057874762808349,892.5806451612904,900.0,1,4,3,0,0,0,120,1.015866466001171,83,ppo,11.0,validation
15468677604900636542,a8c4c2c3d1281fc400aab1d56578ad0d8309dd635532c46d3b7c8a188dad2cdb,1655,1601,0,54,0,10837.0,18269.5,10.5,2874.0,18.0,87.5,0,0,3,54,20189.125,20189.125,-6.729708333333332,6.548036253776435,15.0,0.9673716012084592,0.0,0.0326283987915407,0.0,0.0525679758308157,0.0,1,7.24630021141649,892.258064516129,935.9999999999992,1,5,3,0,0,0,120,0.9564495049999095,84,ppo,11.0,validation
13724838781584715725,f9fffe5d3c9abbf7053345a1274c7d178cda5b89f4f535e1dc647fe45da3dd5e,1579,1563,0,16,0,10554.5,12597.5,0.0,2874.0,18.0,79.5,0,0,3,16,16195.375,16195.375,-5.398458333333336,6.684293856871437,14.5,0.9898670044331856,0.0,0.0101329955668144,0.0,0.0411652944901836,0.0,1,7.105263157894737,891.9354838709677,900.0,2,4,3,0,0,0,120,0.9439589079993312,85,ppo,11.0,validation
11230441635210678958,b25e5621df47c7150417ee2d31a3d6b7a6a99fbe52e9e5d1fc7f9e926669b3ce,1848,1822,0,26,0,12568.0,16032.5,10.5,2874.0,18.0,158.5,0,0,3,26,19751.875,19751.875,-6.5839583333333405,6.800865800865801,15.0,0.985930735930736,0.0,0.014069264069264,0.0,0.053030303030303,0.0,1,7.607505070993914,892.9032258064516,930.0,2,6,3,0,0,0,120,0.984611814001255,86,ppo,11.0,validation
16701087225863400566,97c0a3b195696a4b94e648459da35bf15a954c1d8c6372e3bdee6b2864eedb5f,1750,1716,0,34,0,11664.5,16197.0,250.0,2874.0,18.0,71.0,0,0,3,34,19401.75,19401.75,-6.467250000000004,6.665428571428572,15.0,0.9805714285714284,0.0,0.0194285714285714,0.0,0.052,0.0,1,7.442708333333333,891.2903225806451,935.9999999999992,0,5,3,0,0,0,120,0.9794853499988676,87,ppo,11.0,validation
12852035715184500416,5112a6f5677b427bf7089e6361d77790b8eeb4c1ad97a5d2ef0017577aa3d09a,1764,1731,0,33,0,12182.0,15629.5,189.0,2874.0,18.0,174.0,0,0,3,33,19789.875,19789.875,-6.596625000000006,6.905895691609977,15.0,0.9812925170068028,0.0,0.0187074829931972,0.0,0.0555555555555555,0.0,1,7.385,894.8387096774194,900.0,3,3,3,0,0,0,120,0.9872388309995586,88,ppo,11.0,validation
10941241360205269915,dc0d7f067fa2a4356bd73ddb0f919b1fa7a1ab50f64a564f4168dc56009a798c,1732,1707,0,25,0,11844.5,15341.0,0.0,2874.0,18.0,108.0,0,0,3,25,18739.75,18739.75,-6.246583333333337,6.838625866050808,15.0,0.985565819861432,0.0,0.0144341801385681,0.0,0.0508083140877598,0.0,1,7.413173652694611,892.5806451612904,900.0,2,3,3,0,0,0,120,1.0184569539997028,89,ppo,11.0,validation
11860815478016548678,bbb1b79d9e02a213123d29a958dda222fe23ae901acb4c6a23fd9dbe6d445de9,1499,1477,0,22,0,9928.0,13454.5,0.0,2874.0,18.0,55.0,0,0,3,22,16118.625,16118.625,-5.372874999999993,6.623082054703136,14.5,0.9853235490326884,0.0,0.0146764509673115,0.0,0.0406937958639092,0.0,1,7.277255639097745,892.5806451612904,900.0,1,4,3,0,0,0,120,0.8723095290006313,90,ppo,11.0,validation
10952941727011230459,97c197836eb10f160252c3901461e91e015500fca2e4442831e4871c93170183,1610,1570,0,40,1,10763.5,16854.5,892.5,2874.0,18.0,137.5,1,0,3,40,19417.875,19417.875,-6.472625000000006,6.685403726708074,15.0,0.9751552795031057,0.0,0.0248447204968944,0.0006211180124223,0.0540372670807453,0.0,1,7.172077922077922,893.8709677419355,923.9999999999995,2,5,3,0,0,0,120,0.9386496300030558,91,ppo,11.0,validation
5144651067799883036,3a1de6f8cf732b602ca063ffd6ac29e1d2d1e8ebe71823d12e6ca92a4e9ebd1d,1661,1605,0,56,0,11430.0,17438.0,0.0,2874.0,18.0,103.5,0,0,3,56,20705.0,20705.0,-6.901666666666673,6.881396748946417,15.0,0.9662853702588802,0.0,0.0337146297411198,0.0,0.0559903672486453,0.0,1,7.724431818181818,891.6129032258065,900.0,2,4,3,0,0,0,120,0.9355504800005292,92,ppo,11.0,validation
1023563095068082415,5b71a2db29553606c03d4116176f552b9cea6355f352f5bfc5b3d3e3befad780,1664,1643,0,21,0,11049.5,13975.0,0.0,2874.0,18.0,117.5,0,0,3,21,17372.75,17372.75,-5.790916666666667,6.640324519230769,15.0,0.9873798076923076,0.0,0.0126201923076923,0.0,0.0564903846153846,0.0,1,7.177173913043478,892.9032258064516,900.0,3,4,3,0,0,0,120,0.9546270769969852,93,ppo,11.0,validation
12788944698657293287,30910961062689856be837aa18e22180f8370754893a6dce4ca5b28234671537,1673,1643,0,30,0,10984.5,15695.0,0.0,2874.0,18.0,83.5,0,0,3,30,18243.75,18243.75,-6.081250000000005,6.565750149432158,14.5,0.982068141063957,0.0,0.017931858936043,0.0,0.0418410041841004,0.0,1,7.328402366863905,892.258064516129,930.0,1,6,3,0,0,0,120,0.9667289970020648,94,ppo,11.0,validation
4472948730899397729,a210cc8292cde32724b5783c531120f31b9c9052aa9c9c441834c61b5e35f058,1680,1655,0,25,0,11217.5,14559.0,0.0,2874.0,18.0,107.0,0,0,3,25,17916.25,17916.25,-5.972083333333338,6.677083333333333,15.0,0.9851190476190476,0.0,0.0148809523809523,0.0,0.0583333333333333,0.0,1,7.349785407725322,893.8709677419355,911.9999999999998,2,5,3,0,0,0,120,0.9348581349986488,95,ppo,11.0,validation
14095830889516912706,8ca1ea0a14f818fe7985aa378ef90111ef7e111a1defb5968a2069f64146d75e,1622,1599,0,23,0,11039.5,14295.5,0.0,2874.0,18.0,110.5,0,0,3,23,17555.875,17555.875,-5.851958333333329,6.806103575832306,15.0,0.9858199753390876,0.0,0.0141800246609124,0.0,0.0542540073982737,0.0,1,7.374458874458875,893.2258064516129,900.0,1,3,3,0,0,0,120,0.924800934000814,96,ppo,11.0,validation
3861052387086055358,534ab54c0d1f943977fa514863ee8559d2c8b13ffabb91925698168415ba7a1b,1731,1710,0,21,0,11282.5,15361.5,0.0,2874.0,18.0,116.0,0,0,3,21,17950.875,17950.875,-5.983625000000005,6.51790872328134,14.5,0.9878682842287696,0.0,0.0121317157712305,0.0,0.0496822645869439,0.0,1,7.442567567567567,892.9032258064516,911.9999999999998,1,5,3,0,0,0,120,1.003875121998135,97,ppo,11.0,validation
4233854033046791768,58319bd2b4b5a099b82759fe3b9e74ae5580d24d3a9c309475a256c7c7705b44,1518,1482,0,36,0,10334.5,15342.0,455.0,2874.0,18.0,49.0,0,0,3,36,18058.5,18058.5,-6.019499999999997,6.807971014492754,14.5,0.9762845849802372,0.0,0.0237154150197628,0.0,0.0461133069828722,0.0,1,7.200431034482759,891.2903225806451,930.0,0,6,3,0,0,0,120,0.8909905330001493,98,ppo,11.0,validation
10087018787533777920,a7d6f23156d7f1e558b3afc6b549bc7b25ba8d8db4ec91b8bb547cf86e66f8b2,1623,1603,0,20,0,11169.5,13724.5,0.0,2874.0,18.0,99.5,0,0,3,20,17352.125,17352.125,-5.784041666666667,6.882008626001232,15.0,0.9876771410967344,0.0,0.0123228589032655,0.0,0.0523721503388786,0.0,1,7.242857142857143,894.1935483870968,960.0,2,6,3,0,0,0,120,0.9552383929985808,99,ppo,11.0,validation
