arm,split,scenario_seed,arm_cost,core_cost,delta
core,test_id,58282435349375464,13301.791666666666,13301.791666666666,0.0
core,test_id,114926739952950513,13022.875,13022.875,0.0
core,test_id,212742856960631129,13480.25,13480.25,0.0
core,test_id,496843236305575617,12957.208333333334,12957.208333333334,0.0
core,test_id,605074937483242339,12455.708333333334,12455.708333333334,0.0
core,test_id,616581098116127231,13603.375,13603.375,0.0
core,test_id,685623933226597154,13650.958333333334,13650.958333333334,0.0
core,test_id,750026157847207874,12329.666666666666,12329.666666666666,0.0
core,test_id,926442429017347017,12683.083333333334,12683.083333333334,0.0
core,test_id,1044598564501147964,13725.375,13725.375,0.0
core,test_id,1120594312428071682,13370.791666666666,13370.791666666666,0.0
core,test_id,1282994174093506812,12300.125,12300.125,0.0
core,test_id,1343474051855839568,14110.083333333334,14110.083333333334,0.0
core,test_id,1488811017099118710,12635.458333333334,12635.458333333334,0.0
core,test_id,1747658117807184771,13331.166666666666,13331.166666666666,0.0
core,test_id,1826339983644462054,13889.75,13889.75,0.0
core,test_id,2079761612640130283,12736.208333333334,12736.208333333334,0.0
core,test_id,2135968480461850438,12162.0,12162.0,0.0
core,test_id,2227532287765432078,13041.291666666666,13041.291666666666,0.0
core,test_id,2330819670440737489,13330.875,13330.875,0.0
core,test_id,2338391690283814063,12659.291666666666,12659.291666666666,0.0
core,test_id,2638716893094588698,11906.916666666666,11906.916666666666,0.0
core,test_id,2825129229189097861,13454.5,13454.5,0.0
core,test_id,3001142345323536348,13662.5,13662.5,0.0
core,test_id,3023036303599689662,12121.083333333334,12121.083333333334,0.0
core,test_id,3072096485091439273,13025.208333333334,13025.208333333334,0.0
core,test_id,3177623794013919304,13786.583333333334,13786.583333333334,0.0
core,test_id,3207695120228542543,12582.0,12582.0,0.0
core,test_id,3288027902474862342,13509.041666666666,13509.041666666666,0.0
core,test_id,3442309198535435931,12528.708333333334,12528.708333333334,0.0
core,test_id,3601060272127082938,13022.916666666666,13022.916666666666,0.0
core,test_id,3990822207018934749,13239.583333333334,13239.583333333334,0.0
core,test_id,4040718206247269609,12678.833333333334,12678.833333333334,0.0
core,test_id,4299384479813449028,13075.041666666666,13075.041666666666,0.0
core,test_id,4600059188730498341,13524.958333333334,13524.958333333334,0.0
core,test_id,4814367847228228131,11974.0,11974.0,0.0
core,test_id,4814500026110208068,12388.291666666666,12388.291666666666,0.0
core,test_id,4843091016540364597,13520.833333333334,13520.833333333334,0.0
core,test_id,4843540547705516998,13830.916666666666,13830.916666666666,0.0
core,test_id,4846751680750233300,12636.0,12636.0,0.0
core,test_id,5067743257267350029,14563.791666666666,14563.791666666666,0.0
core,test_id,5076765524824866930,13532.625,13532.625,0.0
core,test_id,5136953124049734161,14354.416666666666,14354.416666666666,0.0
core,test_id,5231339592948217428,12684.625,12684.625,0.0
core,test_id,5242738660310025353,13055.0,13055.0,0.0
core,test_id,5335183855303453762,12660.875,12660.875,0.0
core,test_id,5355973822224518279,12953.25,12953.25,0.0
core,test_id,5531208800595282592,12133.708333333334,12133.708333333334,0.0
core,test_id,5818107909693561120,14188.083333333334,14188.083333333334,0.0
core,test_id,5874776132901884234,12755.416666666666,12755.416666666666,0.0
core,test_id,5965612660975643249,13287.416666666666,13287.416666666666,0.0
core,test_id,5999605528679145175,12737.125,12737.125,0.0
core,test_id,6031988743158060525,14029.958333333334,14029.958333333334,0.0
core,test_id,6164835698915797152,12330.041666666666,12330.041666666666,0.0
core,test_id,6188631964719443387,12770.958333333334,12770.958333333334,0.0
core,test_id,6200301701577231853,12734.375,12734.375,0.0
core,test_id,6240339341033692605,12771.708333333334,12771.708333333334,0.0
core,test_id,6285386589435504559,13128.625,13128.625,0.0
core,test_id,6300082838632318686,14971.833333333334,14971.833333333334,0.0
core,test_id,6318290092094100284,13252.583333333334,13252.583333333334,0.0
core,test_id,6381903567806952071,13022.416666666666,13022.416666666666,0.0
core,test_id,6437801934742152846,13079.166666666666,13079.166666666666,0.0
core,test_id,6440635985804650651,13648.625,13648.625,0.0
core,test_id,6459892323229533573,12462.541666666666,12462.541666666666,0.0
core,test_id,6480348505334585175,12801.041666666666,12801.041666666666,0.0
core,test_id,6658419273829967376,13633.083333333334,13633.083333333334,0.0
core,test_id,6727498104288017096,14005.416666666666,14005.416666666666,0.0
core,test_id,6813112702512013042,12592.208333333334,12592.208333333334,0.0
core,test_id,6831239936152078904,12999.458333333334,12999.458333333334,0.0
core,test_id,6937402215942610422,13185.375,13185.375,0.0
core,test_id,6943767945109221491,12860.291666666666,12860.291666666666,0.0
core,test_id,6974463590753289003,14303.625,14303.625,0.0
core,test_id,7032390534166742463,13609.875,13609.875,0.0
core,test_id,7150023921575794648,12905.25,12905.25,0.0
core,test_id,7223424139783500665,12312.041666666666,12312.041666666666,0.0
core,test_id,7246810858100273636,13715.375,13715.375,0.0
core,test_id,7266534895892094928,13431.833333333334,13431.833333333334,0.0
core,test_id,7318848004565778274,13461.0,13461.0,0.0
core,test_id,7343201283149268525,14045.125,14045.125,0.0
core,test_id,7492256063000886018,13889.5,13889.5,0.0
core,test_id,7769087513739175562,14168.166666666666,14168.166666666666,0.0
core,test_id,7812948724450599551,13638.916666666666,13638.916666666666,0.0
core,test_id,7941005969573723106,14037.291666666666,14037.291666666666,0.0
core,test_id,7994495319001773371,13356.0,13356.0,0.0
core,test_id,8002502887718539983,12527.333333333334,12527.333333333334,0.0
core,test_id,8068489546111060168,12569.458333333334,12569.458333333334,0.0
core,test_id,8105839362151262210,12952.166666666666,12952.166666666666,0.0
core,test_id,8148161821725028583,12104.0,12104.0,0.0
core,test_id,8399837693683642132,13717.75,13717.75,0.0
core,test_id,8418104038375390150,12316.125,12316.125,0.0
core,test_id,8580737487405233450,13333.791666666666,13333.791666666666,0.0
core,test_id,8879843783195224153,14374.541666666666,14374.541666666666,0.0
core,test_id,9304397133270680779,12054.25,12054.25,0.0
core,test_id,9594202665088114006,13847.333333333334,13847.333333333334,0.0
core,test_id,9829409980487691731,12303.291666666666,12303.291666666666,0.0
core,test_id,9922750006528345805,12755.708333333334,12755.708333333334,0.0
core,test_id,9941373977592655331,12992.208333333334,12992.208333333334,0.0
core,test_id,9957213556790767280,12456.75,12456.75,0.0
core,test_id,10078900020708180266,11683.166666666666,11683.166666666666,0.0
core,test_id,10150212746785346502,12876.291666666666,12876.291666666666,0.0
core,test_id,10161654729286565571,12839.666666666666,12839.666666666666,0.0
core,test_id,10176033012890366237,13447.125,13447.125,0.0
core,test_id,10197429769645740610,13589.916666666666,13589.916666666666,0.0
core,test_id,10200786836776640431,13569.958333333334,13569.958333333334,0.0
core,test_id,10267360690709713779,12243.916666666666,12243.916666666666,0.0
core,test_id,10360803806888846040,12950.75,12950.75,0.0
core,test_id,10422041190842865092,12823.166666666666,12823.166666666666,0.0
core,test_id,10445096070652037453,12080.083333333334,12080.083333333334,0.0
core,test_id,10469615561613477042,12368.958333333334,12368.958333333334,0.0
core,test_id,10484777569877440870,13388.458333333334,13388.458333333334,0.0
core,test_id,10571077826792884053,12457.291666666666,12457.291666666666,0.0
core,test_id,10755638076351078490,12536.583333333334,12536.583333333334,0.0
core,test_id,10759708693088837287,12355.791666666666,12355.791666666666,0.0
core,test_id,10864103757432464804,13075.166666666666,13075.166666666666,0.0
core,test_id,10961574133042004010,12666.25,12666.25,0.0
core,test_id,11113555298416842333,13166.708333333334,13166.708333333334,0.0
core,test_id,11245463235552385362,13258.291666666666,13258.291666666666,0.0
core,test_id,11289430972529084417,13482.791666666666,13482.791666666666,0.0
core,test_id,11386766831760893743,12774.541666666666,12774.541666666666,0.0
core,test_id,11418514034977197970,12463.75,12463.75,0.0
core,test_id,11517899657293720597,13325.208333333334,13325.208333333334,0.0
core,test_id,11581762148118912118,13406.083333333334,13406.083333333334,0.0
core,test_id,11592624161465594656,13380.375,13380.375,0.0
core,test_id,11599650550000749480,13564.833333333334,13564.833333333334,0.0
core,test_id,11649956963687778548,12848.0,12848.0,0.0
core,test_id,11691903080308762922,12466.291666666666,12466.291666666666,0.0
core,test_id,11804565947861010188,13657.833333333334,13657.833333333334,0.0
core,test_id,11870887631483907992,14172.666666666666,14172.666666666666,0.0
core,test_id,11958403402869279223,12876.375,12876.375,0.0
core,test_id,12091544755903687352,13774.125,13774.125,0.0
core,test_id,12139536841387658354,13258.791666666666,13258.791666666666,0.0
core,test_id,12179415550462990013,12836.25,12836.25,0.0
core,test_id,12191607152708606739,13176.666666666666,13176.666666666666,0.0
core,test_id,12230541210272430858,12501.083333333334,12501.083333333334,0.0
core,test_id,12240172268651634788,12358.583333333334,12358.583333333334,0.0
core,test_id,12252667170099416500,13148.5,13148.5,0.0
core,test_id,12270745014029806218,13294.791666666666,13294.791666666666,0.0
core,test_id,12331955676892847376,12857.625,12857.625,0.0
core,test_id,12370315954728542580,12026.625,12026.625,0.0
core,test_id,12433065571216691902,13381.875,13381.875,0.0
core,test_id,12532392004662235168,13206.958333333334,13206.958333333334,0.0
core,test_id,12553769990289448809,12688.958333333334,12688.958333333334,0.0
core,test_id,12675256731948077824,12529.291666666666,12529.291666666666,0.0
core,test_id,12746889685680303935,13249.208333333334,13249.208333333334,0.0
core,test_id,12794140508701276895,12254.208333333334,12254.208333333334,0.0
core,test_id,12857116075601347116,12922.916666666666,12922.916666666666,0.0
core,test_id,12871748601989598042,12455.166666666666,12455.166666666666,0.0
core,test_id,12885869865085967833,12072.041666666666,12072.041666666666,0.0
core,test_id,12896200065118004326,11953.791666666666,11953.791666666666,0.0
core,test_id,12994418886499024676,13064.041666666666,13064.041666666666,0.0
core,test_id,13261343001396828270,14054.541666666666,14054.541666666666,0.0
core,test_id,13282553474799146601,13349.041666666666,13349.041666666666,0.0
core,test_id,13347125549191899927,12258.333333333334,12258.333333333334,0.0
core,test_id,13423640271918994168,13483.541666666666,13483.541666666666,0.0
core,test_id,13429478478636505090,12463.666666666666,12463.666666666666,0.0
core,test_id,13431575969253347362,12953.708333333334,12953.708333333334,0.0
core,test_id,13490119448939922521,14249.5,14249.5,0.0
core,test_id,13553391596475082418,12632.833333333334,12632.833333333334,0.0
core,test_id,13602249223839381100,13674.208333333334,13674.208333333334,0.0
core,test_id,13696826226358769469,13414.583333333334,13414.583333333334,0.0
core,test_id,13699654719700400809,13490.708333333334,13490.708333333334,0.0
core,test_id,13803953881105598610,13332.5,13332.5,0.0
core,test_id,13828101979243738777,13618.916666666666,13618.916666666666,0.0
core,test_id,13935911046484203455,12801.083333333334,12801.083333333334,0.0
core,test_id,14021022926601786066,13491.916666666666,13491.916666666666,0.0
core,test_id,14130693195453348058,13659.125,13659.125,0.0
core,test_id,14146161848637675460,12750.958333333334,12750.958333333334,0.0
core,test_id,14454231675994481946,13361.583333333334,13361.583333333334,0.0
core,test_id,14682654361486538457,13252.625,13252.625,0.0
core,test_id,14720592292926469478,12414.583333333334,12414.583333333334,0.0
core,test_id,14775705014730917309,13864.625,13864.625,0.0
core,test_id,14919415739396664361,13003.958333333334,13003.958333333334,0.0
core,test_id,15011517576733594677,13275.5,13275.5,0.0
core,test_id,15017328118574222559,12782.583333333334,12782.583333333334,0.0
core,test_id,15044494062139883725,13205.583333333334,13205.583333333334,0.0
core,test_id,15150049485556435085,13711.916666666666,13711.916666666666,0.0
core,test_id,15372241390168799290,12849.375,12849.375,0.0
core,test_id,16079587671393789139,11993.208333333334,11993.208333333334,0.0
core,test_id,16142060021053616442,12937.5,12937.5,0.0
core,test_id,16524740160914888458,12601.208333333334,12601.208333333334,0.0
core,test_id,16678850068187185217,13104.875,13104.875,0.0
core,test_id,16797112964869241354,13432.958333333334,13432.958333333334,0.0
core,test_id,16861548176449520959,12238.625,12238.625,0.0
core,test_id,16956089326594344293,12370.791666666666,12370.791666666666,0.0
core,test_id,17149326288559423870,12941.666666666666,12941.666666666666,0.0
core,test_id,17348805811785892568,12358.375,12358.375,0.0
core,test_id,17556866886819120548,13632.041666666666,13632.041666666666,0.0
core,test_id,17577011195639199337,13248.541666666666,13248.541666666666,0.0
core,test_id,17734756093143325151,12664.416666666666,12664.416666666666,0.0
core,test_id,17752285085709440213,12690.125,12690.125,0.0
core,test_id,17774191990987823430,13029.708333333334,13029.708333333334,0.0
core,test_id,17776819004284239446,12178.583333333334,12178.583333333334,0.0
core,test_id,17777083591364891867,13326.041666666666,13326.041666666666,0.0
core,test_id,17845683274435767727,13387.125,13387.125,0.0
core,test_id,17971046328902831115,13535.416666666666,13535.416666666666,0.0
core,test_id,18004568296848718802,15015.416666666666,15015.416666666666,0.0
core,test_id,18134996555296091451,12826.375,12826.375,0.0
core,test_id,18152460552057253550,13094.5,13094.5,0.0
core,test_id,18223369223400253486,12114.916666666666,12114.916666666666,0.0
core,test_id,18432470025936226170,12592.875,12592.875,0.0
no_reassign,test_id,58282435349375464,13298.083333333334,13301.791666666666,-3.7083333333321207
no_reassign,test_id,114926739952950513,12915.458333333334,13022.875,-107.41666666666606
no_reassign,test_id,212742856960631129,13470.583333333334,13480.25,-9.66666666666606
no_reassign,test_id,496843236305575617,13132.333333333334,12957.208333333334,175.125
no_reassign,test_id,605074937483242339,12567.416666666666,12455.708333333334,111.70833333333212
no_reassign,test_id,616581098116127231,13973.5,13603.375,370.125
no_reassign,test_id,685623933226597154,13593.25,13650.958333333334,-57.70833333333394
no_reassign,test_id,750026157847207874,12321.125,12329.666666666666,-8.54166666666606
no_reassign,test_id,926442429017347017,12735.958333333334,12683.083333333334,52.875
no_reassign,test_id,1044598564501147964,13921.458333333334,13725.375,196.08333333333394
no_reassign,test_id,1120594312428071682,13460.958333333334,13370.791666666666,90.16666666666788
no_reassign,test_id,1282994174093506812,12512.125,12300.125,212.0
no_reassign,test_id,1343474051855839568,14127.75,14110.083333333334,17.66666666666606
no_reassign,test_id,1488811017099118710,12600.916666666666,12635.458333333334,-34.54166666666788
no_reassign,test_id,1747658117807184771,13517.25,13331.166666666666,186.08333333333394
no_reassign,test_id,1826339983644462054,13852.291666666666,13889.75,-37.45833333333394
no_reassign,test_id,2079761612640130283,13083.333333333334,12736.208333333334,347.125
no_reassign,test_id,2135968480461850438,12128.625,12162.0,-33.375
no_reassign,test_id,2227532287765432078,12921.458333333334,13041.291666666666,-119.83333333333212
no_reassign,test_id,2330819670440737489,13585.333333333334,13330.875,254.45833333333394
no_reassign,test_id,2338391690283814063,12566.791666666666,12659.291666666666,-92.5
no_reassign,test_id,2638716893094588698,11784.75,11906.916666666666,-122.16666666666606
no_reassign,test_id,2825129229189097861,13381.791666666666,13454.5,-72.70833333333394
no_reassign,test_id,3001142345323536348,13706.791666666666,13662.5,44.29166666666606
no_reassign,test_id,3023036303599689662,12102.458333333334,12121.083333333334,-18.625
no_reassign,test_id,3072096485091439273,13106.5,13025.208333333334,81.29166666666606
no_reassign,test_id,3177623794013919304,13864.791666666666,13786.583333333334,78.20833333333212
no_reassign,test_id,3207695120228542543,12725.666666666666,12582.0,143.66666666666606
no_reassign,test_id,3288027902474862342,13560.583333333334,13509.041666666666,51.54166666666788
no_reassign,test_id,3442309198535435931,12731.541666666666,12528.708333333334,202.83333333333212
no_reassign,test_id,3601060272127082938,13147.666666666666,13022.916666666666,124.75
no_reassign,test_id,3990822207018934749,13243.166666666666,13239.583333333334,3.5833333333321207
no_reassign,test_id,4040718206247269609,12635.041666666666,12678.833333333334,-43.79166666666788
no_reassign,test_id,4299384479813449028,13202.958333333334,13075.041666666666,127.91666666666788
no_reassign,test_id,4600059188730498341,13876.5,13524.958333333334,351.54166666666606
no_reassign,test_id,4814367847228228131,11975.75,11974.0,1.75
no_reassign,test_id,4814500026110208068,12424.958333333334,12388.291666666666,36.66666666666788
no_reassign,test_id,4843091016540364597,13636.125,13520.833333333334,115.29166666666606
no_reassign,test_id,4843540547705516998,14030.375,13830.916666666666,199.45833333333394
no_reassign,test_id,4846751680750233300,12810.916666666666,12636.0,174.91666666666606
no_reassign,test_id,5067743257267350029,14461.375,14563.791666666666,-102.41666666666606
no_reassign,test_id,5076765524824866930,13624.875,13532.625,92.25
no_reassign,test_id,5136953124049734161,14389.291666666666,14354.416666666666,34.875
no_reassign,test_id,5231339592948217428,12775.583333333334,12684.625,90.95833333333394
no_reassign,test_id,5242738660310025353,12943.875,13055.0,-111.125
no_reassign,test_id,5335183855303453762,12775.5,12660.875,114.625
no_reassign,test_id,5355973822224518279,13084.666666666666,12953.25,131.41666666666606
no_reassign,test_id,5531208800595282592,12192.708333333334,12133.708333333334,59.0
no_reassign,test_id,5818107909693561120,14402.291666666666,14188.083333333334,214.20833333333212
no_reassign,test_id,5874776132901884234,12962.25,12755.416666666666,206.83333333333394
no_reassign,test_id,5965612660975643249,13193.625,13287.416666666666,-93.79166666666606
no_reassign,test_id,5999605528679145175,12676.541666666666,12737.125,-60.58333333333394
no_reassign,test_id,6031988743158060525,14310.666666666666,14029.958333333334,280.7083333333321
no_reassign,test_id,6164835698915797152,12521.458333333334,12330.041666666666,191.41666666666788
no_reassign,test_id,6188631964719443387,12776.291666666666,12770.958333333334,5.333333333332121
no_reassign,test_id,6200301701577231853,12873.625,12734.375,139.25
no_reassign,test_id,6240339341033692605,12804.75,12771.708333333334,33.04166666666606
no_reassign,test_id,6285386589435504559,13417.833333333334,13128.625,289.20833333333394
no_reassign,test_id,6300082838632318686,14777.833333333334,14971.833333333334,-194.0
no_reassign,test_id,6318290092094100284,13342.041666666666,13252.583333333334,89.45833333333212
no_reassign,test_id,6381903567806952071,13233.958333333334,13022.416666666666,211.54166666666788
no_reassign,test_id,6437801934742152846,13098.625,13079.166666666666,19.45833333333394
no_reassign,test_id,6440635985804650651,13476.875,13648.625,-171.75
no_reassign,test_id,6459892323229533573,12600.333333333334,12462.541666666666,137.79166666666788
no_reassign,test_id,6480348505334585175,13175.708333333334,12801.041666666666,374.6666666666679
no_reassign,test_id,6658419273829967376,13613.458333333334,13633.083333333334,-19.625
no_reassign,test_id,6727498104288017096,13908.458333333334,14005.416666666666,-96.95833333333212
no_reassign,test_id,6813112702512013042,12559.958333333334,12592.208333333334,-32.25
no_reassign,test_id,6831239936152078904,13157.083333333334,12999.458333333334,157.625
no_reassign,test_id,6937402215942610422,13307.083333333334,13185.375,121.70833333333394
no_reassign,test_id,6943767945109221491,12972.125,12860.291666666666,111.83333333333394
no_reassign,test_id,6974463590753289003,14117.708333333334,14303.625,-185.91666666666606
no_reassign,test_id,7032390534166742463,13505.541666666666,13609.875,-104.33333333333394
no_reassign,test_id,7150023921575794648,13022.833333333334,12905.25,117.58333333333394
no_reassign,test_id,7223424139783500665,12490.916666666666,12312.041666666666,178.875
no_reassign,test_id,7246810858100273636,14060.791666666666,13715.375,345.41666666666606
no_reassign,test_id,7266534895892094928,13554.041666666666,13431.833333333334,122.20833333333212
no_reassign,test_id,7318848004565778274,13481.583333333334,13461.0,20.58333333333394
no_reassign,test_id,7343201283149268525,14212.833333333334,14045.125,167.70833333333394
no_reassign,test_id,7492256063000886018,13975.0,13889.5,85.5
no_reassign,test_id,7769087513739175562,14080.333333333334,14168.166666666666,-87.83333333333212
no_reassign,test_id,7812948724450599551,13465.958333333334,13638.916666666666,-172.95833333333212
no_reassign,test_id,7941005969573723106,13924.875,14037.291666666666,-112.41666666666606
no_reassign,test_id,7994495319001773371,13459.458333333334,13356.0,103.45833333333394
no_reassign,test_id,8002502887718539983,12471.666666666666,12527.333333333334,-55.66666666666788
no_reassign,test_id,8068489546111060168,12581.458333333334,12569.458333333334,12.0
no_reassign,test_id,8105839362151262210,12972.916666666666,12952.166666666666,20.75
no_reassign,test_id,8148161821725028583,12291.208333333334,12104.0,187.20833333333394
no_reassign,test_id,8399837693683642132,13929.958333333334,13717.75,212.20833333333394
no_reassign,test_id,8418104038375390150,12208.0,12316.125,-108.125
no_reassign,test_id,8580737487405233450,13367.166666666666,13333.791666666666,33.375
no_reassign,test_id,8879843783195224153,14276.625,14374.541666666666,-97.91666666666606
no_reassign,test_id,9304397133270680779,12240.416666666666,12054.25,186.16666666666606
no_reassign,test_id,9594202665088114006,13716.208333333334,13847.333333333334,-131.125
no_reassign,test_id,9829409980487691731,12372.166666666666,12303.291666666666,68.875
no_reassign,test_id,9922750006528345805,12711.708333333334,12755.708333333334,-44.0
no_reassign,test_id,9941373977592655331,13083.041666666666,12992.208333333334,90.83333333333212
no_reassign,test_id,9957213556790767280,12451.041666666666,12456.75,-5.70833333333394
no_reassign,test_id,10078900020708180266,11735.5,11683.166666666666,52.33333333333394
no_reassign,test_id,10150212746785346502,13064.458333333334,12876.291666666666,188.16666666666788
no_reassign,test_id,10161654729286565571,12848.5,12839.666666666666,8.83333333333394
no_reassign,test_id,10176033012890366237,13521.583333333334,13447.125,74.45833333333394
no_reassign,test_id,10197429769645740610,13511.791666666666,13589.916666666666,-78.125
no_reassign,test_id,10200786836776640431,13903.875,13569.958333333334,333.91666666666606
no_reassign,test_id,10267360690709713779,12435.375,12243.916666666666,191.45833333333394
no_reassign,test_id,10360803806888846040,12930.916666666666,12950.75,-19.83333333333394
no_reassign,test_id,10422041190842865092,12897.291666666666,12823.166666666666,74.125
no_reassign,test_id,10445096070652037453,12246.75,12080.083333333334,166.66666666666606
no_reassign,test_id,10469615561613477042,12373.958333333334,12368.958333333334,5.0
no_reassign,test_id,10484777569877440870,13558.25,13388.458333333334,169.79166666666606
no_reassign,test_id,10571077826792884053,12776.083333333334,12457.291666666666,318.7916666666679
no_reassign,test_id,10755638076351078490,12507.25,12536.583333333334,-29.33333333333394
no_reassign,test_id,10759708693088837287,12595.958333333334,12355.791666666666,240.16666666666788
no_reassign,test_id,10864103757432464804,13069.625,13075.166666666666,-5.54166666666606
no_reassign,test_id,10961574133042004010,12660.791666666666,12666.25,-5.45833333333394
no_reassign,test_id,11113555298416842333,13229.625,13166.708333333334,62.91666666666606
no_reassign,test_id,11245463235552385362,13234.958333333334,13258.291666666666,-23.33333333333212
no_reassign,test_id,11289430972529084417,13543.458333333334,13482.791666666666,60.66666666666788
no_reassign,test_id,11386766831760893743,12783.583333333334,12774.541666666666,9.04166666666788
no_reassign,test_id,11418514034977197970,12526.375,12463.75,62.625
no_reassign,test_id,11517899657293720597,13354.125,13325.208333333334,28.91666666666606
no_reassign,test_id,11581762148118912118,13318.125,13406.083333333334,-87.95833333333394
no_reassign,test_id,11592624161465594656,13395.875,13380.375,15.5
no_reassign,test_id,11599650550000749480,13599.166666666666,13564.833333333334,34.33333333333212
no_reassign,test_id,11649956963687778548,12683.958333333334,12848.0,-164.04166666666606
no_reassign,test_id,11691903080308762922,12471.958333333334,12466.291666666666,5.666666666667879
no_reassign,test_id,11804565947861010188,13937.375,13657.833333333334,279.54166666666606
no_reassign,test_id,11870887631483907992,14033.291666666666,14172.666666666666,-139.375
no_reassign,test_id,11958403402869279223,12730.583333333334,12876.375,-145.79166666666606
no_reassign,test_id,12091544755903687352,13554.291666666666,13774.125,-219.83333333333394
no_reassign,test_id,12139536841387658354,13428.75,13258.791666666666,169.95833333333394
no_reassign,test_id,12179415550462990013,12916.208333333334,12836.25,79.95833333333394
no_reassign,test_id,12191607152708606739,13177.791666666666,13176.666666666666,1.125
no_reassign,test_id,12230541210272430858,12566.375,12501.083333333334,65.29166666666606
no_reassign,test_id,12240172268651634788,12553.166666666666,12358.583333333334,194.58333333333212
no_reassign,test_id,12252667170099416500,13359.458333333334,13148.5,210.95833333333394
no_reassign,test_id,12270745014029806218,13580.541666666666,13294.791666666666,285.75
no_reassign,test_id,12331955676892847376,13049.583333333334,12857.625,191.95833333333394
no_reassign,test_id,12370315954728542580,11965.458333333334,12026.625,-61.16666666666606
no_reassign,test_id,12433065571216691902,13436.0,13381.875,54.125
no_reassign,test_id,12532392004662235168,13261.916666666666,13206.958333333334,54.95833333333212
no_reassign,test_id,12553769990289448809,12804.5,12688.958333333334,115.54166666666606
no_reassign,test_id,12675256731948077824,12621.791666666666,12529.291666666666,92.5
no_reassign,test_id,12746889685680303935,13168.75,13249.208333333334,-80.45833333333394
no_reassign,test_id,12794140508701276895,12255.541666666666,12254.208333333334,1.3333333333321207
no_reassign,test_id,12857116075601347116,12816.0,12922.916666666666,-106.91666666666606
no_reassign,test_id,12871748601989598042,12679.375,12455.166666666666,224.20833333333394
no_reassign,test_id,12885869865085967833,12089.916666666666,12072.041666666666,17.875
no_reassign,test_id,12896200065118004326,12036.041666666666,11953.791666666666,82.25
no_reassign,test_id,12994418886499024676,13101.583333333334,13064.041666666666,37.54166666666788
no_reassign,test_id,13261343001396828270,14078.708333333334,14054.541666666666,24.16666666666788
no_reassign,test_id,13282553474799146601,13432.875,13349.041666666666,83.83333333333394
no_reassign,test_id,13347125549191899927,12312.5,12258.333333333334,54.16666666666606
no_reassign,test_id,13423640271918994168,13589.541666666666,13483.541666666666,106.0
no_reassign,test_id,13429478478636505090,12447.75,12463.666666666666,-15.91666666666606
no_reassign,test_id,13431575969253347362,12878.083333333334,12953.708333333334,-75.625
no_reassign,test_id,13490119448939922521,14178.833333333334,14249.5,-70.66666666666606
no_reassign,test_id,13553391596475082418,12719.625,12632.833333333334,86.79166666666606
no_reassign,test_id,13602249223839381100,13884.875,13674.208333333334,210.66666666666606
no_reassign,test_id,13696826226358769469,13527.375,13414.583333333334,112.79166666666606
no_reassign,test_id,13699654719700400809,13685.708333333334,13490.708333333334,195.0
no_reassign,test_id,13803953881105598610,13556.083333333334,13332.5,223.58333333333394
no_reassign,test_id,13828101979243738777,13735.416666666666,13618.916666666666,116.5
no_reassign,test_id,13935911046484203455,12882.25,12801.083333333334,81.16666666666606
no_reassign,test_id,14021022926601786066,13399.583333333334,13491.916666666666,-92.33333333333212
no_reassign,test_id,14130693195453348058,13497.125,13659.125,-162.0
no_reassign,test_id,14146161848637675460,12845.416666666666,12750.958333333334,94.45833333333212
no_reassign,test_id,14454231675994481946,13244.333333333334,13361.583333333334,-117.25
no_reassign,test_id,14682654361486538457,13592.041666666666,13252.625,339.41666666666606
no_reassign,test_id,14720592292926469478,12740.375,12414.583333333334,325.79166666666606
no_reassign,test_id,14775705014730917309,14014.333333333334,13864.625,149.70833333333394
no_reassign,test_id,14919415739396664361,12978.291666666666,13003.958333333334,-25.66666666666788
no_reassign,test_id,15011517576733594677,13281.833333333334,13275.5,6.33333333333394
no_reassign,test_id,15017328118574222559,12725.166666666666,12782.583333333334,-57.41666666666788
no_reassign,test_id,15044494062139883725,13238.125,13205.583333333334,32.54166666666606
no_reassign,test_id,15150049485556435085,13720.125,13711.916666666666,8.20833333333394
no_reassign,test_id,15372241390168799290,13055.208333333334,12849.375,205.83333333333394
no_reassign,test_id,16079587671393789139,12291.916666666666,11993.208333333334,298.7083333333321
no_reassign,test_id,16142060021053616442,12967.75,12937.5,30.25
no_reassign,test_id,16524740160914888458,12752.041666666666,12601.208333333334,150.83333333333212
no_reassign,test_id,16678850068187185217,13112.166666666666,13104.875,7.29166666666606
no_reassign,test_id,16797112964869241354,13288.083333333334,13432.958333333334,-144.875
no_reassign,test_id,16861548176449520959,12348.208333333334,12238.625,109.58333333333394
no_reassign,test_id,16956089326594344293,12418.125,12370.791666666666,47.33333333333394
no_reassign,test_id,17149326288559423870,12946.416666666666,12941.666666666666,4.75
no_reassign,test_id,17348805811785892568,12397.125,12358.375,38.75
no_reassign,test_id,17556866886819120548,13594.333333333334,13632.041666666666,-37.70833333333212
no_reassign,test_id,17577011195639199337,13704.458333333334,13248.541666666666,455.9166666666679
no_reassign,test_id,17734756093143325151,12710.041666666666,12664.416666666666,45.625
no_reassign,test_id,17752285085709440213,12538.0,12690.125,-152.125
no_reassign,test_id,17774191990987823430,12993.833333333334,13029.708333333334,-35.875
no_reassign,test_id,17776819004284239446,12186.583333333334,12178.583333333334,8.0
no_reassign,test_id,17777083591364891867,13339.25,13326.041666666666,13.20833333333394
no_reassign,test_id,17845683274435767727,13519.583333333334,13387.125,132.45833333333394
no_reassign,test_id,17971046328902831115,13729.333333333334,13535.416666666666,193.91666666666788
no_reassign,test_id,18004568296848718802,14882.416666666666,15015.416666666666,-133.0
no_reassign,test_id,18134996555296091451,12886.208333333334,12826.375,59.83333333333394
no_reassign,test_id,18152460552057253550,13060.375,13094.5,-34.125
no_reassign,test_id,18223369223400253486,12074.208333333334,12114.916666666666,-40.70833333333212
no_reassign,test_id,18432470025936226170,12734.708333333334,12592.875,141.83333333333394
no_short,test_id,58282435349375464,13586.0,13301.791666666666,284.20833333333394
no_short,test_id,114926739952950513,13108.125,13022.875,85.25
no_short,test_id,212742856960631129,13847.333333333334,13480.25,367.08333333333394
no_short,test_id,496843236305575617,13235.25,12957.208333333334,278.04166666666606
no_short,test_id,605074937483242339,12781.791666666666,12455.708333333334,326.0833333333321
no_short,test_id,616581098116127231,13908.583333333334,13603.375,305.20833333333394
no_short,test_id,685623933226597154,13885.791666666666,13650.958333333334,234.83333333333212
no_short,test_id,750026157847207874,12553.125,12329.666666666666,223.45833333333394
no_short,test_id,926442429017347017,12988.291666666666,12683.083333333334,305.2083333333321
no_short,test_id,1044598564501147964,14199.791666666666,13725.375,474.41666666666606
no_short,test_id,1120594312428071682,13502.25,13370.791666666666,131.45833333333394
no_short,test_id,1282994174093506812,12514.75,12300.125,214.625
no_short,test_id,1343474051855839568,14341.25,14110.083333333334,231.16666666666606
no_short,test_id,1488811017099118710,12876.375,12635.458333333334,240.91666666666606
no_short,test_id,1747658117807184771,13521.625,13331.166666666666,190.45833333333394
no_short,test_id,1826339983644462054,13877.958333333334,13889.75,-11.79166666666606
no_short,test_id,2079761612640130283,12929.833333333334,12736.208333333334,193.625
no_short,test_id,2135968480461850438,12245.25,12162.0,83.25
no_short,test_id,2227532287765432078,13364.208333333334,13041.291666666666,322.9166666666679
no_short,test_id,2330819670440737489,13478.75,13330.875,147.875
no_short,test_id,2338391690283814063,12824.541666666666,12659.291666666666,165.25
no_short,test_id,2638716893094588698,11946.166666666666,11906.916666666666,39.25
no_short,test_id,2825129229189097861,13680.875,13454.5,226.375
no_short,test_id,3001142345323536348,13900.333333333334,13662.5,237.83333333333394
no_short,test_id,3023036303599689662,12252.375,12121.083333333334,131.29166666666606
no_short,test_id,3072096485091439273,13121.5,13025.208333333334,96.29166666666606
no_short,test_id,3177623794013919304,14077.333333333334,13786.583333333334,290.75
no_short,test_id,3207695120228542543,12823.666666666666,12582.0,241.66666666666606
no_short,test_id,3288027902474862342,13772.916666666666,13509.041666666666,263.875
no_short,test_id,3442309198535435931,12711.166666666666,12528.708333333334,182.45833333333212
no_short,test_id,3601060272127082938,13245.041666666666,13022.916666666666,222.125
no_short,test_id,3990822207018934749,13118.583333333334,13239.583333333334,-121.0
no_short,test_id,4040718206247269609,12714.333333333334,12678.833333333334,35.5
no_short,test_id,4299384479813449028,13506.708333333334,13075.041666666666,431.6666666666679
no_short,test_id,4600059188730498341,13763.125,13524.958333333334,238.16666666666606
no_short,test_id,4814367847228228131,12125.541666666666,11974.0,151.54166666666606
no_short,test_id,4814500026110208068,12670.0,12388.291666666666,281.70833333333394
no_short,test_id,4843091016540364597,13709.791666666666,13520.833333333334,188.95833333333212
no_short,test_id,4843540547705516998,14333.041666666666,13830.916666666666,502.125
no_short,test_id,4846751680750233300,13045.0,12636.0,409.0
no_short,test_id,5067743257267350029,14691.583333333334,14563.791666666666,127.79166666666788
no_short,test_id,5076765524824866930,13673.458333333334,13532.625,140.83333333333394
no_short,test_id,5136953124049734161,14882.0,14354.416666666666,527.5833333333339
no_short,test_id,5231339592948217428,13069.916666666666,12684.625,385.29166666666606
no_short,test_id,5242738660310025353,13409.958333333334,13055.0,354.95833333333394
no_short,test_id,5335183855303453762,12902.083333333334,12660.875,241.20833333333394
no_short,test_id,5355973822224518279,13142.125,12953.25,188.875
no_short,test_id,5531208800595282592,12257.208333333334,12133.708333333334,123.5
no_short,test_id,5818107909693561120,14909.416666666666,14188.083333333334,721.3333333333321
no_short,test_id,5874776132901884234,12932.583333333334,12755.416666666666,177.16666666666788
no_short,test_id,5965612660975643249,13482.166666666666,13287.416666666666,194.75
no_short,test_id,5999605528679145175,13050.416666666666,12737.125,313.29166666666606
no_short,test_id,6031988743158060525,14213.333333333334,14029.958333333334,183.375
no_short,test_id,6164835698915797152,12450.625,12330.041666666666,120.58333333333394
no_short,test_id,6188631964719443387,12884.875,12770.958333333334,113.91666666666606
no_short,test_id,6200301701577231853,12984.291666666666,12734.375,249.91666666666606
no_short,test_id,6240339341033692605,12911.75,12771.708333333334,140.04166666666606
no_short,test_id,6285386589435504559,13400.208333333334,13128.625,271.58333333333394
no_short,test_id,6300082838632318686,14935.583333333334,14971.833333333334,-36.25
no_short,test_id,6318290092094100284,13464.375,13252.583333333334,211.79166666666606
no_short,test_id,6381903567806952071,13097.666666666666,13022.416666666666,75.25
no_short,test_id,6437801934742152846,13164.791666666666,13079.166666666666,85.625
no_short,test_id,6440635985804650651,13588.875,13648.625,-59.75
no_short,test_id,6459892323229533573,12633.708333333334,12462.541666666666,171.16666666666788
no_short,test_id,6480348505334585175,13138.458333333334,12801.041666666666,337.4166666666679
no_short,test_id,6658419273829967376,13942.5,13633.083333333334,309.41666666666606
no_short,test_id,6727498104288017096,14271.375,14005.416666666666,265.95833333333394
no_short,test_id,6813112702512013042,12895.666666666666,12592.208333333334,303.4583333333321
no_short,test_id,6831239936152078904,13155.208333333334,12999.458333333334,155.75
no_short,test_id,6937402215942610422,13568.833333333334,13185.375,383.45833333333394
no_short,test_id,6943767945109221491,12969.916666666666,12860.291666666666,109.625
no_short,test_id,6974463590753289003,14483.958333333334,14303.625,180.33333333333394
no_short,test_id,7032390534166742463,13971.166666666666,13609.875,361.29166666666606
no_short,test_id,7150023921575794648,13073.125,12905.25,167.875
no_short,test_id,7223424139783500665,12571.75,12312.041666666666,259.70833333333394
no_short,test_id,7246810858100273636,14240.375,13715.375,525.0
no_short,test_id,7266534895892094928,13653.916666666666,13431.833333333334,222.08333333333212
no_short,test_id,7318848004565778274,13702.791666666666,13461.0,241.79166666666606
no_short,test_id,7343201283149268525,14186.125,14045.125,141.0
no_short,test_id,7492256063000886018,14233.333333333334,13889.5,343.83333333333394
no_short,test_id,7769087513739175562,14237.875,14168.166666666666,69.70833333333394
no_short,test_id,7812948724450599551,13644.166666666666,13638.916666666666,5.25
no_short,test_id,7941005969573723106,14349.583333333334,14037.291666666666,312.2916666666679
no_short,test_id,7994495319001773371,13552.458333333334,13356.0,196.45833333333394
no_short,test_id,8002502887718539983,12807.125,12527.333333333334,279.79166666666606
no_short,test_id,8068489546111060168,12866.583333333334,12569.458333333334,297.125
no_short,test_id,8105839362151262210,13172.791666666666,12952.166666666666,220.625
no_short,test_id,8148161821725028583,12225.541666666666,12104.0,121.54166666666606
no_short,test_id,8399837693683642132,14317.125,13717.75,599.375
no_short,test_id,8418104038375390150,12669.5,12316.125,353.375
no_short,test_id,8580737487405233450,13531.083333333334,13333.791666666666,197.29166666666788
no_short,test_id,8879843783195224153,14552.291666666666,14374.541666666666,177.75
no_short,test_id,9304397133270680779,12369.166666666666,12054.25,314.91666666666606
no_short,test_id,9594202665088114006,14005.833333333334,13847.333333333334,158.5
no_short,test_id,9829409980487691731,12518.041666666666,12303.291666666666,214.75
no_short,test_id,9922750006528345805,12999.708333333334,12755.708333333334,244.0
no_short,test_id,9941373977592655331,13355.166666666666,12992.208333333334,362.9583333333321
no_short,test_id,9957213556790767280,12673.5,12456.75,216.75
no_short,test_id,10078900020708180266,11823.958333333334,11683.166666666666,140.79166666666788
no_short,test_id,10150212746785346502,12932.666666666666,12876.291666666666,56.375
no_short,test_id,10161654729286565571,12924.125,12839.666666666666,84.45833333333394
no_short,test_id,10176033012890366237,13591.625,13447.125,144.5
no_short,test_id,10197429769645740610,13755.5,13589.916666666666,165.58333333333394
no_short,test_id,10200786836776640431,13713.458333333334,13569.958333333334,143.5
no_short,test_id,10267360690709713779,12394.833333333334,12243.916666666666,150.91666666666788
no_short,test_id,10360803806888846040,13171.25,12950.75,220.5
no_short,test_id,10422041190842865092,12971.958333333334,12823.166666666666,148.79166666666788
no_short,test_id,10445096070652037453,12169.458333333334,12080.083333333334,89.375
no_short,test_id,10469615561613477042,12719.916666666666,12368.958333333334,350.9583333333321
no_short,test_id,10484777569877440870,13561.916666666666,13388.458333333334,173.45833333333212
no_short,test_id,10571077826792884053,12497.791666666666,12457.291666666666,40.5
no_short,test_id,10755638076351078490,12419.708333333334,12536.583333333334,-116.875
no_short,test_id,10759708693088837287,12583.083333333334,12355.791666666666,227.29166666666788
no_short,test_id,10864103757432464804,13136.958333333334,13075.166666666666,61.79166666666788
no_short,test_id,10961574133042004010,12840.333333333334,12666.25,174.08333333333394
no_short,test_id,11113555298416842333,13181.375,13166.708333333334,14.66666666666606
no_short,test_id,11245463235552385362,13399.25,13258.291666666666,140.95833333333394
no_short,test_id,11289430972529084417,13742.166666666666,13482.791666666666,259.375
no_short,test_id,11386766831760893743,12853.166666666666,12774.541666666666,78.625
no_short,test_id,11418514034977197970,12541.625,12463.75,77.875
no_short,test_id,11517899657293720597,13642.25,13325.208333333334,317.04166666666606
no_short,test_id,11581762148118912118,13702.375,13406.083333333334,296.29166666666606
no_short,test_id,11592624161465594656,13608.375,13380.375,228.0
no_short,test_id,11599650550000749480,13798.583333333334,13564.833333333334,233.75
no_short,test_id,11649956963687778548,12962.875,12848.0,114.875
no_short,test_id,11691903080308762922,12746.5,12466.291666666666,280.20833333333394
no_short,test_id,11804565947861010188,13762.583333333334,13657.833333333334,104.75
no_short,test_id,11870887631483907992,14223.625,14172.666666666666,50.95833333333394
no_short,test_id,11958403402869279223,13157.375,12876.375,281.0
no_short,test_id,12091544755903687352,13878.125,13774.125,104.0
no_short,test_id,12139536841387658354,13485.25,13258.791666666666,226.45833333333394
no_short,test_id,12179415550462990013,13171.041666666666,12836.25,334.79166666666606
no_short,test_id,12191607152708606739,13408.125,13176.666666666666,231.45833333333394
no_short,test_id,12230541210272430858,12726.291666666666,12501.083333333334,225.20833333333212
no_short,test_id,12240172268651634788,12735.083333333334,12358.583333333334,376.5
no_short,test_id,12252667170099416500,13635.791666666666,13148.5,487.29166666666606
no_short,test_id,12270745014029806218,13443.125,13294.791666666666,148.33333333333394
no_short,test_id,12331955676892847376,13107.75,12857.625,250.125
no_short,test_id,12370315954728542580,12194.25,12026.625,167.625
no_short,test_id,12433065571216691902,13527.666666666666,13381.875,145.79166666666606
no_short,test_id,12532392004662235168,13586.791666666666,13206.958333333334,379.8333333333321
no_short,test_id,12553769990289448809,12858.875,12688.958333333334,169.91666666666606
no_short,test_id,12675256731948077824,12732.666666666666,12529.291666666666,203.375
no_short,test_id,12746889685680303935,13389.791666666666,13249.208333333334,140.58333333333212
no_short,test_id,12794140508701276895,12497.875,12254.208333333334,243.66666666666606
no_short,test_id,12857116075601347116,13123.875,12922.916666666666,200.95833333333394
no_short,test_id,12871748601989598042,12715.208333333334,12455.166666666666,260.0416666666679
no_short,test_id,12885869865085967833,12189.0,12072.041666666666,116.95833333333394
no_short,test_id,12896200065118004326,12083.916666666666,11953.791666666666,130.125
no_short,test_id,12994418886499024676,13449.791666666666,13064.041666666666,385.75
no_short,test_id,13261343001396828270,14458.416666666666,14054.541666666666,403.875
no_short,test_id,13282553474799146601,13427.5,13349.041666666666,78.45833333333394
no_short,test_id,13347125549191899927,12425.541666666666,12258.333333333334,167.20833333333212
no_short,test_id,13423640271918994168,13662.333333333334,13483.541666666666,178.79166666666788
no_short,test_id,13429478478636505090,12661.375,12463.666666666666,197.70833333333394
no_short,test_id,13431575969253347362,13145.25,12953.708333333334,191.54166666666606
no_short,test_id,13490119448939922521,14384.458333333334,14249.5,134.95833333333394
no_short,test_id,13553391596475082418,12907.125,12632.833333333334,274.29166666666606
no_short,test_id,13602249223839381100,13870.541666666666,13674.208333333334,196.33333333333212
no_short,test_id,13696826226358769469,13697.625,13414.583333333334,283.04166666666606
no_short,test_id,13699654719700400809,13627.333333333334,13490.708333333334,136.625
no_short,test_id,13803953881105598610,13616.208333333334,13332.5,283.70833333333394
no_short,test_id,13828101979243738777,13901.166666666666,13618.916666666666,282.25
no_short,test_id,13935911046484203455,12873.541666666666,12801.083333333334,72.45833333333212
no_short,test_id,14021022926601786066,13601.5,13491.916666666666,109.58333333333394
no_short,test_id,14130693195453348058,13941.833333333334,13659.125,282.70833333333394
no_short,test_id,14146161848637675460,13170.791666666666,12750.958333333334,419.8333333333321
no_short,test_id,14454231675994481946,13706.916666666666,13361.583333333334,345.3333333333321
no_short,test_id,14682654361486538457,13440.833333333334,13252.625,188.20833333333394
no_short,test_id,14720592292926469478,12765.125,12414.583333333334,350.54166666666606
no_short,test_id,14775705014730917309,14107.875,13864.625,243.25
no_short,test_id,14919415739396664361,13016.75,13003.958333333334,12.79166666666606
no_short,test_id,15011517576733594677,13365.958333333334,13275.5,90.45833333333394
no_short,test_id,15017328118574222559,13015.666666666666,12782.583333333334,233.08333333333212
no_short,test_id,15044494062139883725,13377.583333333334,13205.583333333334,172.0
no_short,test_id,15150049485556435085,13931.875,13711.916666666666,219.95833333333394
no_short,test_id,15372241390168799290,13036.0,12849.375,186.625
no_short,test_id,16079587671393789139,12199.958333333334,11993.208333333334,206.75
no_short,test_id,16142060021053616442,13080.25,12937.5,142.75
no_short,test_id,16524740160914888458,12834.041666666666,12601.208333333334,232.83333333333212
no_short,test_id,16678850068187185217,13396.75,13104.875,291.875
no_short,test_id,16797112964869241354,13762.958333333334,13432.958333333334,330.0
no_short,test_id,16861548176449520959,12322.541666666666,12238.625,83.91666666666606
no_short,test_id,16956089326594344293,12600.041666666666,12370.791666666666,229.25
no_short,test_id,17149326288559423870,13201.5,12941.666666666666,259.83333333333394
no_short,test_id,17348805811785892568,12561.333333333334,12358.375,202.95833333333394
no_short,test_id,17556866886819120548,13770.333333333334,13632.041666666666,138.29166666666788
no_short,test_id,17577011195639199337,13597.333333333334,13248.541666666666,348.7916666666679
no_short,test_id,17734756093143325151,12915.125,12664.416666666666,250.70833333333394
no_short,test_id,17752285085709440213,12921.833333333334,12690.125,231.70833333333394
no_short,test_id,17774191990987823430,13271.75,13029.708333333334,242.04166666666606
no_short,test_id,17776819004284239446,12439.125,12178.583333333334,260.54166666666606
no_short,test_id,17777083591364891867,13422.375,13326.041666666666,96.33333333333394
no_short,test_id,17845683274435767727,13578.083333333334,13387.125,190.95833333333394
no_short,test_id,17971046328902831115,13657.0,13535.416666666666,121.58333333333394
no_short,test_id,18004568296848718802,15034.5,15015.416666666666,19.08333333333394
no_short,test_id,18134996555296091451,13117.875,12826.375,291.5
no_short,test_id,18152460552057253550,13357.083333333334,13094.5,262.58333333333394
no_short,test_id,18223369223400253486,12464.458333333334,12114.916666666666,349.5416666666679
no_short,test_id,18432470025936226170,12894.416666666666,12592.875,301.54166666666606
fairness_zero,test_id,58282435349375464,13613.291666666666,13301.791666666666,311.5
fairness_zero,test_id,114926739952950513,13186.916666666666,13022.875,164.04166666666606
fairness_zero,test_id,212742856960631129,13752.0,13480.25,271.75
fairness_zero,test_id,496843236305575617,13323.875,12957.208333333334,366.66666666666606
fairness_zero,test_id,605074937483242339,12718.416666666666,12455.708333333334,262.7083333333321
fairness_zero,test_id,616581098116127231,14480.416666666666,13603.375,877.0416666666661
fairness_zero,test_id,685623933226597154,13697.833333333334,13650.958333333334,46.875
fairness_zero,test_id,750026157847207874,12489.541666666666,12329.666666666666,159.875
fairness_zero,test_id,926442429017347017,13030.958333333334,12683.083333333334,347.875
fairness_zero,test_id,1044598564501147964,13899.833333333334,13725.375,174.45833333333394
fairness_zero,test_id,1120594312428071682,13415.375,13370.791666666666,44.58333333333394
fairness_zero,test_id,1282994174093506812,12634.5,12300.125,334.375
fairness_zero,test_id,1343474051855839568,14240.291666666666,14110.083333333334,130.20833333333212
fairness_zero,test_id,1488811017099118710,13051.625,12635.458333333334,416.16666666666606
fairness_zero,test_id,1747658117807184771,13806.916666666666,13331.166666666666,475.75
fairness_zero,test_id,1826339983644462054,13878.083333333334,13889.75,-11.66666666666606
fairness_zero,test_id,2079761612640130283,13315.583333333334,12736.208333333334,579.375
fairness_zero,test_id,2135968480461850438,12362.75,12162.0,200.75
fairness_zero,test_id,2227532287765432078,13209.75,13041.291666666666,168.45833333333394
fairness_zero,test_id,2330819670440737489,13937.75,13330.875,606.875
fairness_zero,test_id,2338391690283814063,12894.333333333334,12659.291666666666,235.04166666666788
fairness_zero,test_id,2638716893094588698,12052.25,11906.916666666666,145.33333333333394
fairness_zero,test_id,2825129229189097861,13716.166666666666,13454.5,261.66666666666606
fairness_zero,test_id,3001142345323536348,14104.416666666666,13662.5,441.91666666666606
fairness_zero,test_id,3023036303599689662,12353.25,12121.083333333334,232.16666666666606
fairness_zero,test_id,3072096485091439273,13293.5,13025.208333333334,268.29166666666606
fairness_zero,test_id,3177623794013919304,14040.583333333334,13786.583333333334,254.0
fairness_zero,test_id,3207695120228542543,12852.791666666666,12582.0,270.79166666666606
fairness_zero,test_id,3288027902474862342,13799.75,13509.041666666666,290.70833333333394
fairness_zero,test_id,3442309198535435931,12916.291666666666,12528.708333333334,387.5833333333321
fairness_zero,test_id,3601060272127082938,13504.416666666666,13022.916666666666,481.5
fairness_zero,test_id,3990822207018934749,13387.333333333334,13239.583333333334,147.75
fairness_zero,test_id,4040718206247269609,12729.25,12678.833333333334,50.41666666666606
fairness_zero,test_id,4299384479813449028,13114.708333333334,13075.041666666666,39.66666666666788
fairness_zero,test_id,4600059188730498341,13995.75,13524.958333333334,470.79166666666606
fairness_zero,test_id,4814367847228228131,12150.541666666666,11974.0,176.54166666666606
fairness_zero,test_id,4814500026110208068,12340.291666666666,12388.291666666666,-48.0
fairness_zero,test_id,4843091016540364597,13743.041666666666,13520.833333333334,222.20833333333212
fairness_zero,test_id,4843540547705516998,14277.708333333334,13830.916666666666,446.7916666666679
fairness_zero,test_id,4846751680750233300,12787.0,12636.0,151.0
fairness_zero,test_id,5067743257267350029,14747.958333333334,14563.791666666666,184.16666666666788
fairness_zero,test_id,5076765524824866930,14295.25,13532.625,762.625
fairness_zero,test_id,5136953124049734161,14545.0,14354.416666666666,190.58333333333394
fairness_zero,test_id,5231339592948217428,12823.916666666666,12684.625,139.29166666666606
fairness_zero,test_id,5242738660310025353,13148.208333333334,13055.0,93.20833333333394
fairness_zero,test_id,5335183855303453762,12982.75,12660.875,321.875
fairness_zero,test_id,5355973822224518279,13175.416666666666,12953.25,222.16666666666606
fairness_zero,test_id,5531208800595282592,12434.791666666666,12133.708333333334,301.0833333333321
fairness_zero,test_id,5818107909693561120,14507.416666666666,14188.083333333334,319.3333333333321
fairness_zero,test_id,5874776132901884234,13348.041666666666,12755.416666666666,592.625
fairness_zero,test_id,5965612660975643249,13518.791666666666,13287.416666666666,231.375
fairness_zero,test_id,5999605528679145175,12960.5,12737.125,223.375
fairness_zero,test_id,6031988743158060525,14685.541666666666,14029.958333333334,655.5833333333321
fairness_zero,test_id,6164835698915797152,12983.708333333334,12330.041666666666,653.6666666666679
fairness_zero,test_id,6188631964719443387,12999.083333333334,12770.958333333334,228.125
fairness_zero,test_id,6200301701577231853,13047.291666666666,12734.375,312.91666666666606
fairness_zero,test_id,6240339341033692605,13394.541666666666,12771.708333333334,622.8333333333321
fairness_zero,test_id,6285386589435504559,13866.0,13128.625,737.375
fairness_zero,test_id,6300082838632318686,14950.75,14971.833333333334,-21.08333333333394
fairness_zero,test_id,6318290092094100284,13742.083333333334,13252.583333333334,489.5
fairness_zero,test_id,6381903567806952071,13312.541666666666,13022.416666666666,290.125
fairness_zero,test_id,6437801934742152846,13051.75,13079.166666666666,-27.41666666666606
fairness_zero,test_id,6440635985804650651,13538.958333333334,13648.625,-109.66666666666606
fairness_zero,test_id,6459892323229533573,12875.541666666666,12462.541666666666,413.0
fairness_zero,test_id,6480348505334585175,13207.166666666666,12801.041666666666,406.125
fairness_zero,test_id,6658419273829967376,13846.291666666666,13633.083333333334,213.20833333333212
fairness_zero,test_id,6727498104288017096,14046.75,14005.416666666666,41.33333333333394
fairness_zero,test_id,6813112702512013042,12791.416666666666,12592.208333333334,199.20833333333212
fairness_zero,test_id,6831239936152078904,13686.833333333334,12999.458333333334,687.375
fairness_zero,test_id,6937402215942610422,13644.541666666666,13185.375,459.16666666666606
fairness_zero,test_id,6943767945109221491,13178.5,12860.291666666666,318.20833333333394
fairness_zero,test_id,6974463590753289003,14339.416666666666,14303.625,35.79166666666606
fairness_zero,test_id,7032390534166742463,13893.958333333334,13609.875,284.08333333333394
fairness_zero,test_id,7150023921575794648,13427.5,12905.25,522.25
fairness_zero,test_id,7223424139783500665,12593.875,12312.041666666666,281.83333333333394
fairness_zero,test_id,7246810858100273636,14123.083333333334,13715.375,407.70833333333394
fairness_zero,test_id,7266534895892094928,14061.75,13431.833333333334,629.9166666666661
fairness_zero,test_id,7318848004565778274,13701.583333333334,13461.0,240.58333333333394
fairness_zero,test_id,7343201283149268525,14411.458333333334,14045.125,366.33333333333394
fairness_zero,test_id,7492256063000886018,14232.208333333334,13889.5,342.70833333333394
fairness_zero,test_id,7769087513739175562,14303.625,14168.166666666666,135.45833333333394
fairness_zero,test_id,7812948724450599551,13738.333333333334,13638.916666666666,99.41666666666788
fairness_zero,test_id,7941005969573723106,14009.208333333334,14037.291666666666,-28.08333333333212
fairness_zero,test_id,7994495319001773371,13631.583333333334,13356.0,275.58333333333394
fairness_zero,test_id,8002502887718539983,12375.958333333334,12527.333333333334,-151.375
fairness_zero,test_id,8068489546111060168,12868.458333333334,12569.458333333334,299.0
fairness_zero,test_id,8105839362151262210,13054.083333333334,12952.166666666666,101.91666666666788
fairness_zero,test_id,8148161821725028583,12394.125,12104.0,290.125
fairness_zero,test_id,8399837693683642132,14256.5,13717.75,538.75
fairness_zero,test_id,8418104038375390150,12805.416666666666,12316.125,489.29166666666606
fairness_zero,test_id,8580737487405233450,13441.458333333334,13333.791666666666,107.66666666666788
fairness_zero,test_id,8879843783195224153,14169.291666666666,14374.541666666666,-205.25
fairness_zero,test_id,9304397133270680779,12387.833333333334,12054.25,333.58333333333394
fairness_zero,test_id,9594202665088114006,13874.208333333334,13847.333333333334,26.875
fairness_zero,test_id,9829409980487691731,12596.416666666666,12303.291666666666,293.125
fairness_zero,test_id,9922750006528345805,12917.291666666666,12755.708333333334,161.58333333333212
fairness_zero,test_id,9941373977592655331,13280.041666666666,12992.208333333334,287.8333333333321
fairness_zero,test_id,9957213556790767280,12605.791666666666,12456.75,149.04166666666606
fairness_zero,test_id,10078900020708180266,11812.333333333334,11683.166666666666,129.16666666666788
fairness_zero,test_id,10150212746785346502,13344.708333333334,12876.291666666666,468.4166666666679
fairness_zero,test_id,10161654729286565571,13034.916666666666,12839.666666666666,195.25
fairness_zero,test_id,10176033012890366237,13841.541666666666,13447.125,394.41666666666606
fairness_zero,test_id,10197429769645740610,13526.666666666666,13589.916666666666,-63.25
fairness_zero,test_id,10200786836776640431,14359.541666666666,13569.958333333334,789.5833333333321
fairness_zero,test_id,10267360690709713779,12488.666666666666,12243.916666666666,244.75
fairness_zero,test_id,10360803806888846040,13269.083333333334,12950.75,318.33333333333394
fairness_zero,test_id,10422041190842865092,13244.25,12823.166666666666,421.08333333333394
fairness_zero,test_id,10445096070652037453,12445.041666666666,12080.083333333334,364.9583333333321
fairness_zero,test_id,10469615561613477042,12532.791666666666,12368.958333333334,163.83333333333212
fairness_zero,test_id,10484777569877440870,13858.125,13388.458333333334,469.66666666666606
fairness_zero,test_id,10571077826792884053,13038.833333333334,12457.291666666666,581.5416666666679
fairness_zero,test_id,10755638076351078490,12811.291666666666,12536.583333333334,274.7083333333321
fairness_zero,test_id,10759708693088837287,12481.583333333334,12355.791666666666,125.79166666666788
fairness_zero,test_id,10864103757432464804,13382.833333333334,13075.166666666666,307.6666666666679
fairness_zero,test_id,10961574133042004010,13013.416666666666,12666.25,347.16666666666606
fairness_zero,test_id,11113555298416842333,13457.916666666666,13166.708333333334,291.2083333333321
fairness_zero,test_id,11245463235552385362,13220.416666666666,13258.291666666666,-37.875
fairness_zero,test_id,11289430972529084417,13671.583333333334,13482.791666666666,188.79166666666788
fairness_zero,test_id,11386766831760893743,13145.75,12774.541666666666,371.20833333333394
fairness_zero,test_id,11418514034977197970,12764.458333333334,12463.75,300.70833333333394
fairness_zero,test_id,11517899657293720597,13410.375,13325.208333333334,85.16666666666606
fairness_zero,test_id,11581762148118912118,13363.041666666666,13406.083333333334,-43.04166666666788
fairness_zero,test_id,11592624161465594656,13628.875,13380.375,248.5
fairness_zero,test_id,11599650550000749480,13717.208333333334,13564.833333333334,152.375
fairness_zero,test_id,11649956963687778548,12796.583333333334,12848.0,-51.41666666666606
fairness_zero,test_id,11691903080308762922,12715.75,12466.291666666666,249.45833333333394
fairness_zero,test_id,11804565947861010188,13840.916666666666,13657.833333333334,183.08333333333212
fairness_zero,test_id,11870887631483907992,14047.875,14172.666666666666,-124.79166666666606
fairness_zero,test_id,11958403402869279223,13079.125,12876.375,202.75
fairness_zero,test_id,12091544755903687352,13985.083333333334,13774.125,210.95833333333394
fairness_zero,test_id,12139536841387658354,13773.208333333334,13258.791666666666,514.4166666666679
fairness_zero,test_id,12179415550462990013,12998.166666666666,12836.25,161.91666666666606
fairness_zero,test_id,12191607152708606739,13408.666666666666,13176.666666666666,232.0
fairness_zero,test_id,12230541210272430858,13043.041666666666,12501.083333333334,541.9583333333321
fairness_zero,test_id,12240172268651634788,12525.416666666666,12358.583333333334,166.83333333333212
fairness_zero,test_id,12252667170099416500,13420.208333333334,13148.5,271.70833333333394
fairness_zero,test_id,12270745014029806218,13449.083333333334,13294.791666666666,154.29166666666788
fairness_zero,test_id,12331955676892847376,13235.375,12857.625,377.75
fairness_zero,test_id,12370315954728542580,12165.458333333334,12026.625,138.83333333333394
fairness_zero,test_id,12433065571216691902,13932.791666666666,13381.875,550.9166666666661
fairness_zero,test_id,12532392004662235168,13392.291666666666,13206.958333333334,185.33333333333212
fairness_zero,test_id,12553769990289448809,12999.5,12688.958333333334,310.54166666666606
fairness_zero,test_id,12675256731948077824,12728.25,12529.291666666666,198.95833333333394
fairness_zero,test_id,12746889685680303935,13252.958333333334,13249.208333333334,3.75
fairness_zero,test_id,12794140508701276895,12629.416666666666,12254.208333333334,375.2083333333321
fairness_zero,test_id,12857116075601347116,13184.958333333334,12922.916666666666,262.0416666666679
fairness_zero,test_id,12871748601989598042,13012.416666666666,12455.166666666666,557.25
fairness_zero,test_id,12885869865085967833,12279.833333333334,12072.041666666666,207.79166666666788
fairness_zero,test_id,12896200065118004326,12244.208333333334,11953.791666666666,290.4166666666679
fairness_zero,test_id,12994418886499024676,13312.0,13064.041666666666,247.95833333333394
fairness_zero,test_id,13261343001396828270,14214.583333333334,14054.541666666666,160.04166666666788
fairness_zero,test_id,13282553474799146601,13639.833333333334,13349.041666666666,290.7916666666679
fairness_zero,test_id,13347125549191899927,12506.291666666666,12258.333333333334,247.95833333333212
fairness_zero,test_id,13423640271918994168,14034.333333333334,13483.541666666666,550.7916666666679
fairness_zero,test_id,13429478478636505090,12704.5,12463.666666666666,240.83333333333394
fairness_zero,test_id,13431575969253347362,13113.083333333334,12953.708333333334,159.375
fairness_zero,test_id,13490119448939922521,14274.75,14249.5,25.25
fairness_zero,test_id,13553391596475082418,12809.041666666666,12632.833333333334,176.20833333333212
fairness_zero,test_id,13602249223839381100,14609.708333333334,13674.208333333334,935.5
fairness_zero,test_id,13696826226358769469,14053.25,13414.583333333334,638.6666666666661
fairness_zero,test_id,13699654719700400809,13609.375,13490.708333333334,118.66666666666606
fairness_zero,test_id,13803953881105598610,13666.958333333334,13332.5,334.45833333333394
fairness_zero,test_id,13828101979243738777,13939.541666666666,13618.916666666666,320.625
fairness_zero,test_id,13935911046484203455,13295.541666666666,12801.083333333334,494.4583333333321
fairness_zero,test_id,14021022926601786066,13627.625,13491.916666666666,135.70833333333394
fairness_zero,test_id,14130693195453348058,14043.25,13659.125,384.125
fairness_zero,test_id,14146161848637675460,13092.375,12750.958333333334,341.41666666666606
fairness_zero,test_id,14454231675994481946,13452.333333333334,13361.583333333334,90.75
fairness_zero,test_id,14682654361486538457,13669.0,13252.625,416.375
fairness_zero,test_id,14720592292926469478,12719.791666666666,12414.583333333334,305.2083333333321
fairness_zero,test_id,14775705014730917309,14714.708333333334,13864.625,850.0833333333339
fairness_zero,test_id,14919415739396664361,13254.541666666666,13003.958333333334,250.58333333333212
fairness_zero,test_id,15011517576733594677,13407.75,13275.5,132.25
fairness_zero,test_id,15017328118574222559,13061.375,12782.583333333334,278.79166666666606
fairness_zero,test_id,15044494062139883725,13345.75,13205.583333333334,140.16666666666606
fairness_zero,test_id,15150049485556435085,13679.958333333334,13711.916666666666,-31.95833333333212
fairness_zero,test_id,15372241390168799290,13328.25,12849.375,478.875
fairness_zero,test_id,16079587671393789139,12486.125,11993.208333333334,492.91666666666606
fairness_zero,test_id,16142060021053616442,13410.5,12937.5,473.0
fairness_zero,test_id,16524740160914888458,13029.083333333334,12601.208333333334,427.875
fairness_zero,test_id,16678850068187185217,13385.5,13104.875,280.625
fairness_zero,test_id,16797112964869241354,13503.666666666666,13432.958333333334,70.70833333333212
fairness_zero,test_id,16861548176449520959,12518.583333333334,12238.625,279.95833333333394
fairness_zero,test_id,16956089326594344293,12504.833333333334,12370.791666666666,134.04166666666788
fairness_zero,test_id,17149326288559423870,12959.833333333334,12941.666666666666,18.16666666666788
fairness_zero,test_id,17348805811785892568,12672.5,12358.375,314.125
fairness_zero,test_id,17556866886819120548,13603.625,13632.041666666666,-28.41666666666606
fairness_zero,test_id,17577011195639199337,13991.125,13248.541666666666,742.5833333333339
fairness_zero,test_id,17734756093143325151,13026.75,12664.416666666666,362.33333333333394
fairness_zero,test_id,17752285085709440213,12843.5,12690.125,153.375
fairness_zero,test_id,17774191990987823430,13291.458333333334,13029.708333333334,261.75
fairness_zero,test_id,17776819004284239446,12414.166666666666,12178.583333333334,235.58333333333212
fairness_zero,test_id,17777083591364891867,13526.875,13326.041666666666,200.83333333333394
fairness_zero,test_id,17845683274435767727,13921.125,13387.125,534.0
fairness_zero,test_id,17971046328902831115,14141.041666666666,13535.416666666666,605.625
fairness_zero,test_id,18004568296848718802,14860.583333333334,15015.416666666666,-154.83333333333212
fairness_zero,test_id,18134996555296091451,13163.625,12826.375,337.25
fairness_zero,test_id,18152460552057253550,13279.166666666666,13094.5,184.66666666666606
fairness_zero,test_id,18223369223400253486,12245.416666666666,12114.916666666666,130.5
fairness_zero,test_id,18432470025936226170,12741.916666666666,12592.875,149.04166666666606
core,test_ood_burst,299303794157996962,24048.541666666668,24048.541666666668,0.0
core,test_ood_burst,376893278890220759,16922.208333333332,16922.208333333332,0.0
core,test_ood_burst,429023325504384842,32599.375,32599.375,0.0
core,test_ood_burst,541151870695282794,24865.458333333332,24865.458333333332,0.0
core,test_ood_burst,595298694053933033,23100.125,23100.125,0.0
core,test_ood_burst,780312293462246123,26733.208333333332,26733.208333333332,0.0
core,test_ood_burst,1014947283381358289,23976.5,23976.5,0.0
core,test_ood_burst,1052727416123754386,27142.875,27142.875,0.0
core,test_ood_burst,1156906291526257633,23657.5,23657.5,0.0
core,test_ood_burst,1199440477770803163,18045.916666666668,18045.916666666668,0.0
core,test_ood_burst,1522771331905603304,29092.125,29092.125,0.0
core,test_ood_burst,1623170621188058355,32227.583333333332,32227.583333333332,0.0
core,test_ood_burst,1646343685062076984,18081.791666666668,18081.791666666668,0.0
core,test_ood_burst,1653395360290735778,24990.125,24990.125,0.0
core,test_ood_burst,1729399870953552091,27332.458333333332,27332.458333333332,0.0
core,test_ood_burst,1799320883996566735,28261.083333333332,28261.083333333332,0.0
core,test_ood_burst,1984920423496213704,16878.833333333332,16878.833333333332,0.0
core,test_ood_burst,2097393289630513294,32879.166666666664,32879.166666666664,0.0
core,test_ood_burst,2108629299743262274,31167.625,31167.625,0.0
core,test_ood_burst,2161007827515201842,38496.291666666664,38496.291666666664,0.0
core,test_ood_burst,2182215227065141788,20046.25,20046.25,0.0
core,test_ood_burst,2425022326335507498,34751.416666666664,34751.416666666664,0.0
core,test_ood_burst,2589853709264048495,31400.708333333332,31400.708333333332,0.0
core,test_ood_burst,2633807107739420459,26740.916666666668,26740.916666666668,0.0
core,test_ood_burst,2844562752160353817,34560.916666666664,34560.916666666664,0.0
core,test_ood_burst,2887412392331426362,21741.833333333332,21741.833333333332,0.0
core,test_ood_burst,3233245872282731040,18040.333333333332,18040.333333333332,0.0
core,test_ood_burst,3242296678961557571,19433.208333333332,19433.208333333332,0.0
core,test_ood_burst,3514967095742332069,19436.875,19436.875,0.0
core,test_ood_burst,3605694341519878923,17820.666666666668,17820.666666666668,0.0
core,test_ood_burst,3628488749052417323,20958.916666666668,20958.916666666668,0.0
core,test_ood_burst,3713276152470804472,20350.75,20350.75,0.0
core,test_ood_burst,3890883749291068987,26292.708333333332,26292.708333333332,0.0
core,test_ood_burst,4017675694780984679,20396.583333333332,20396.583333333332,0.0
core,test_ood_burst,4056952951305970594,25055.833333333332,25055.833333333332,0.0
core,test_ood_burst,4073079372055377752,21191.666666666668,21191.666666666668,0.0
core,test_ood_burst,4211010635624417141,30672.166666666668,30672.166666666668,0.0
core,test_ood_burst,4289726376650972515,31982.458333333332,31982.458333333332,0.0
core,test_ood_burst,4375136974697589841,25268.666666666668,25268.666666666668,0.0
core,test_ood_burst,4397080196289151357,39927.75,39927.75,0.0
core,test_ood_burst,4442584804225511940,21685.0,21685.0,0.0
core,test_ood_burst,4505524787729195896,41911.166666666664,41911.166666666664,0.0
core,test_ood_burst,4542679220927382509,21017.166666666668,21017.166666666668,0.0
core,test_ood_burst,4561769524023991255,33541.708333333336,33541.708333333336,0.0
core,test_ood_burst,4706758858919708448,34995.25,34995.25,0.0
core,test_ood_burst,4957189667572769539,21063.25,21063.25,0.0
core,test_ood_burst,5426879849974774616,31078.333333333332,31078.333333333332,0.0
core,test_ood_burst,5431671631810995738,32256.875,32256.875,0.0
core,test_ood_burst,5566276293798008066,19344.583333333332,19344.583333333332,0.0
core,test_ood_burst,5614467962797650270,21486.666666666668,21486.666666666668,0.0
core,test_ood_burst,5682649739802547531,33806.083333333336,33806.083333333336,0.0
core,test_ood_burst,5869523278922710003,24685.958333333332,24685.958333333332,0.0
core,test_ood_burst,5912767683706562216,28329.25,28329.25,0.0
core,test_ood_burst,6031631653522744940,17967.583333333332,17967.583333333332,0.0
core,test_ood_burst,6061251348176916197,30012.458333333332,30012.458333333332,0.0
core,test_ood_burst,6120811863446514758,25535.625,25535.625,0.0
core,test_ood_burst,6181312834346279751,26605.041666666668,26605.041666666668,0.0
core,test_ood_burst,6268226558492800923,19705.75,19705.75,0.0
core,test_ood_burst,6389176918514817203,29041.0,29041.0,0.0
core,test_ood_burst,6440618831887914239,23303.416666666668,23303.416666666668,0.0
core,test_ood_burst,6474568811202227548,33229.541666666664,33229.541666666664,0.0
core,test_ood_burst,6492721143275603969,33962.083333333336,33962.083333333336,0.0
core,test_ood_burst,6675984051059036287,30905.958333333332,30905.958333333332,0.0
core,test_ood_burst,6709113267903962291,16771.833333333332,16771.833333333332,0.0
core,test_ood_burst,6767212710541133375,17533.166666666668,17533.166666666668,0.0
core,test_ood_burst,6844422190941752010,25384.375,25384.375,0.0
core,test_ood_burst,7149173289708651126,19779.0,19779.0,0.0
core,test_ood_burst,7366058483001541664,16042.458333333334,16042.458333333334,0.0
core,test_ood_burst,7447796155129248491,23705.75,23705.75,0.0
core,test_ood_burst,7592337332381865817,22977.166666666668,22977.166666666668,0.0
core,test_ood_burst,7634551594873937036,32576.958333333332,32576.958333333332,0.0
core,test_ood_burst,7733690596321458566,37751.875,37751.875,0.0
core,test_ood_burst,7795050394846743001,26565.5,26565.5,0.0
core,test_ood_burst,7795312702855111717,26967.291666666668,26967.291666666668,0.0
core,test_ood_burst,7796407825476870757,29673.416666666668,29673.416666666668,0.0
core,test_ood_burst,7854753974070765287,22353.666666666668,22353.666666666668,0.0
core,test_ood_burst,7924744238598250289,19475.708333333332,19475.708333333332,0.0
core,test_ood_burst,7952599217753969054,31666.416666666668,31666.416666666668,0.0
core,test_ood_burst,8005733598471962985,20951.541666666668,20951.541666666668,0.0
core,test_ood_burst,8051504471101616966,25726.125,25726.125,0.0
core,test_ood_burst,8310394798661851340,29315.75,29315.75,0.0
core,test_ood_burst,8462565652133971796,27957.333333333332,27957.333333333332,0.0
core,test_ood_burst,8602752681043985386,33346.833333333336,33346.833333333336,0.0
core,test_ood_burst,8726839187245569018,16606.083333333332,16606.083333333332,0.0
core,test_ood_burst,8781256082920396758,34636.875,34636.875,0.0
core,test_ood_burst,8818761887002416727,22663.083333333332,22663.083333333332,0.0
core,test_ood_burst,8826294929030256946,21366.416666666668,21366.416666666668,0.0
core,test_ood_burst,8938416340451163834,33866.458333333336,33866.458333333336,0.0
core,test_ood_burst,8945818642049759696,18664.833333333332,18664.833333333332,0.0
core,test_ood_burst,8979498592481771019,22867.708333333332,22867.708333333332,0.0
core,test_ood_burst,9033647341767755493,18722.625,18722.625,0.0
core,test_ood_burst,9132195936873951945,35318.708333333336,35318.708333333336,0.0
core,test_ood_burst,9261036813131990726,19823.625,19823.625,0.0
core,test_ood_burst,9262368387728380374,27488.833333333332,27488.833333333332,0.0
core,test_ood_burst,9275939407430251820,27793.5,27793.5,0.0
core,test_ood_burst,9308839571880250285,18068.791666666668,18068.791666666668,0.0
core,test_ood_burst,9489241163915635338,31674.0,31674.0,0.0
core,test_ood_burst,9555417719065651602,18776.958333333332,18776.958333333332,0.0
core,test_ood_burst,9750773035817398223,31460.5,31460.5,0.0
core,test_ood_burst,9773906638166446473,21390.5,21390.5,0.0
core,test_ood_burst,9780491554155111760,26146.75,26146.75,0.0
core,test_ood_burst,9964462242597608368,26714.541666666668,26714.541666666668,0.0
core,test_ood_burst,9987543674599884840,18876.666666666668,18876.666666666668,0.0
core,test_ood_burst,10095891770855505779,19034.291666666668,19034.291666666668,0.0
core,test_ood_burst,10167389702418727200,20253.875,20253.875,0.0
core,test_ood_burst,10321580442953785567,27113.375,27113.375,0.0
core,test_ood_burst,10327566891298635429,23774.208333333332,23774.208333333332,0.0
core,test_ood_burst,10503162367017988603,31294.333333333332,31294.333333333332,0.0
core,test_ood_burst,10710599883382126783,22210.541666666668,22210.541666666668,0.0
core,test_ood_burst,11027027096726948944,18688.125,18688.125,0.0
core,test_ood_burst,11256679434755162507,27309.416666666668,27309.416666666668,0.0
core,test_ood_burst,11386671617692779529,20963.583333333332,20963.583333333332,0.0
core,test_ood_burst,11901510387772607260,20878.958333333332,20878.958333333332,0.0
core,test_ood_burst,11903459583374612281,25399.958333333332,25399.958333333332,0.0
core,test_ood_burst,11910589651059534541,22277.291666666668,22277.291666666668,0.0
core,test_ood_burst,12001678551921879107,23673.291666666668,23673.291666666668,0.0
core,test_ood_burst,12004582570354156413,22923.833333333332,22923.833333333332,0.0
core,test_ood_burst,12052481793125479150,25384.166666666668,25384.166666666668,0.0
core,test_ood_burst,12192083875834643124,36562.0,36562.0,0.0
core,test_ood_burst,12253980484105453623,23942.625,23942.625,0.0
core,test_ood_burst,12563357136458366607,16494.833333333332,16494.833333333332,0.0
core,test_ood_burst,12574483254655538143,28312.791666666668,28312.791666666668,0.0
core,test_ood_burst,12637746601602503388,22443.833333333332,22443.833333333332,0.0
core,test_ood_burst,12658723933571348628,24169.458333333332,24169.458333333332,0.0
core,test_ood_burst,12701101429452101687,21156.791666666668,21156.791666666668,0.0
core,test_ood_burst,12721386412658630160,22755.666666666668,22755.666666666668,0.0
core,test_ood_burst,13011170676169157331,18713.958333333332,18713.958333333332,0.0
core,test_ood_burst,13054915418223995454,18431.291666666668,18431.291666666668,0.0
core,test_ood_burst,13075245669445980932,33359.875,33359.875,0.0
core,test_ood_burst,13086972564704886504,18114.5,18114.5,0.0
core,test_ood_burst,13170650308123665183,28066.833333333332,28066.833333333332,0.0
core,test_ood_burst,13190587400857965869,16657.958333333332,16657.958333333332,0.0
core,test_ood_burst,13323699173144567882,22059.291666666668,22059.291666666668,0.0
core,test_ood_burst,13451630790900776320,31168.25,31168.25,0.0
core,test_ood_burst,13491309076536976679,21596.458333333332,21596.458333333332,0.0
core,test_ood_burst,13494525270829523147,19916.833333333332,19916.833333333332,0.0
core,test_ood_burst,13533381155301167744,31838.458333333332,31838.458333333332,0.0
core,test_ood_burst,13575543085099692936,19389.125,19389.125,0.0
core,test_ood_burst,13705214780243637563,28246.458333333332,28246.458333333332,0.0
core,test_ood_burst,13727290681335936218,31834.791666666668,31834.791666666668,0.0
core,test_ood_burst,13772067922906538138,16726.541666666668,16726.541666666668,0.0
core,test_ood_burst,13795062655380324951,34554.125,34554.125,0.0
core,test_ood_burst,13916095140569022798,19237.416666666668,19237.416666666668,0.0
core,test_ood_burst,13916478606355598883,24297.291666666668,24297.291666666668,0.0
core,test_ood_burst,14006224840153630426,32387.916666666668,32387.916666666668,0.0
core,test_ood_burst,14022422620449385954,20103.875,20103.875,0.0
core,test_ood_burst,14051761276734807376,30140.291666666668,30140.291666666668,0.0
core,test_ood_burst,14085035120307380202,17200.166666666668,17200.166666666668,0.0
core,test_ood_burst,14139682419293025992,16528.5,16528.5,0.0
core,test_ood_burst,14314454015829628275,16482.875,16482.875,0.0
core,test_ood_burst,14563759870591730585,23728.291666666668,23728.291666666668,0.0
core,test_ood_burst,14609469821741023772,26755.625,26755.625,0.0
core,test_ood_burst,14655947882545376571,19288.916666666668,19288.916666666668,0.0
core,test_ood_burst,14826139354401913137,19947.958333333332,19947.958333333332,0.0
core,test_ood_burst,14830446508217038226,30493.458333333332,30493.458333333332,0.0
core,test_ood_burst,14925638729105827688,28253.208333333332,28253.208333333332,0.0
core,test_ood_burst,15030235954746640596,20880.833333333332,20880.833333333332,0.0
core,test_ood_burst,15075166129187870690,23169.208333333332,23169.208333333332,0.0
core,test_ood_burst,15082385417630904160,21683.0,21683.0,0.0
core,test_ood_burst,15113953901065719929,36849.208333333336,36849.208333333336,0.0
core,test_ood_burst,15213483897305015376,24725.666666666668,24725.666666666668,0.0
core,test_ood_burst,15238615208053296626,20132.208333333332,20132.208333333332,0.0
core,test_ood_burst,15259860604923402732,33160.625,33160.625,0.0
core,test_ood_burst,15327523013203136441,27374.208333333332,27374.208333333332,0.0
core,test_ood_burst,15335956455568320473,27216.958333333332,27216.958333333332,0.0
core,test_ood_burst,15348179258126047889,19462.0,19462.0,0.0
core,test_ood_burst,15470209111532629157,18084.125,18084.125,0.0
core,test_ood_burst,15714518375247091530,17266.375,17266.375,0.0
core,test_ood_burst,15866200156279839513,19858.875,19858.875,0.0
core,test_ood_burst,15885756459466694222,32162.625,32162.625,0.0
core,test_ood_burst,15903430768678332273,28804.833333333332,28804.833333333332,0.0
core,test_ood_burst,15921108897396097571,26449.333333333332,26449.333333333332,0.0
core,test_ood_burst,16129283722473746256,28585.666666666668,28585.666666666668,0.0
core,test_ood_burst,16171926364344919686,27769.75,27769.75,0.0
core,test_ood_burst,16370570588791521429,24813.375,24813.375,0.0
core,test_ood_burst,16464987843948258039,30011.375,30011.375,0.0
core,test_ood_burst,16629443474182561321,26312.75,26312.75,0.0
core,test_ood_burst,16642386961093996189,22441.333333333332,22441.333333333332,0.0
core,test_ood_burst,16747606095568913998,29842.25,29842.25,0.0
core,test_ood_burst,16771937290307909382,29776.375,29776.375,0.0
core,test_ood_burst,16876404927200036848,23503.25,23503.25,0.0
core,test_ood_burst,16886789548357674038,29847.416666666668,29847.416666666668,0.0
core,test_ood_burst,16896554146922548240,25336.25,25336.25,0.0
core,test_ood_burst,16979726146705617853,25228.458333333332,25228.458333333332,0.0
core,test_ood_burst,16994683065814964109,27665.0,27665.0,0.0
core,test_ood_burst,16995558062479499795,31999.666666666668,31999.666666666668,0.0
core,test_ood_burst,16996138944294301645,33626.125,33626.125,0.0
core,test_ood_burst,17078178413903746197,24820.541666666668,24820.541666666668,0.0
core,test_ood_burst,17209990627687905251,26792.708333333332,26792.708333333332,0.0
core,test_ood_burst,17235296132065500998,26713.708333333332,26713.708333333332,0.0
core,test_ood_burst,17355451007922901654,17621.458333333332,17621.458333333332,0.0
core,test_ood_burst,17612223003500130440,25148.833333333332,25148.833333333332,0.0
core,test_ood_burst,17636518031418167873,21418.541666666668,21418.541666666668,0.0
core,test_ood_burst,17707476635562994386,22741.541666666668,22741.541666666668,0.0
core,test_ood_burst,17886460070543513088,22684.0,22684.0,0.0
core,test_ood_burst,18082577193799208136,28226.833333333332,28226.833333333332,0.0
core,test_ood_burst,18090226177217625449,18840.5,18840.5,0.0
core,test_ood_burst,18299884374254450986,17548.333333333332,17548.333333333332,0.0
core,test_ood_burst,18406905412728401349,24743.541666666668,24743.541666666668,0.0
core,test_ood_burst,18419009440813045385,24071.625,24071.625,0.0
no_reassign,test_ood_burst,299303794157996962,27182.458333333332,24048.541666666668,3133.9166666666642
no_reassign,test_ood_burst,376893278890220759,17185.541666666668,16922.208333333332,263.33333333333576
no_reassign,test_ood_burst,429023325504384842,31552.875,32599.375,-1046.5
no_reassign,test_ood_burst,541151870695282794,22907.25,24865.458333333332,-1958.2083333333321
no_reassign,test_ood_burst,595298694053933033,22393.958333333332,23100.125,-706.1666666666679
no_reassign,test_ood_burst,780312293462246123,27878.333333333332,26733.208333333332,1145.125
no_reassign,test_ood_burst,1014947283381358289,26723.833333333332,23976.5,2747.333333333332
no_reassign,test_ood_burst,1052727416123754386,28200.458333333332,27142.875,1057.5833333333321
no_reassign,test_ood_burst,1156906291526257633,24416.458333333332,23657.5,758.9583333333321
no_reassign,test_ood_burst,1199440477770803163,17422.666666666668,18045.916666666668,-623.25
no_reassign,test_ood_burst,1522771331905603304,27747.958333333332,29092.125,-1344.1666666666679
no_reassign,test_ood_burst,1623170621188058355,33860.958333333336,32227.583333333332,1633.3750000000036
no_reassign,test_ood_burst,1646343685062076984,18562.625,18081.791666666668,480.8333333333321
no_reassign,test_ood_burst,1653395360290735778,26943.708333333332,24990.125,1953.5833333333321
no_reassign,test_ood_burst,1729399870953552091,26641.25,27332.458333333332,-691.2083333333321
no_reassign,test_ood_burst,1799320883996566735,26409.458333333332,28261.083333333332,-1851.625
no_reassign,test_ood_burst,1984920423496213704,16603.75,16878.833333333332,-275.0833333333321
no_reassign,test_ood_burst,2097393289630513294,32857.625,32879.166666666664,-21.54166666666424
no_reassign,test_ood_burst,2108629299743262274,30509.916666666668,31167.625,-657.7083333333321
no_reassign,test_ood_burst,2161007827515201842,38733.166666666664,38496.291666666664,236.875
no_reassign,test_ood_burst,2182215227065141788,20065.0,20046.25,18.75
no_reassign,test_ood_burst,2425022326335507498,36593.958333333336,34751.416666666664,1842.5416666666715
no_reassign,test_ood_burst,2589853709264048495,33829.083333333336,31400.708333333332,2428.3750000000036
no_reassign,test_ood_burst,2633807107739420459,29558.875,26740.916666666668,2817.958333333332
no_reassign,test_ood_burst,2844562752160353817,34514.833333333336,34560.916666666664,-46.08333333332848
no_reassign,test_ood_burst,2887412392331426362,22324.458333333332,21741.833333333332,582.625
no_reassign,test_ood_burst,3233245872282731040,18024.708333333332,18040.333333333332,-15.625
no_reassign,test_ood_burst,3242296678961557571,19566.833333333332,19433.208333333332,133.625
no_reassign,test_ood_burst,3514967095742332069,20325.416666666668,19436.875,888.5416666666679
no_reassign,test_ood_burst,3605694341519878923,18286.541666666668,17820.666666666668,465.875
no_reassign,test_ood_burst,3628488749052417323,23198.625,20958.916666666668,2239.708333333332
no_reassign,test_ood_burst,3713276152470804472,20127.041666666668,20350.75,-223.70833333333212
no_reassign,test_ood_burst,3890883749291068987,24528.5,26292.708333333332,-1764.2083333333321
no_reassign,test_ood_burst,4017675694780984679,19289.666666666668,20396.583333333332,-1106.9166666666642
no_reassign,test_ood_burst,4056952951305970594,26148.291666666668,25055.833333333332,1092.4583333333358
no_reassign,test_ood_burst,4073079372055377752,20850.791666666668,21191.666666666668,-340.875
no_reassign,test_ood_burst,4211010635624417141,33734.833333333336,30672.166666666668,3062.666666666668
no_reassign,test_ood_burst,4289726376650972515,34537.25,31982.458333333332,2554.791666666668
no_reassign,test_ood_burst,4375136974697589841,26719.375,25268.666666666668,1450.7083333333321
no_reassign,test_ood_burst,4397080196289151357,38856.333333333336,39927.75,-1071.4166666666642
no_reassign,test_ood_burst,4442584804225511940,24753.541666666668,21685.0,3068.541666666668
no_reassign,test_ood_burst,4505524787729195896,39947.166666666664,41911.166666666664,-1964.0
no_reassign,test_ood_burst,4542679220927382509,21130.208333333332,21017.166666666668,113.04166666666424
no_reassign,test_ood_burst,4561769524023991255,35402.708333333336,33541.708333333336,1861.0
no_reassign,test_ood_burst,4706758858919708448,32940.875,34995.25,-2054.375
no_reassign,test_ood_burst,4957189667572769539,22876.208333333332,21063.25,1812.9583333333321
no_reassign,test_ood_burst,5426879849974774616,29874.958333333332,31078.333333333332,-1203.375
no_reassign,test_ood_burst,5431671631810995738,33891.833333333336,32256.875,1634.9583333333358
no_reassign,test_ood_burst,5566276293798008066,19181.0,19344.583333333332,-163.58333333333212
no_reassign,test_ood_burst,5614467962797650270,21325.625,21486.666666666668,-161.04166666666788
no_reassign,test_ood_burst,5682649739802547531,31389.541666666668,33806.083333333336,-2416.541666666668
no_reassign,test_ood_burst,5869523278922710003,24885.458333333332,24685.958333333332,199.5
no_reassign,test_ood_burst,5912767683706562216,25200.583333333332,28329.25,-3128.666666666668
no_reassign,test_ood_burst,6031631653522744940,17046.958333333332,17967.583333333332,-920.625
no_reassign,test_ood_burst,6061251348176916197,31490.0,30012.458333333332,1477.5416666666679
no_reassign,test_ood_burst,6120811863446514758,29541.166666666668,25535.625,4005.541666666668
no_reassign,test_ood_burst,6181312834346279751,29675.166666666668,26605.041666666668,3070.125
no_reassign,test_ood_burst,6268226558492800923,21985.0,19705.75,2279.25
no_reassign,test_ood_burst,6389176918514817203,28599.166666666668,29041.0,-441.8333333333321
no_reassign,test_ood_burst,6440618831887914239,22515.166666666668,23303.416666666668,-788.25
no_reassign,test_ood_burst,6474568811202227548,35652.708333333336,33229.541666666664,2423.1666666666715
no_reassign,test_ood_burst,6492721143275603969,31889.083333333332,33962.083333333336,-2073.0000000000036
no_reassign,test_ood_burst,6675984051059036287,31216.125,30905.958333333332,310.1666666666679
no_reassign,test_ood_burst,6709113267903962291,16349.583333333334,16771.833333333332,-422.2499999999982
no_reassign,test_ood_burst,6767212710541133375,18581.916666666668,17533.166666666668,1048.75
no_reassign,test_ood_burst,6844422190941752010,27223.375,25384.375,1839.0
no_reassign,test_ood_burst,7149173289708651126,19903.625,19779.0,124.625
no_reassign,test_ood_burst,7366058483001541664,15943.125,16042.458333333334,-99.33333333333394
no_reassign,test_ood_burst,7447796155129248491,23826.25,23705.75,120.5
no_reassign,test_ood_burst,7592337332381865817,22033.291666666668,22977.166666666668,-943.875
no_reassign,test_ood_burst,7634551594873937036,32414.75,32576.958333333332,-162.20833333333212
no_reassign,test_ood_burst,7733690596321458566,36489.291666666664,37751.875,-1262.5833333333358
no_reassign,test_ood_burst,7795050394846743001,24936.125,26565.5,-1629.375
no_reassign,test_ood_burst,7795312702855111717,24594.166666666668,26967.291666666668,-2373.125
no_reassign,test_ood_burst,7796407825476870757,31693.833333333332,29673.416666666668,2020.4166666666642
no_reassign,test_ood_burst,7854753974070765287,25050.833333333332,22353.666666666668,2697.1666666666642
no_reassign,test_ood_burst,7924744238598250289,21390.375,19475.708333333332,1914.6666666666679
no_reassign,test_ood_burst,7952599217753969054,33622.958333333336,31666.416666666668,1956.5416666666679
no_reassign,test_ood_burst,8005733598471962985,17991.416666666668,20951.541666666668,-2960.125
no_reassign,test_ood_burst,8051504471101616966,26990.166666666668,25726.125,1264.0416666666679
no_reassign,test_ood_burst,8310394798661851340,27781.5,29315.75,-1534.25
no_reassign,test_ood_burst,8462565652133971796,30950.625,27957.333333333332,2993.291666666668
no_reassign,test_ood_burst,8602752681043985386,36068.25,33346.833333333336,2721.4166666666642
no_reassign,test_ood_burst,8726839187245569018,16077.25,16606.083333333332,-528.8333333333321
no_reassign,test_ood_burst,8781256082920396758,33121.916666666664,34636.875,-1514.9583333333358
no_reassign,test_ood_burst,8818761887002416727,22035.916666666668,22663.083333333332,-627.1666666666642
no_reassign,test_ood_burst,8826294929030256946,22479.375,21366.416666666668,1112.9583333333321
no_reassign,test_ood_burst,8938416340451163834,34058.833333333336,33866.458333333336,192.375
no_reassign,test_ood_burst,8945818642049759696,18243.208333333332,18664.833333333332,-421.625
no_reassign,test_ood_burst,8979498592481771019,25924.875,22867.708333333332,3057.166666666668
no_reassign,test_ood_burst,9033647341767755493,20249.25,18722.625,1526.625
no_reassign,test_ood_burst,9132195936873951945,33503.833333333336,35318.708333333336,-1814.875
no_reassign,test_ood_burst,9261036813131990726,22191.125,19823.625,2367.5
no_reassign,test_ood_burst,9262368387728380374,26059.125,27488.833333333332,-1429.7083333333321
no_reassign,test_ood_burst,9275939407430251820,26365.666666666668,27793.5,-1427.8333333333321
no_reassign,test_ood_burst,9308839571880250285,17770.0,18068.791666666668,-298.7916666666679
no_reassign,test_ood_burst,9489241163915635338,32440.416666666668,31674.0,766.4166666666679
no_reassign,test_ood_burst,9555417719065651602,18930.75,18776.958333333332,153.79166666666788
no_reassign,test_ood_burst,9750773035817398223,33093.208333333336,31460.5,1632.7083333333358
no_reassign,test_ood_burst,9773906638166446473,21990.666666666668,21390.5,600.1666666666679
no_reassign,test_ood_burst,9780491554155111760,26256.583333333332,26146.75,109.83333333333212
no_reassign,test_ood_burst,9964462242597608368,24315.708333333332,26714.541666666668,-2398.8333333333358
no_reassign,test_ood_burst,9987543674599884840,17874.875,18876.666666666668,-1001.7916666666679
no_reassign,test_ood_burst,10095891770855505779,19815.083333333332,19034.291666666668,780.7916666666642
no_reassign,test_ood_burst,10167389702418727200,21936.666666666668,20253.875,1682.7916666666679
no_reassign,test_ood_burst,10321580442953785567,27383.333333333332,27113.375,269.9583333333321
no_reassign,test_ood_burst,10327566891298635429,24389.875,23774.208333333332,615.6666666666679
no_reassign,test_ood_burst,10503162367017988603,32188.125,31294.333333333332,893.7916666666679
no_reassign,test_ood_burst,10710599883382126783,22103.5,22210.541666666668,-107.04166666666788
no_reassign,test_ood_burst,11027027096726948944,17812.666666666668,18688.125,-875.4583333333321
no_reassign,test_ood_burst,11256679434755162507,28649.791666666668,27309.416666666668,1340.375
no_reassign,test_ood_burst,11386671617692779529,21288.208333333332,20963.583333333332,324.625
no_reassign,test_ood_burst,11901510387772607260,23410.5,20878.958333333332,2531.541666666668
no_reassign,test_ood_burst,11903459583374612281,24407.416666666668,25399.958333333332,-992.5416666666642
no_reassign,test_ood_burst,11910589651059534541,24014.541666666668,22277.291666666668,1737.25
no_reassign,test_ood_burst,12001678551921879107,22187.708333333332,23673.291666666668,-1485.5833333333358
no_reassign,test_ood_burst,12004582570354156413,24863.916666666668,22923.833333333332,1940.0833333333358
no_reassign,test_ood_burst,12052481793125479150,24442.708333333332,25384.166666666668,-941.4583333333358
no_reassign,test_ood_burst,12192083875834643124,34677.041666666664,36562.0,-1884.9583333333358
no_reassign,test_ood_burst,12253980484105453623,24812.291666666668,23942.625,869.6666666666679
no_reassign,test_ood_burst,12563357136458366607,16085.583333333334,16494.833333333332,-409.2499999999982
no_reassign,test_ood_burst,12574483254655538143,26697.791666666668,28312.791666666668,-1615.0
no_reassign,test_ood_burst,12637746601602503388,21905.916666666668,22443.833333333332,-537.9166666666642
no_reassign,test_ood_burst,12658723933571348628,23124.75,24169.458333333332,-1044.7083333333321
no_reassign,test_ood_burst,12701101429452101687,22632.208333333332,21156.791666666668,1475.4166666666642
no_reassign,test_ood_burst,12721386412658630160,25395.0,22755.666666666668,2639.333333333332
no_reassign,test_ood_burst,13011170676169157331,17861.958333333332,18713.958333333332,-852.0
no_reassign,test_ood_burst,13054915418223995454,17689.041666666668,18431.291666666668,-742.25
no_reassign,test_ood_burst,13075245669445980932,33415.291666666664,33359.875,55.41666666666424
no_reassign,test_ood_burst,13086972564704886504,17997.708333333332,18114.5,-116.79166666666788
no_reassign,test_ood_burst,13170650308123665183,29082.958333333332,28066.833333333332,1016.125
no_reassign,test_ood_burst,13190587400857965869,16295.916666666666,16657.958333333332,-362.04166666666606
no_reassign,test_ood_burst,13323699173144567882,22556.958333333332,22059.291666666668,497.66666666666424
no_reassign,test_ood_burst,13451630790900776320,30009.666666666668,31168.25,-1158.5833333333321
no_reassign,test_ood_burst,13491309076536976679,20908.708333333332,21596.458333333332,-687.75
no_reassign,test_ood_burst,13494525270829523147,20803.708333333332,19916.833333333332,886.875
no_reassign,test_ood_burst,13533381155301167744,29898.041666666668,31838.458333333332,-1940.4166666666642
no_reassign,test_ood_burst,13575543085099692936,18212.375,19389.125,-1176.75
no_reassign,test_ood_burst,13705214780243637563,30024.041666666668,28246.458333333332,1777.5833333333358
no_reassign,test_ood_burst,13727290681335936218,31807.625,31834.791666666668,-27.16666666666788
no_reassign,test_ood_burst,13772067922906538138,16924.458333333332,16726.541666666668,197.91666666666424
no_reassign,test_ood_burst,13795062655380324951,35309.541666666664,34554.125,755.4166666666642
no_reassign,test_ood_burst,13916095140569022798,20259.041666666668,19237.416666666668,1021.625
no_reassign,test_ood_burst,13916478606355598883,23151.791666666668,24297.291666666668,-1145.5
no_reassign,test_ood_burst,14006224840153630426,30312.458333333332,32387.916666666668,-2075.4583333333358
no_reassign,test_ood_burst,14022422620449385954,20051.791666666668,20103.875,-52.08333333333212
no_reassign,test_ood_burst,14051761276734807376,28927.416666666668,30140.291666666668,-1212.875
no_reassign,test_ood_burst,14085035120307380202,17023.041666666668,17200.166666666668,-177.125
no_reassign,test_ood_burst,14139682419293025992,16344.083333333334,16528.5,-184.41666666666606
no_reassign,test_ood_burst,14314454015829628275,16634.625,16482.875,151.75
no_reassign,test_ood_burst,14563759870591730585,22462.541666666668,23728.291666666668,-1265.75
no_reassign,test_ood_burst,14609469821741023772,24802.791666666668,26755.625,-1952.8333333333321
no_reassign,test_ood_burst,14655947882545376571,19617.625,19288.916666666668,328.7083333333321
no_reassign,test_ood_burst,14826139354401913137,21482.208333333332,19947.958333333332,1534.25
no_reassign,test_ood_burst,14830446508217038226,27958.083333333332,30493.458333333332,-2535.375
no_reassign,test_ood_burst,14925638729105827688,28567.291666666668,28253.208333333332,314.08333333333576
no_reassign,test_ood_burst,15030235954746640596,19235.041666666668,20880.833333333332,-1645.7916666666642
no_reassign,test_ood_burst,15075166129187870690,22538.25,23169.208333333332,-630.9583333333321
no_reassign,test_ood_burst,15082385417630904160,24499.041666666668,21683.0,2816.041666666668
no_reassign,test_ood_burst,15113953901065719929,33885.0,36849.208333333336,-2964.2083333333358
no_reassign,test_ood_burst,15213483897305015376,26934.083333333332,24725.666666666668,2208.4166666666642
no_reassign,test_ood_burst,15238615208053296626,18961.25,20132.208333333332,-1170.9583333333321
no_reassign,test_ood_burst,15259860604923402732,36135.833333333336,33160.625,2975.2083333333358
no_reassign,test_ood_burst,15327523013203136441,29667.458333333332,27374.208333333332,2293.25
no_reassign,test_ood_burst,15335956455568320473,26117.583333333332,27216.958333333332,-1099.375
no_reassign,test_ood_burst,15348179258126047889,21496.333333333332,19462.0,2034.3333333333321
no_reassign,test_ood_burst,15470209111532629157,18274.5,18084.125,190.375
no_reassign,test_ood_burst,15714518375247091530,19381.416666666668,17266.375,2115.041666666668
no_reassign,test_ood_burst,15866200156279839513,20512.125,19858.875,653.25
no_reassign,test_ood_burst,15885756459466694222,32738.833333333332,32162.625,576.2083333333321
no_reassign,test_ood_burst,15903430768678332273,30993.125,28804.833333333332,2188.291666666668
no_reassign,test_ood_burst,15921108897396097571,28301.791666666668,26449.333333333332,1852.4583333333358
no_reassign,test_ood_burst,16129283722473746256,30617.916666666668,28585.666666666668,2032.25
no_reassign,test_ood_burst,16171926364344919686,28364.291666666668,27769.75,594.5416666666679
no_reassign,test_ood_burst,16370570588791521429,23556.416666666668,24813.375,-1256.9583333333321
no_reassign,test_ood_burst,16464987843948258039,32282.0,30011.375,2270.625
no_reassign,test_ood_burst,16629443474182561321,27083.375,26312.75,770.625
no_reassign,test_ood_burst,16642386961093996189,23317.916666666668,22441.333333333332,876.5833333333358
no_reassign,test_ood_burst,16747606095568913998,26798.291666666668,29842.25,-3043.958333333332
no_reassign,test_ood_burst,16771937290307909382,28521.0,29776.375,-1255.375
no_reassign,test_ood_burst,16876404927200036848,25648.083333333332,23503.25,2144.833333333332
no_reassign,test_ood_burst,16886789548357674038,28599.833333333332,29847.416666666668,-1247.5833333333358
no_reassign,test_ood_burst,16896554146922548240,24374.083333333332,25336.25,-962.1666666666679
no_reassign,test_ood_burst,16979726146705617853,28470.208333333332,25228.458333333332,3241.75
no_reassign,test_ood_burst,16994683065814964109,25666.916666666668,27665.0,-1998.0833333333321
no_reassign,test_ood_burst,16995558062479499795,32843.833333333336,31999.666666666668,844.1666666666679
no_reassign,test_ood_burst,16996138944294301645,35976.958333333336,33626.125,2350.8333333333358
no_reassign,test_ood_burst,17078178413903746197,23936.791666666668,24820.541666666668,-883.75
no_reassign,test_ood_burst,17209990627687905251,26424.333333333332,26792.708333333332,-368.375
no_reassign,test_ood_burst,17235296132065500998,28721.541666666668,26713.708333333332,2007.8333333333358
no_reassign,test_ood_burst,17355451007922901654,17634.166666666668,17621.458333333332,12.708333333335759
no_reassign,test_ood_burst,17612223003500130440,23025.375,25148.833333333332,-2123.458333333332
no_reassign,test_ood_burst,17636518031418167873,23690.791666666668,21418.541666666668,2272.25
no_reassign,test_ood_burst,17707476635562994386,21989.958333333332,22741.541666666668,-751.5833333333358
no_reassign,test_ood_burst,17886460070543513088,21441.208333333332,22684.0,-1242.7916666666679
no_reassign,test_ood_burst,18082577193799208136,27053.791666666668,28226.833333333332,-1173.0416666666642
no_reassign,test_ood_burst,18090226177217625449,18247.125,18840.5,-593.375
no_reassign,test_ood_burst,18299884374254450986,18369.375,17548.333333333332,821.0416666666679
no_reassign,test_ood_burst,18406905412728401349,22862.416666666668,24743.541666666668,-1881.125
no_reassign,test_ood_burst,18419009440813045385,24826.25,24071.625,754.625
no_short,test_ood_burst,299303794157996962,24285.583333333332,24048.541666666668,237.04166666666424
no_short,test_ood_burst,376893278890220759,18629.208333333332,16922.208333333332,1707.0
no_short,test_ood_burst,429023325504384842,31332.458333333332,32599.375,-1266.9166666666679
no_short,test_ood_burst,541151870695282794,23690.208333333332,24865.458333333332,-1175.25
no_short,test_ood_burst,595298694053933033,21413.291666666668,23100.125,-1686.8333333333321
no_short,test_ood_burst,780312293462246123,29567.083333333332,26733.208333333332,2833.875
no_short,test_ood_burst,1014947283381358289,24218.208333333332,23976.5,241.70833333333212
no_short,test_ood_burst,1052727416123754386,27418.208333333332,27142.875,275.3333333333321
no_short,test_ood_burst,1156906291526257633,23903.375,23657.5,245.875
no_short,test_ood_burst,1199440477770803163,17395.208333333332,18045.916666666668,-650.7083333333358
no_short,test_ood_burst,1522771331905603304,29812.583333333332,29092.125,720.4583333333321
no_short,test_ood_burst,1623170621188058355,33836.0,32227.583333333332,1608.4166666666679
no_short,test_ood_burst,1646343685062076984,19603.458333333332,18081.791666666668,1521.6666666666642
no_short,test_ood_burst,1653395360290735778,27105.416666666668,24990.125,2115.291666666668
no_short,test_ood_burst,1729399870953552091,25966.291666666668,27332.458333333332,-1366.1666666666642
no_short,test_ood_burst,1799320883996566735,25691.458333333332,28261.083333333332,-2569.625
no_short,test_ood_burst,1984920423496213704,16632.291666666668,16878.833333333332,-246.54166666666424
no_short,test_ood_burst,2097393289630513294,34149.875,32879.166666666664,1270.7083333333358
no_short,test_ood_burst,2108629299743262274,29677.166666666668,31167.625,-1490.4583333333321
no_short,test_ood_burst,2161007827515201842,40920.75,38496.291666666664,2424.4583333333358
no_short,test_ood_burst,2182215227065141788,21250.041666666668,20046.25,1203.7916666666679
no_short,test_ood_burst,2425022326335507498,35038.916666666664,34751.416666666664,287.5
no_short,test_ood_burst,2589853709264048495,31632.083333333332,31400.708333333332,231.375
no_short,test_ood_burst,2633807107739420459,26990.916666666668,26740.916666666668,250.0
no_short,test_ood_burst,2844562752160353817,36718.25,34560.916666666664,2157.3333333333358
no_short,test_ood_burst,2887412392331426362,23693.541666666668,21741.833333333332,1951.7083333333358
no_short,test_ood_burst,3233245872282731040,19350.458333333332,18040.333333333332,1310.125
no_short,test_ood_burst,3242296678961557571,20030.041666666668,19433.208333333332,596.8333333333358
no_short,test_ood_burst,3514967095742332069,19508.458333333332,19436.875,71.58333333333212
no_short,test_ood_burst,3605694341519878923,19146.833333333332,17820.666666666668,1326.1666666666642
no_short,test_ood_burst,3628488749052417323,21243.333333333332,20958.916666666668,284.41666666666424
no_short,test_ood_burst,3713276152470804472,20467.75,20350.75,117.0
no_short,test_ood_burst,3890883749291068987,24328.833333333332,26292.708333333332,-1963.875
no_short,test_ood_burst,4017675694780984679,19593.541666666668,20396.583333333332,-803.0416666666642
no_short,test_ood_burst,4056952951305970594,26399.541666666668,25055.833333333332,1343.7083333333358
no_short,test_ood_burst,4073079372055377752,20608.416666666668,21191.666666666668,-583.25
no_short,test_ood_burst,4211010635624417141,30847.666666666668,30672.166666666668,175.5
no_short,test_ood_burst,4289726376650972515,32387.583333333332,31982.458333333332,405.125
no_short,test_ood_burst,4375136974697589841,25451.875,25268.666666666668,183.20833333333212
no_short,test_ood_burst,4397080196289151357,38056.458333333336,39927.75,-1871.2916666666642
no_short,test_ood_burst,4442584804225511940,21881.208333333332,21685.0,196.20833333333212
no_short,test_ood_burst,4505524787729195896,38413.791666666664,41911.166666666664,-3497.375
no_short,test_ood_burst,4542679220927382509,21069.333333333332,21017.166666666668,52.16666666666424
no_short,test_ood_burst,4561769524023991255,33774.291666666664,33541.708333333336,232.58333333332848
no_short,test_ood_burst,4706758858919708448,34248.625,34995.25,-746.625
no_short,test_ood_burst,4957189667572769539,21247.0,21063.25,183.75
no_short,test_ood_burst,5426879849974774616,33454.333333333336,31078.333333333332,2376.0000000000036
no_short,test_ood_burst,5431671631810995738,32417.708333333332,32256.875,160.83333333333212
no_short,test_ood_burst,5566276293798008066,19186.458333333332,19344.583333333332,-158.125
no_short,test_ood_burst,5614467962797650270,21031.75,21486.666666666668,-454.9166666666679
no_short,test_ood_burst,5682649739802547531,33037.458333333336,33806.083333333336,-768.625
no_short,test_ood_burst,5869523278922710003,26454.583333333332,24685.958333333332,1768.625
no_short,test_ood_burst,5912767683706562216,29991.083333333332,28329.25,1661.8333333333321
no_short,test_ood_burst,6031631653522744940,17427.958333333332,17967.583333333332,-539.625
no_short,test_ood_burst,6061251348176916197,30325.875,30012.458333333332,313.4166666666679
no_short,test_ood_burst,6120811863446514758,25729.416666666668,25535.625,193.79166666666788
no_short,test_ood_burst,6181312834346279751,26821.333333333332,26605.041666666668,216.29166666666424
no_short,test_ood_burst,6268226558492800923,19848.541666666668,19705.75,142.79166666666788
no_short,test_ood_burst,6389176918514817203,27532.291666666668,29041.0,-1508.7083333333321
no_short,test_ood_burst,6440618831887914239,23694.458333333332,23303.416666666668,391.04166666666424
no_short,test_ood_burst,6474568811202227548,33538.0,33229.541666666664,308.45833333333576
no_short,test_ood_burst,6492721143275603969,31348.291666666668,33962.083333333336,-2613.791666666668
no_short,test_ood_burst,6675984051059036287,32326.25,30905.958333333332,1420.2916666666679
no_short,test_ood_burst,6709113267903962291,16330.208333333334,16771.833333333332,-441.6249999999982
no_short,test_ood_burst,6767212710541133375,17688.166666666668,17533.166666666668,155.0
no_short,test_ood_burst,6844422190941752010,25556.166666666668,25384.375,171.79166666666788
no_short,test_ood_burst,7149173289708651126,21545.875,19779.0,1766.875
no_short,test_ood_burst,7366058483001541664,16343.875,16042.458333333334,301.41666666666606
no_short,test_ood_burst,7447796155129248491,24958.708333333332,23705.75,1252.9583333333321
no_short,test_ood_burst,7592337332381865817,22602.625,22977.166666666668,-374.5416666666679
no_short,test_ood_burst,7634551594873937036,34730.041666666664,32576.958333333332,2153.083333333332
no_short,test_ood_burst,7733690596321458566,36981.5,37751.875,-770.375
no_short,test_ood_burst,7795050394846743001,26238.125,26565.5,-327.375
no_short,test_ood_burst,7795312702855111717,28540.166666666668,26967.291666666668,1572.875
no_short,test_ood_burst,7796407825476870757,29947.041666666668,29673.416666666668,273.625
no_short,test_ood_burst,7854753974070765287,22585.958333333332,22353.666666666668,232.29166666666424
no_short,test_ood_burst,7924744238598250289,19586.083333333332,19475.708333333332,110.375
no_short,test_ood_burst,7952599217753969054,31318.416666666668,31666.416666666668,-348.0
no_short,test_ood_burst,8005733598471962985,22376.0,20951.541666666668,1424.4583333333321
no_short,test_ood_burst,8051504471101616966,25978.0,25726.125,251.875
no_short,test_ood_burst,8310394798661851340,27943.791666666668,29315.75,-1371.9583333333321
no_short,test_ood_burst,8462565652133971796,28156.166666666668,27957.333333333332,198.83333333333576
no_short,test_ood_burst,8602752681043985386,33505.291666666664,33346.833333333336,158.45833333332848
no_short,test_ood_burst,8726839187245569018,16423.916666666668,16606.083333333332,-182.16666666666424
no_short,test_ood_burst,8781256082920396758,33228.958333333336,34636.875,-1407.9166666666642
no_short,test_ood_burst,8818761887002416727,21853.166666666668,22663.083333333332,-809.9166666666642
no_short,test_ood_burst,8826294929030256946,21388.875,21366.416666666668,22.45833333333212
no_short,test_ood_burst,8938416340451163834,36999.25,33866.458333333336,3132.7916666666642
no_short,test_ood_burst,8945818642049759696,17783.541666666668,18664.833333333332,-881.2916666666642
no_short,test_ood_burst,8979498592481771019,22978.125,22867.708333333332,110.41666666666788
no_short,test_ood_burst,9033647341767755493,19030.916666666668,18722.625,308.2916666666679
no_short,test_ood_burst,9132195936873951945,35826.166666666664,35318.708333333336,507.4583333333285
no_short,test_ood_burst,9261036813131990726,19805.333333333332,19823.625,-18.29166666666788
no_short,test_ood_burst,9262368387728380374,27937.583333333332,27488.833333333332,448.75
no_short,test_ood_burst,9275939407430251820,26677.375,27793.5,-1116.125
no_short,test_ood_burst,9308839571880250285,18139.166666666668,18068.791666666668,70.375
no_short,test_ood_burst,9489241163915635338,33643.75,31674.0,1969.75
no_short,test_ood_burst,9555417719065651602,21036.291666666668,18776.958333333332,2259.3333333333358
no_short,test_ood_burst,9750773035817398223,31618.208333333332,31460.5,157.70833333333212
no_short,test_ood_burst,9773906638166446473,23278.416666666668,21390.5,1887.9166666666679
no_short,test_ood_burst,9780491554155111760,28036.291666666668,26146.75,1889.5416666666679
no_short,test_ood_burst,9964462242597608368,25645.0,26714.541666666668,-1069.5416666666679
no_short,test_ood_burst,9987543674599884840,17523.25,18876.666666666668,-1353.4166666666679
no_short,test_ood_burst,10095891770855505779,21022.625,19034.291666666668,1988.3333333333321
no_short,test_ood_burst,10167389702418727200,21411.958333333332,20253.875,1158.0833333333321
no_short,test_ood_burst,10321580442953785567,28797.958333333332,27113.375,1684.5833333333321
no_short,test_ood_burst,10327566891298635429,25371.291666666668,23774.208333333332,1597.0833333333358
no_short,test_ood_burst,10503162367017988603,31367.125,31294.333333333332,72.79166666666788
no_short,test_ood_burst,10710599883382126783,22142.208333333332,22210.541666666668,-68.33333333333576
no_short,test_ood_burst,11027027096726948944,18367.875,18688.125,-320.25
no_short,test_ood_burst,11256679434755162507,27768.583333333332,27309.416666666668,459.16666666666424
no_short,test_ood_burst,11386671617692779529,22438.416666666668,20963.583333333332,1474.8333333333358
no_short,test_ood_burst,11901510387772607260,21062.5,20878.958333333332,183.54166666666788
no_short,test_ood_burst,11903459583374612281,24457.416666666668,25399.958333333332,-942.5416666666642
no_short,test_ood_burst,11910589651059534541,22326.458333333332,22277.291666666668,49.16666666666424
no_short,test_ood_burst,12001678551921879107,22211.458333333332,23673.291666666668,-1461.8333333333358
no_short,test_ood_burst,12004582570354156413,23088.625,22923.833333333332,164.79166666666788
no_short,test_ood_burst,12052481793125479150,24772.333333333332,25384.166666666668,-611.8333333333358
no_short,test_ood_burst,12192083875834643124,34972.041666666664,36562.0,-1589.9583333333358
no_short,test_ood_burst,12253980484105453623,26345.291666666668,23942.625,2402.666666666668
no_short,test_ood_burst,12563357136458366607,16856.208333333332,16494.833333333332,361.375
no_short,test_ood_burst,12574483254655538143,26519.833333333332,28312.791666666668,-1792.9583333333358
no_short,test_ood_burst,12637746601602503388,21242.916666666668,22443.833333333332,-1200.9166666666642
no_short,test_ood_burst,12658723933571348628,23723.625,24169.458333333332,-445.8333333333321
no_short,test_ood_burst,12701101429452101687,21301.208333333332,21156.791666666668,144.41666666666424
no_short,test_ood_burst,12721386412658630160,22914.625,22755.666666666668,158.95833333333212
no_short,test_ood_burst,13011170676169157331,18228.208333333332,18713.958333333332,-485.75
no_short,test_ood_burst,13054915418223995454,17986.875,18431.291666666668,-444.4166666666679
no_short,test_ood_burst,13075245669445980932,35744.666666666664,33359.875,2384.7916666666642
no_short,test_ood_burst,13086972564704886504,19408.5,18114.5,1294.0
no_short,test_ood_burst,13170650308123665183,30932.916666666668,28066.833333333332,2866.0833333333358
no_short,test_ood_burst,13190587400857965869,16545.625,16657.958333333332,-112.33333333333212
no_short,test_ood_burst,13323699173144567882,22907.0,22059.291666666668,847.7083333333321
no_short,test_ood_burst,13451630790900776320,29467.833333333332,31168.25,-1700.4166666666679
no_short,test_ood_burst,13491309076536976679,21424.291666666668,21596.458333333332,-172.16666666666424
no_short,test_ood_burst,13494525270829523147,20199.375,19916.833333333332,282.5416666666679
no_short,test_ood_burst,13533381155301167744,30902.75,31838.458333333332,-935.7083333333321
no_short,test_ood_burst,13575543085099692936,18244.791666666668,19389.125,-1144.3333333333321
no_short,test_ood_burst,13705214780243637563,30765.458333333332,28246.458333333332,2519.0
no_short,test_ood_burst,13727290681335936218,33305.541666666664,31834.791666666668,1470.7499999999964
no_short,test_ood_burst,13772067922906538138,16785.125,16726.541666666668,58.58333333333212
no_short,test_ood_burst,13795062655380324951,36259.541666666664,34554.125,1705.4166666666642
no_short,test_ood_burst,13916095140569022798,19371.875,19237.416666666668,134.45833333333212
no_short,test_ood_burst,13916478606355598883,23467.708333333332,24297.291666666668,-829.5833333333358
no_short,test_ood_burst,14006224840153630426,32066.875,32387.916666666668,-321.0416666666679
no_short,test_ood_burst,14022422620449385954,19627.5,20103.875,-476.375
no_short,test_ood_burst,14051761276734807376,30620.916666666668,30140.291666666668,480.625
no_short,test_ood_burst,14085035120307380202,17025.291666666668,17200.166666666668,-174.875
no_short,test_ood_burst,14139682419293025992,16446.583333333332,16528.5,-81.91666666666788
no_short,test_ood_burst,14314454015829628275,16699.875,16482.875,217.0
no_short,test_ood_burst,14563759870591730585,21922.125,23728.291666666668,-1806.1666666666679
no_short,test_ood_burst,14609469821741023772,24918.416666666668,26755.625,-1837.2083333333321
no_short,test_ood_burst,14655947882545376571,21326.833333333332,19288.916666666668,2037.9166666666642
no_short,test_ood_burst,14826139354401913137,20085.416666666668,19947.958333333332,137.45833333333576
no_short,test_ood_burst,14830446508217038226,27496.125,30493.458333333332,-2997.333333333332
no_short,test_ood_burst,14925638729105827688,30543.541666666668,28253.208333333332,2290.3333333333358
no_short,test_ood_burst,15030235954746640596,19654.458333333332,20880.833333333332,-1226.375
no_short,test_ood_burst,15075166129187870690,23552.458333333332,23169.208333333332,383.25
no_short,test_ood_burst,15082385417630904160,21621.458333333332,21683.0,-61.54166666666788
no_short,test_ood_burst,15113953901065719929,33899.916666666664,36849.208333333336,-2949.2916666666715
no_short,test_ood_burst,15213483897305015376,24896.583333333332,24725.666666666668,170.91666666666424
no_short,test_ood_burst,15238615208053296626,19056.875,20132.208333333332,-1075.3333333333321
no_short,test_ood_burst,15259860604923402732,33011.5,33160.625,-149.125
no_short,test_ood_burst,15327523013203136441,27461.125,27374.208333333332,86.91666666666788
no_short,test_ood_burst,15335956455568320473,25362.291666666668,27216.958333333332,-1854.6666666666642
no_short,test_ood_burst,15348179258126047889,19647.083333333332,19462.0,185.08333333333212
no_short,test_ood_burst,15470209111532629157,19087.416666666668,18084.125,1003.2916666666679
no_short,test_ood_burst,15714518375247091530,17425.291666666668,17266.375,158.91666666666788
no_short,test_ood_burst,15866200156279839513,21825.791666666668,19858.875,1966.9166666666679
no_short,test_ood_burst,15885756459466694222,34022.208333333336,32162.625,1859.5833333333358
no_short,test_ood_burst,15903430768678332273,29028.708333333332,28804.833333333332,223.875
no_short,test_ood_burst,15921108897396097571,26764.083333333332,26449.333333333332,314.75
no_short,test_ood_burst,16129283722473746256,31811.333333333332,28585.666666666668,3225.6666666666642
no_short,test_ood_burst,16171926364344919686,29450.916666666668,27769.75,1681.1666666666679
no_short,test_ood_burst,16370570588791521429,25697.375,24813.375,884.0
no_short,test_ood_burst,16464987843948258039,31919.875,30011.375,1908.5
no_short,test_ood_burst,16629443474182561321,28595.166666666668,26312.75,2282.416666666668
no_short,test_ood_burst,16642386961093996189,24969.625,22441.333333333332,2528.291666666668
no_short,test_ood_burst,16747606095568913998,31092.875,29842.25,1250.625
no_short,test_ood_burst,16771937290307909382,27240.458333333332,29776.375,-2535.916666666668
no_short,test_ood_burst,16876404927200036848,23970.458333333332,23503.25,467.2083333333321
no_short,test_ood_burst,16886789548357674038,27889.0,29847.416666666668,-1958.4166666666679
no_short,test_ood_burst,16896554146922548240,23948.333333333332,25336.25,-1387.9166666666679
no_short,test_ood_burst,16979726146705617853,27191.625,25228.458333333332,1963.1666666666679
no_short,test_ood_burst,16994683065814964109,25145.125,27665.0,-2519.875
no_short,test_ood_burst,16995558062479499795,34350.75,31999.666666666668,2351.083333333332
no_short,test_ood_burst,16996138944294301645,33959.166666666664,33626.125,333.04166666666424
no_short,test_ood_burst,17078178413903746197,23412.125,24820.541666666668,-1408.4166666666679
no_short,test_ood_burst,17209990627687905251,26978.083333333332,26792.708333333332,185.375
no_short,test_ood_burst,17235296132065500998,26973.25,26713.708333333332,259.5416666666679
no_short,test_ood_burst,17355451007922901654,17807.083333333332,17621.458333333332,185.625
no_short,test_ood_burst,17612223003500130440,22969.583333333332,25148.833333333332,-2179.25
no_short,test_ood_burst,17636518031418167873,21667.333333333332,21418.541666666668,248.79166666666424
no_short,test_ood_burst,17707476635562994386,23205.416666666668,22741.541666666668,463.875
no_short,test_ood_burst,17886460070543513088,24166.416666666668,22684.0,1482.4166666666679
no_short,test_ood_burst,18082577193799208136,26329.083333333332,28226.833333333332,-1897.75
no_short,test_ood_burst,18090226177217625449,18768.125,18840.5,-72.375
no_short,test_ood_burst,18299884374254450986,19714.0,17548.333333333332,2165.666666666668
no_short,test_ood_burst,18406905412728401349,22803.208333333332,24743.541666666668,-1940.3333333333358
no_short,test_ood_burst,18419009440813045385,24270.375,24071.625,198.75
fairness_zero,test_ood_burst,299303794157996962,28527.333333333332,24048.541666666668,4478.791666666664
fairness_zero,test_ood_burst,376893278890220759,17112.916666666668,16922.208333333332,190.70833333333576
fairness_zero,test_ood_burst,429023325504384842,30588.916666666668,32599.375,-2010.4583333333321
fairness_zero,test_ood_burst,541151870695282794,22669.875,24865.458333333332,-2195.583333333332
fairness_zero,test_ood_burst,595298694053933033,21202.916666666668,23100.125,-1897.2083333333321
fairness_zero,test_ood_burst,780312293462246123,27331.916666666668,26733.208333333332,598.7083333333358
fairness_zero,test_ood_burst,1014947283381358289,27077.791666666668,23976.5,3101.291666666668
fairness_zero,test_ood_burst,1052727416123754386,31576.708333333332,27142.875,4433.833333333332
fairness_zero,test_ood_burst,1156906291526257633,27150.583333333332,23657.5,3493.083333333332
fairness_zero,test_ood_burst,1199440477770803163,17573.5,18045.916666666668,-472.4166666666679
fairness_zero,test_ood_burst,1522771331905603304,24823.208333333332,29092.125,-4268.916666666668
fairness_zero,test_ood_burst,1623170621188058355,32649.791666666668,32227.583333333332,422.20833333333576
fairness_zero,test_ood_burst,1646343685062076984,18911.833333333332,18081.791666666668,830.0416666666642
fairness_zero,test_ood_burst,1653395360290735778,26860.625,24990.125,1870.5
fairness_zero,test_ood_burst,1729399870953552091,24971.708333333332,27332.458333333332,-2360.75
fairness_zero,test_ood_burst,1799320883996566735,24301.833333333332,28261.083333333332,-3959.25
fairness_zero,test_ood_burst,1984920423496213704,16122.708333333334,16878.833333333332,-756.1249999999982
fairness_zero,test_ood_burst,2097393289630513294,32041.291666666668,32879.166666666664,-837.8749999999964
fairness_zero,test_ood_burst,2108629299743262274,28635.125,31167.625,-2532.5
fairness_zero,test_ood_burst,2161007827515201842,38777.416666666664,38496.291666666664,281.125
fairness_zero,test_ood_burst,2182215227065141788,20533.458333333332,20046.25,487.2083333333321
fairness_zero,test_ood_burst,2425022326335507498,38385.75,34751.416666666664,3634.3333333333358
fairness_zero,test_ood_burst,2589853709264048495,35422.625,31400.708333333332,4021.916666666668
fairness_zero,test_ood_burst,2633807107739420459,30990.916666666668,26740.916666666668,4250.0
fairness_zero,test_ood_burst,2844562752160353817,34877.333333333336,34560.916666666664,316.4166666666715
fairness_zero,test_ood_burst,2887412392331426362,23026.291666666668,21741.833333333332,1284.4583333333358
fairness_zero,test_ood_burst,3233245872282731040,18163.208333333332,18040.333333333332,122.875
fairness_zero,test_ood_burst,3242296678961557571,19911.625,19433.208333333332,478.4166666666679
fairness_zero,test_ood_burst,3514967095742332069,22276.5,19436.875,2839.625
fairness_zero,test_ood_burst,3605694341519878923,18397.125,17820.666666666668,576.4583333333321
fairness_zero,test_ood_burst,3628488749052417323,24602.541666666668,20958.916666666668,3643.625
fairness_zero,test_ood_burst,3713276152470804472,18900.458333333332,20350.75,-1450.2916666666679
fairness_zero,test_ood_burst,3890883749291068987,23217.458333333332,26292.708333333332,-3075.25
fairness_zero,test_ood_burst,4017675694780984679,19172.875,20396.583333333332,-1223.7083333333321
fairness_zero,test_ood_burst,4056952951305970594,25759.333333333332,25055.833333333332,703.5
fairness_zero,test_ood_burst,4073079372055377752,19753.958333333332,21191.666666666668,-1437.7083333333358
fairness_zero,test_ood_burst,4211010635624417141,36266.875,30672.166666666668,5594.708333333332
fairness_zero,test_ood_burst,4289726376650972515,36036.708333333336,31982.458333333332,4054.2500000000036
fairness_zero,test_ood_burst,4375136974697589841,29020.125,25268.666666666668,3751.458333333332
fairness_zero,test_ood_burst,4397080196289151357,35563.458333333336,39927.75,-4364.291666666664
fairness_zero,test_ood_burst,4442584804225511940,25390.5,21685.0,3705.5
fairness_zero,test_ood_burst,4505524787729195896,38294.25,41911.166666666664,-3616.9166666666642
fairness_zero,test_ood_burst,4542679220927382509,20720.875,21017.166666666668,-296.2916666666679
fairness_zero,test_ood_burst,4561769524023991255,36414.208333333336,33541.708333333336,2872.5
fairness_zero,test_ood_burst,4706758858919708448,30291.75,34995.25,-4703.5
fairness_zero,test_ood_burst,4957189667572769539,25367.083333333332,21063.25,4303.833333333332
fairness_zero,test_ood_burst,5426879849974774616,30799.458333333332,31078.333333333332,-278.875
fairness_zero,test_ood_burst,5431671631810995738,34862.166666666664,32256.875,2605.2916666666642
fairness_zero,test_ood_burst,5566276293798008066,18027.916666666668,19344.583333333332,-1316.6666666666642
fairness_zero,test_ood_burst,5614467962797650270,19802.166666666668,21486.666666666668,-1684.5
fairness_zero,test_ood_burst,5682649739802547531,29965.958333333332,33806.083333333336,-3840.1250000000036
fairness_zero,test_ood_burst,5869523278922710003,25370.416666666668,24685.958333333332,684.4583333333358
fairness_zero,test_ood_burst,5912767683706562216,27336.375,28329.25,-992.875
fairness_zero,test_ood_burst,6031631653522744940,17001.666666666668,17967.583333333332,-965.9166666666642
fairness_zero,test_ood_burst,6061251348176916197,33974.916666666664,30012.458333333332,3962.458333333332
fairness_zero,test_ood_burst,6120811863446514758,30609.5,25535.625,5073.875
fairness_zero,test_ood_burst,6181312834346279751,29998.708333333332,26605.041666666668,3393.6666666666642
fairness_zero,test_ood_burst,6268226558492800923,23044.875,19705.75,3339.125
fairness_zero,test_ood_burst,6389176918514817203,24283.291666666668,29041.0,-4757.708333333332
fairness_zero,test_ood_burst,6440618831887914239,25594.041666666668,23303.416666666668,2290.625
fairness_zero,test_ood_burst,6474568811202227548,36498.416666666664,33229.541666666664,3268.875
fairness_zero,test_ood_burst,6492721143275603969,29771.958333333332,33962.083333333336,-4190.125000000004
fairness_zero,test_ood_burst,6675984051059036287,31191.791666666668,30905.958333333332,285.83333333333576
fairness_zero,test_ood_burst,6709113267903962291,16658.166666666668,16771.833333333332,-113.66666666666424
fairness_zero,test_ood_burst,6767212710541133375,18461.416666666668,17533.166666666668,928.25
fairness_zero,test_ood_burst,6844422190941752010,29968.5,25384.375,4584.125
fairness_zero,test_ood_burst,7149173289708651126,20233.25,19779.0,454.25
fairness_zero,test_ood_burst,7366058483001541664,16197.041666666666,16042.458333333334,154.58333333333212
fairness_zero,test_ood_burst,7447796155129248491,24737.708333333332,23705.75,1031.9583333333321
fairness_zero,test_ood_burst,7592337332381865817,21242.25,22977.166666666668,-1734.9166666666679
fairness_zero,test_ood_burst,7634551594873937036,32586.375,32576.958333333332,9.41666666666788
fairness_zero,test_ood_burst,7733690596321458566,35626.375,37751.875,-2125.5
fairness_zero,test_ood_burst,7795050394846743001,24330.0,26565.5,-2235.5
fairness_zero,test_ood_burst,7795312702855111717,25761.458333333332,26967.291666666668,-1205.8333333333358
fairness_zero,test_ood_burst,7796407825476870757,31878.583333333332,29673.416666666668,2205.1666666666642
fairness_zero,test_ood_burst,7854753974070765287,26108.333333333332,22353.666666666668,3754.6666666666642
fairness_zero,test_ood_burst,7924744238598250289,22789.458333333332,19475.708333333332,3313.75
fairness_zero,test_ood_burst,7952599217753969054,35841.916666666664,31666.416666666668,4175.499999999996
fairness_zero,test_ood_burst,8005733598471962985,19496.041666666668,20951.541666666668,-1455.5
fairness_zero,test_ood_burst,8051504471101616966,28185.0,25726.125,2458.875
fairness_zero,test_ood_burst,8310394798661851340,26110.625,29315.75,-3205.125
fairness_zero,test_ood_burst,8462565652133971796,31931.333333333332,27957.333333333332,3974.0
fairness_zero,test_ood_burst,8602752681043985386,38478.291666666664,33346.833333333336,5131.4583333333285
fairness_zero,test_ood_burst,8726839187245569018,16357.0,16606.083333333332,-249.08333333333212
fairness_zero,test_ood_burst,8781256082920396758,29874.166666666668,34636.875,-4762.708333333332
fairness_zero,test_ood_burst,8818761887002416727,20822.666666666668,22663.083333333332,-1840.4166666666642
fairness_zero,test_ood_burst,8826294929030256946,24893.208333333332,21366.416666666668,3526.7916666666642
fairness_zero,test_ood_burst,8938416340451163834,33832.75,33866.458333333336,-33.70833333333576
fairness_zero,test_ood_burst,8945818642049759696,18158.916666666668,18664.833333333332,-505.91666666666424
fairness_zero,test_ood_burst,8979498592481771019,26509.916666666668,22867.708333333332,3642.2083333333358
fairness_zero,test_ood_burst,9033647341767755493,21473.416666666668,18722.625,2750.791666666668
fairness_zero,test_ood_burst,9132195936873951945,30085.75,35318.708333333336,-5232.958333333336
fairness_zero,test_ood_burst,9261036813131990726,22485.75,19823.625,2662.125
fairness_zero,test_ood_burst,9262368387728380374,23364.375,27488.833333333332,-4124.458333333332
fairness_zero,test_ood_burst,9275939407430251820,24479.916666666668,27793.5,-3313.583333333332
fairness_zero,test_ood_burst,9308839571880250285,17543.458333333332,18068.791666666668,-525.3333333333358
fairness_zero,test_ood_burst,9489241163915635338,32694.458333333332,31674.0,1020.4583333333321
fairness_zero,test_ood_burst,9555417719065651602,19378.041666666668,18776.958333333332,601.0833333333358
fairness_zero,test_ood_burst,9750773035817398223,34039.416666666664,31460.5,2578.9166666666642
fairness_zero,test_ood_burst,9773906638166446473,22270.166666666668,21390.5,879.6666666666679
fairness_zero,test_ood_burst,9780491554155111760,26551.5,26146.75,404.75
fairness_zero,test_ood_burst,9964462242597608368,23093.041666666668,26714.541666666668,-3621.5
fairness_zero,test_ood_burst,9987543674599884840,17023.833333333332,18876.666666666668,-1852.8333333333358
fairness_zero,test_ood_burst,10095891770855505779,19672.208333333332,19034.291666666668,637.9166666666642
fairness_zero,test_ood_burst,10167389702418727200,19293.458333333332,20253.875,-960.4166666666679
fairness_zero,test_ood_burst,10321580442953785567,27877.0,27113.375,763.625
fairness_zero,test_ood_burst,10327566891298635429,24448.958333333332,23774.208333333332,674.75
fairness_zero,test_ood_burst,10503162367017988603,34325.041666666664,31294.333333333332,3030.708333333332
fairness_zero,test_ood_burst,10710599883382126783,21327.208333333332,22210.541666666668,-883.3333333333358
fairness_zero,test_ood_burst,11027027096726948944,17257.375,18688.125,-1430.75
fairness_zero,test_ood_burst,11256679434755162507,30132.375,27309.416666666668,2822.958333333332
fairness_zero,test_ood_burst,11386671617692779529,21592.25,20963.583333333332,628.6666666666679
fairness_zero,test_ood_burst,11901510387772607260,24054.5,20878.958333333332,3175.541666666668
fairness_zero,test_ood_burst,11903459583374612281,21382.083333333332,25399.958333333332,-4017.875
fairness_zero,test_ood_burst,11910589651059534541,25404.041666666668,22277.291666666668,3126.75
fairness_zero,test_ood_burst,12001678551921879107,21383.458333333332,23673.291666666668,-2289.8333333333358
fairness_zero,test_ood_burst,12004582570354156413,26727.208333333332,22923.833333333332,3803.375
fairness_zero,test_ood_burst,12052481793125479150,22135.458333333332,25384.166666666668,-3248.7083333333358
fairness_zero,test_ood_burst,12192083875834643124,32892.625,36562.0,-3669.375
fairness_zero,test_ood_burst,12253980484105453623,23551.708333333332,23942.625,-390.9166666666679
fairness_zero,test_ood_burst,12563357136458366607,15751.833333333334,16494.833333333332,-742.9999999999982
fairness_zero,test_ood_burst,12574483254655538143,25129.0,28312.791666666668,-3183.791666666668
fairness_zero,test_ood_burst,12637746601602503388,21764.625,22443.833333333332,-679.2083333333321
fairness_zero,test_ood_burst,12658723933571348628,21418.625,24169.458333333332,-2750.833333333332
fairness_zero,test_ood_burst,12701101429452101687,22821.166666666668,21156.791666666668,1664.375
fairness_zero,test_ood_burst,12721386412658630160,27402.833333333332,22755.666666666668,4647.166666666664
fairness_zero,test_ood_burst,13011170676169157331,17505.541666666668,18713.958333333332,-1208.4166666666642
fairness_zero,test_ood_burst,13054915418223995454,17450.583333333332,18431.291666666668,-980.7083333333358
fairness_zero,test_ood_burst,13075245669445980932,32355.291666666668,33359.875,-1004.5833333333321
fairness_zero,test_ood_burst,13086972564704886504,18238.625,18114.5,124.125
fairness_zero,test_ood_burst,13170650308123665183,29872.541666666668,28066.833333333332,1805.7083333333358
fairness_zero,test_ood_burst,13190587400857965869,16100.333333333334,16657.958333333332,-557.6249999999982
fairness_zero,test_ood_burst,13323699173144567882,22842.875,22059.291666666668,783.5833333333321
fairness_zero,test_ood_burst,13451630790900776320,28526.958333333332,31168.25,-2641.291666666668
fairness_zero,test_ood_burst,13491309076536976679,19970.333333333332,21596.458333333332,-1626.125
fairness_zero,test_ood_burst,13494525270829523147,22031.791666666668,19916.833333333332,2114.9583333333358
fairness_zero,test_ood_burst,13533381155301167744,27699.041666666668,31838.458333333332,-4139.416666666664
fairness_zero,test_ood_burst,13575543085099692936,19185.5,19389.125,-203.625
fairness_zero,test_ood_burst,13705214780243637563,30201.833333333332,28246.458333333332,1955.375
fairness_zero,test_ood_burst,13727290681335936218,32205.583333333332,31834.791666666668,370.79166666666424
fairness_zero,test_ood_burst,13772067922906538138,17046.708333333332,16726.541666666668,320.16666666666424
fairness_zero,test_ood_burst,13795062655380324951,35882.166666666664,34554.125,1328.0416666666642
fairness_zero,test_ood_burst,13916095140569022798,22227.333333333332,19237.416666666668,2989.9166666666642
fairness_zero,test_ood_burst,13916478606355598883,22031.875,24297.291666666668,-2265.416666666668
fairness_zero,test_ood_burst,14006224840153630426,28169.375,32387.916666666668,-4218.541666666668
fairness_zero,test_ood_burst,14022422620449385954,19724.666666666668,20103.875,-379.2083333333321
fairness_zero,test_ood_burst,14051761276734807376,28478.75,30140.291666666668,-1661.5416666666679
fairness_zero,test_ood_burst,14085035120307380202,16484.166666666668,17200.166666666668,-716.0
fairness_zero,test_ood_burst,14139682419293025992,17012.833333333332,16528.5,484.3333333333321
fairness_zero,test_ood_burst,14314454015829628275,16222.583333333334,16482.875,-260.29166666666606
fairness_zero,test_ood_burst,14563759870591730585,21731.958333333332,23728.291666666668,-1996.3333333333358
fairness_zero,test_ood_burst,14609469821741023772,24709.125,26755.625,-2046.5
fairness_zero,test_ood_burst,14655947882545376571,20485.5,19288.916666666668,1196.5833333333321
fairness_zero,test_ood_burst,14826139354401913137,22046.541666666668,19947.958333333332,2098.5833333333358
fairness_zero,test_ood_burst,14830446508217038226,25055.791666666668,30493.458333333332,-5437.666666666664
fairness_zero,test_ood_burst,14925638729105827688,29202.75,28253.208333333332,949.5416666666679
fairness_zero,test_ood_burst,15030235954746640596,19417.708333333332,20880.833333333332,-1463.125
fairness_zero,test_ood_burst,15075166129187870690,22494.666666666668,23169.208333333332,-674.5416666666642
fairness_zero,test_ood_burst,15082385417630904160,23324.083333333332,21683.0,1641.0833333333321
fairness_zero,test_ood_burst,15113953901065719929,34095.083333333336,36849.208333333336,-2754.125
fairness_zero,test_ood_burst,15213483897305015376,28095.875,24725.666666666668,3370.208333333332
fairness_zero,test_ood_burst,15238615208053296626,18848.791666666668,20132.208333333332,-1283.4166666666642
fairness_zero,test_ood_burst,15259860604923402732,37397.0,33160.625,4236.375
fairness_zero,test_ood_burst,15327523013203136441,31142.041666666668,27374.208333333332,3767.8333333333358
fairness_zero,test_ood_burst,15335956455568320473,24216.5,27216.958333333332,-3000.458333333332
fairness_zero,test_ood_burst,15348179258126047889,22939.708333333332,19462.0,3477.708333333332
fairness_zero,test_ood_burst,15470209111532629157,18743.166666666668,18084.125,659.0416666666679
fairness_zero,test_ood_burst,15714518375247091530,20255.416666666668,17266.375,2989.041666666668
fairness_zero,test_ood_burst,15866200156279839513,20517.0,19858.875,658.125
fairness_zero,test_ood_burst,15885756459466694222,31886.458333333332,32162.625,-276.1666666666679
fairness_zero,test_ood_burst,15903430768678332273,33591.916666666664,28804.833333333332,4787.083333333332
fairness_zero,test_ood_burst,15921108897396097571,29122.833333333332,26449.333333333332,2673.5
fairness_zero,test_ood_burst,16129283722473746256,28826.0,28585.666666666668,240.33333333333212
fairness_zero,test_ood_burst,16171926364344919686,27270.458333333332,27769.75,-499.2916666666679
fairness_zero,test_ood_burst,16370570588791521429,21249.208333333332,24813.375,-3564.166666666668
fairness_zero,test_ood_burst,16464987843948258039,32383.958333333332,30011.375,2372.583333333332
fairness_zero,test_ood_burst,16629443474182561321,28016.041666666668,26312.75,1703.2916666666679
fairness_zero,test_ood_burst,16642386961093996189,24145.958333333332,22441.333333333332,1704.625
fairness_zero,test_ood_burst,16747606095568913998,28731.583333333332,29842.25,-1110.6666666666679
fairness_zero,test_ood_burst,16771937290307909382,27040.625,29776.375,-2735.75
fairness_zero,test_ood_burst,16876404927200036848,29571.833333333332,23503.25,6068.583333333332
fairness_zero,test_ood_burst,16886789548357674038,26423.333333333332,29847.416666666668,-3424.0833333333358
fairness_zero,test_ood_burst,16896554146922548240,23442.833333333332,25336.25,-1893.4166666666679
fairness_zero,test_ood_burst,16979726146705617853,27297.375,25228.458333333332,2068.916666666668
fairness_zero,test_ood_burst,16994683065814964109,25206.625,27665.0,-2458.375
fairness_zero,test_ood_burst,16995558062479499795,31084.791666666668,31999.666666666668,-914.875
fairness_zero,test_ood_burst,16996138944294301645,36501.25,33626.125,2875.125
fairness_zero,test_ood_burst,17078178413903746197,22026.791666666668,24820.541666666668,-2793.75
fairness_zero,test_ood_burst,17209990627687905251,29100.5,26792.708333333332,2307.791666666668
fairness_zero,test_ood_burst,17235296132065500998,30358.75,26713.708333333332,3645.041666666668
fairness_zero,test_ood_burst,17355451007922901654,17145.375,17621.458333333332,-476.0833333333321
fairness_zero,test_ood_burst,17612223003500130440,21994.458333333332,25148.833333333332,-3154.375
fairness_zero,test_ood_burst,17636518031418167873,26553.583333333332,21418.541666666668,5135.041666666664
fairness_zero,test_ood_burst,17707476635562994386,22102.333333333332,22741.541666666668,-639.2083333333358
fairness_zero,test_ood_burst,17886460070543513088,19869.541666666668,22684.0,-2814.458333333332
fairness_zero,test_ood_burst,18082577193799208136,23912.333333333332,28226.833333333332,-4314.5
fairness_zero,test_ood_burst,18090226177217625449,17994.0,18840.5,-846.5
fairness_zero,test_ood_burst,18299884374254450986,19029.625,17548.333333333332,1481.2916666666679
fairness_zero,test_ood_burst,18406905412728401349,22552.333333333332,24743.541666666668,-2191.2083333333358
fairness_zero,test_ood_burst,18419009440813045385,26833.708333333332,24071.625,2762.083333333332
core,test_ood_traffic,34585491165100087,13083.958333333334,13083.958333333334,0.0
core,test_ood_traffic,45730810875971467,12779.916666666666,12779.916666666666,0.0
core,test_ood_traffic,56593711503322563,13346.333333333334,13346.333333333334,0.0
core,test_ood_traffic,102667911494059624,12729.875,12729.875,0.0
core,test_ood_traffic,291048704039258572,14323.666666666666,14323.666666666666,0.0
core,test_ood_traffic,427203895757136231,13207.833333333334,13207.833333333334,0.0
core,test_ood_traffic,575345920436587829,14632.208333333334,14632.208333333334,0.0
core,test_ood_traffic,637182973264940756,13904.416666666666,13904.416666666666,0.0
core,test_ood_traffic,645246398235958532,12786.208333333334,12786.208333333334,0.0
core,test_ood_traffic,714804913946373567,13454.75,13454.75,0.0
core,test_ood_traffic,849266372755553704,13654.875,13654.875,0.0
core,test_ood_traffic,861965953609087842,12980.958333333334,12980.958333333334,0.0
core,test_ood_traffic,863342311009084716,13971.0,13971.0,0.0
core,test_ood_traffic,904308698968177605,13013.125,13013.125,0.0
core,test_ood_traffic,977731847628690603,12978.375,12978.375,0.0
core,test_ood_traffic,1408695925700478660,13809.291666666666,13809.291666666666,0.0
core,test_ood_traffic,1576738164854774471,13051.5,13051.5,0.0
core,test_ood_traffic,1609790353502289046,13193.458333333334,13193.458333333334,0.0
core,test_ood_traffic,1684924730166983547,13264.291666666666,13264.291666666666,0.0
core,test_ood_traffic,1772523093861857685,14175.666666666666,14175.666666666666,0.0
core,test_ood_traffic,1816809013976283159,12341.833333333334,12341.833333333334,0.0
core,test_ood_traffic,1967418201226480373,12668.791666666666,12668.791666666666,0.0
core,test_ood_traffic,2023566011187845755,14430.291666666666,14430.291666666666,0.0
core,test_ood_traffic,2122804902487699820,13274.333333333334,13274.333333333334,0.0
core,test_ood_traffic,2212748735273080077,13846.416666666666,13846.416666666666,0.0
core,test_ood_traffic,2229282123499455977,14068.5,14068.5,0.0
core,test_ood_traffic,2264937181998470413,13827.75,13827.75,0.0
core,test_ood_traffic,2296635976616994463,13314.208333333334,13314.208333333334,0.0
core,test_ood_traffic,2313493038988879551,12263.833333333334,12263.833333333334,0.0
core,test_ood_traffic,2332688837079127132,13099.166666666666,13099.166666666666,0.0
core,test_ood_traffic,2415125854454784794,13347.625,13347.625,0.0
core,test_ood_traffic,2472960593563601742,13217.416666666666,13217.416666666666,0.0
core,test_ood_traffic,2496004488095752537,12984.916666666666,12984.916666666666,0.0
core,test_ood_traffic,2713924732555023269,12864.375,12864.375,0.0
core,test_ood_traffic,2816273578979968968,13543.375,13543.375,0.0
core,test_ood_traffic,2957930519716079533,14078.75,14078.75,0.0
core,test_ood_traffic,3020035617809118108,12660.583333333334,12660.583333333334,0.0
core,test_ood_traffic,3099529707391463723,12461.541666666666,12461.541666666666,0.0
core,test_ood_traffic,3183862696937413785,13079.916666666666,13079.916666666666,0.0
core,test_ood_traffic,3239112922851007431,13553.583333333334,13553.583333333334,0.0
core,test_ood_traffic,3295453648520343558,13336.75,13336.75,0.0
core,test_ood_traffic,3317466483017591455,13751.916666666666,13751.916666666666,0.0
core,test_ood_traffic,3367580938936250007,13238.083333333334,13238.083333333334,0.0
core,test_ood_traffic,3380794651198187520,13495.416666666666,13495.416666666666,0.0
core,test_ood_traffic,3468793740859105651,13710.333333333334,13710.333333333334,0.0
core,test_ood_traffic,3529655783441749634,13612.458333333334,13612.458333333334,0.0
core,test_ood_traffic,3624707838559502678,15051.708333333334,15051.708333333334,0.0
core,test_ood_traffic,3659542188279277287,13776.125,13776.125,0.0
core,test_ood_traffic,3739692075020338484,14241.375,14241.375,0.0
core,test_ood_traffic,3872170887579374478,13689.416666666666,13689.416666666666,0.0
core,test_ood_traffic,3953249178798796657,12503.375,12503.375,0.0
core,test_ood_traffic,4162871411551137720,13275.583333333334,13275.583333333334,0.0
core,test_ood_traffic,4256449658710700110,13114.25,13114.25,0.0
core,test_ood_traffic,4275778700851368042,13336.375,13336.375,0.0
core,test_ood_traffic,4288448857013355479,14375.916666666666,14375.916666666666,0.0
core,test_ood_traffic,4339866546845463039,13844.5,13844.5,0.0
core,test_ood_traffic,4344937622425386228,12241.791666666666,12241.791666666666,0.0
core,test_ood_traffic,4419835043683504492,12430.333333333334,12430.333333333334,0.0
core,test_ood_traffic,4440189852980844295,13890.375,13890.375,0.0
core,test_ood_traffic,4519257491969948039,12488.833333333334,12488.833333333334,0.0
core,test_ood_traffic,4713802439267193412,13905.291666666666,13905.291666666666,0.0
core,test_ood_traffic,4728171008707645625,12983.041666666666,12983.041666666666,0.0
core,test_ood_traffic,5005238212043752721,12965.541666666666,12965.541666666666,0.0
core,test_ood_traffic,5031523917939290867,14058.208333333334,14058.208333333334,0.0
core,test_ood_traffic,5148651093714721263,12822.041666666666,12822.041666666666,0.0
core,test_ood_traffic,5157014955626782805,13049.791666666666,13049.791666666666,0.0
core,test_ood_traffic,5572246462975869013,13996.0,13996.0,0.0
core,test_ood_traffic,5600845440927189499,13331.125,13331.125,0.0
core,test_ood_traffic,5820662178826927184,13652.0,13652.0,0.0
core,test_ood_traffic,5919512783220777065,15303.833333333334,15303.833333333334,0.0
core,test_ood_traffic,5976068668712888376,12637.375,12637.375,0.0
core,test_ood_traffic,6001040991933753152,12800.458333333334,12800.458333333334,0.0
core,test_ood_traffic,6260402465532060349,13914.541666666666,13914.541666666666,0.0
core,test_ood_traffic,6438940976114838570,13164.666666666666,13164.666666666666,0.0
core,test_ood_traffic,6472848836181212109,13461.541666666666,13461.541666666666,0.0
core,test_ood_traffic,6663040829932755592,12359.0,12359.0,0.0
core,test_ood_traffic,6728486974561679201,12987.166666666666,12987.166666666666,0.0
core,test_ood_traffic,6816028438353367811,12294.708333333334,12294.708333333334,0.0
core,test_ood_traffic,6881790395706719738,14109.833333333334,14109.833333333334,0.0
core,test_ood_traffic,6985287517963343025,12213.333333333334,12213.333333333334,0.0
core,test_ood_traffic,7030784847839969815,13746.833333333334,13746.833333333334,0.0
core,test_ood_traffic,7113181741406924874,12151.75,12151.75,0.0
core,test_ood_traffic,7136494557527238878,14291.041666666666,14291.041666666666,0.0
core,test_ood_traffic,7641936716326047598,14391.166666666666,14391.166666666666,0.0
core,test_ood_traffic,7749702565204710348,12945.125,12945.125,0.0
core,test_ood_traffic,7750498592694933409,13100.458333333334,13100.458333333334,0.0
core,test_ood_traffic,7800585172616027665,14857.375,14857.375,0.0
core,test_ood_traffic,7919804087187869529,13813.291666666666,13813.291666666666,0.0
core,test_ood_traffic,7921765713755405119,13799.541666666666,13799.541666666666,0.0
core,test_ood_traffic,7940251244418986058,14169.166666666666,14169.166666666666,0.0
core,test_ood_traffic,7952745885112531221,12814.166666666666,12814.166666666666,0.0
core,test_ood_traffic,7991574095238258554,12850.583333333334,12850.583333333334,0.0
core,test_ood_traffic,8341058877678018660,12285.0,12285.0,0.0
core,test_ood_traffic,8469196890604706217,13325.333333333334,13325.333333333334,0.0
core,test_ood_traffic,8477121560150496602,15010.5,15010.5,0.0
core,test_ood_traffic,8482613654519739301,14721.0,14721.0,0.0
core,test_ood_traffic,8515274942261120933,13296.791666666666,13296.791666666666,0.0
core,test_ood_traffic,8545993950499880213,14223.083333333334,14223.083333333334,0.0
core,test_ood_traffic,8590654920468719031,13050.0,13050.0,0.0
core,test_ood_traffic,8743634544745607673,13476.25,13476.25,0.0
core,test_ood_traffic,9090331235254053471,13336.25,13336.25,0.0
core,test_ood_traffic,9099789043962255232,12955.958333333334,12955.958333333334,0.0
core,test_ood_traffic,9115315118632974146,13623.375,13623.375,0.0
core,test_ood_traffic,9141352784513596289,13909.333333333334,13909.333333333334,0.0
core,test_ood_traffic,9174664586986792463,13487.083333333334,13487.083333333334,0.0
core,test_ood_traffic,9209924646105649805,13088.916666666666,13088.916666666666,0.0
core,test_ood_traffic,9300653950606641673,12783.25,12783.25,0.0
core,test_ood_traffic,9389318923800939777,12837.666666666666,12837.666666666666,0.0
core,test_ood_traffic,9773082228242510270,14000.583333333334,14000.583333333334,0.0
core,test_ood_traffic,10452007256131584429,12943.125,12943.125,0.0
core,test_ood_traffic,10541370055770098549,13225.291666666666,13225.291666666666,0.0
core,test_ood_traffic,10675783231822961156,12797.583333333334,12797.583333333334,0.0
core,test_ood_traffic,10714727750547931631,13840.708333333334,13840.708333333334,0.0
core,test_ood_traffic,10724564119329738235,13194.166666666666,13194.166666666666,0.0
core,test_ood_traffic,10949816895810973636,13906.125,13906.125,0.0
core,test_ood_traffic,10974437518669906437,13987.833333333334,13987.833333333334,0.0
core,test_ood_traffic,11022538835501153491,13993.958333333334,13993.958333333334,0.0
core,test_ood_traffic,11162709071737530083,13289.875,13289.875,0.0
core,test_ood_traffic,11188289492440153473,13895.166666666666,13895.166666666666,0.0
core,test_ood_traffic,11205438622825650061,14025.833333333334,14025.833333333334,0.0
core,test_ood_traffic,11308784907264027045,16758.916666666668,16758.916666666668,0.0
core,test_ood_traffic,11429169300882782786,14521.958333333334,14521.958333333334,0.0
core,test_ood_traffic,11490438657037121447,14473.416666666666,14473.416666666666,0.0
core,test_ood_traffic,11528140361460258835,14476.666666666666,14476.666666666666,0.0
core,test_ood_traffic,11617129660933057450,13999.0,13999.0,0.0
core,test_ood_traffic,11626514061329927433,13851.666666666666,13851.666666666666,0.0
core,test_ood_traffic,11770119238393886791,13587.625,13587.625,0.0
core,test_ood_traffic,12017859154612770720,12748.625,12748.625,0.0
core,test_ood_traffic,12019024858931573515,13474.458333333334,13474.458333333334,0.0
core,test_ood_traffic,12023518379568232460,13651.25,13651.25,0.0
core,test_ood_traffic,12057986393898345839,13568.875,13568.875,0.0
core,test_ood_traffic,12294973081821208153,14628.458333333334,14628.458333333334,0.0
core,test_ood_traffic,12730113444587333742,12934.458333333334,12934.458333333334,0.0
core,test_ood_traffic,12744172461802982965,13101.041666666666,13101.041666666666,0.0
core,test_ood_traffic,12757093612123920612,13454.291666666666,13454.291666666666,0.0
core,test_ood_traffic,12839780533640534251,13439.333333333334,13439.333333333334,0.0
core,test_ood_traffic,12846173920033851768,13620.875,13620.875,0.0
core,test_ood_traffic,13095198469197791198,14618.416666666666,14618.416666666666,0.0
core,test_ood_traffic,13159862742167420688,13610.666666666666,13610.666666666666,0.0
core,test_ood_traffic,13254571777941969552,12993.25,12993.25,0.0
core,test_ood_traffic,13377823910588488388,12748.458333333334,12748.458333333334,0.0
core,test_ood_traffic,13411314490345442089,14345.416666666666,14345.416666666666,0.0
core,test_ood_traffic,13417374937926020630,12286.583333333334,12286.583333333334,0.0
core,test_ood_traffic,13440433278688037655,13209.375,13209.375,0.0
core,test_ood_traffic,13506468130637887951,13437.25,13437.25,0.0
core,test_ood_traffic,14140857678694194352,12628.875,12628.875,0.0
core,test_ood_traffic,14268055629198240191,12607.625,12607.625,0.0
core,test_ood_traffic,14392373818835780732,13746.0,13746.0,0.0
core,test_ood_traffic,14441926032093239776,13627.791666666666,13627.791666666666,0.0
core,test_ood_traffic,14548106501998417713,13788.333333333334,13788.333333333334,0.0
core,test_ood_traffic,14597367613677725861,13554.833333333334,13554.833333333334,0.0
core,test_ood_traffic,14632716445822367840,13436.208333333334,13436.208333333334,0.0
core,test_ood_traffic,14682555341574578563,13977.958333333334,13977.958333333334,0.0
core,test_ood_traffic,14693664970940359076,14365.083333333334,14365.083333333334,0.0
core,test_ood_traffic,14708864827165986238,12618.458333333334,12618.458333333334,0.0
core,test_ood_traffic,14734646450240900240,12884.583333333334,12884.583333333334,0.0
core,test_ood_traffic,14770419153307622649,12383.5,12383.5,0.0
core,test_ood_traffic,14813674970327137059,14864.5,14864.5,0.0
core,test_ood_traffic,14883249638538186325,14173.583333333334,14173.583333333334,0.0
core,test_ood_traffic,14930896275443403522,12740.25,12740.25,0.0
core,test_ood_traffic,15059098074223996608,13144.916666666666,13144.916666666666,0.0
core,test_ood_traffic,15264954601389275849,13740.875,13740.875,0.0
core,test_ood_traffic,15283556727996332387,14157.333333333334,14157.333333333334,0.0
core,test_ood_traffic,15348720702416983172,14120.541666666666,14120.541666666666,0.0
core,test_ood_traffic,15356323251862728167,12911.583333333334,12911.583333333334,0.0
core,test_ood_traffic,15718543889353691286,12276.875,12276.875,0.0
core,test_ood_traffic,15759292136694773015,12062.5,12062.5,0.0
core,test_ood_traffic,15840464941321998880,14214.875,14214.875,0.0
core,test_ood_traffic,15989324983534885684,12137.625,12137.625,0.0
core,test_ood_traffic,16094222998933763239,13295.166666666666,13295.166666666666,0.0
core,test_ood_traffic,16220628254449435306,13181.791666666666,13181.791666666666,0.0
core,test_ood_traffic,16380628366933100461,13857.375,13857.375,0.0
core,test_ood_traffic,16495630786763622134,13059.291666666666,13059.291666666666,0.0
core,test_ood_traffic,16563406237291710815,13505.791666666666,13505.791666666666,0.0
core,test_ood_traffic,16577440332071223779,12178.583333333334,12178.583333333334,0.0
core,test_ood_traffic,16577458207297861965,12247.875,12247.875,0.0
core,test_ood_traffic,16646288936341027556,13519.791666666666,13519.791666666666,0.0
core,test_ood_traffic,16727197858077195815,13547.541666666666,13547.541666666666,0.0
core,test_ood_traffic,16728304721412151317,13771.375,13771.375,0.0
core,test_ood_traffic,16750784622980810069,13430.958333333334,13430.958333333334,0.0
core,test_ood_traffic,16838696820355934536,13493.958333333334,13493.958333333334,0.0
core,test_ood_traffic,16996823551822121872,13190.875,13190.875,0.0
core,test_ood_traffic,17069367988992880283,12389.5,12389.5,0.0
core,test_ood_traffic,17115369213984551639,14065.625,14065.625,0.0
core,test_ood_traffic,17125000213266413437,12553.916666666666,12553.916666666666,0.0
core,test_ood_traffic,17143555529013191271,13726.416666666666,13726.416666666666,0.0
core,test_ood_traffic,17413097992932031815,13044.75,13044.75,0.0
core,test_ood_traffic,17620091772037565362,13300.208333333334,13300.208333333334,0.0
core,test_ood_traffic,17663077183072997876,13812.125,13812.125,0.0
core,test_ood_traffic,17675230676513048856,12862.291666666666,12862.291666666666,0.0
core,test_ood_traffic,17753751391937089587,12841.583333333334,12841.583333333334,0.0
core,test_ood_traffic,17857226586684724613,12418.625,12418.625,0.0
core,test_ood_traffic,17869210291133320191,12592.208333333334,12592.208333333334,0.0
core,test_ood_traffic,17872189639825599279,14782.833333333334,14782.833333333334,0.0
core,test_ood_traffic,17912481537551683401,12362.541666666666,12362.541666666666,0.0
core,test_ood_traffic,17941342244361408898,13142.375,13142.375,0.0
core,test_ood_traffic,17948717887219175039,13726.416666666666,13726.416666666666,0.0
core,test_ood_traffic,18143705054578515238,13975.875,13975.875,0.0
core,test_ood_traffic,18222562749864067620,12495.0,12495.0,0.0
core,test_ood_traffic,18309799746769429842,12286.083333333334,12286.083333333334,0.0
no_reassign,test_ood_traffic,34585491165100087,13099.375,13083.958333333334,15.41666666666606
no_reassign,test_ood_traffic,45730810875971467,12905.875,12779.916666666666,125.95833333333394
no_reassign,test_ood_traffic,56593711503322563,13402.791666666666,13346.333333333334,56.45833333333212
no_reassign,test_ood_traffic,102667911494059624,12811.583333333334,12729.875,81.70833333333394
no_reassign,test_ood_traffic,291048704039258572,14487.375,14323.666666666666,163.70833333333394
no_reassign,test_ood_traffic,427203895757136231,13426.833333333334,13207.833333333334,219.0
no_reassign,test_ood_traffic,575345920436587829,14558.166666666666,14632.208333333334,-74.04166666666788
no_reassign,test_ood_traffic,637182973264940756,13680.125,13904.416666666666,-224.29166666666606
no_reassign,test_ood_traffic,645246398235958532,13048.458333333334,12786.208333333334,262.25
no_reassign,test_ood_traffic,714804913946373567,13476.458333333334,13454.75,21.70833333333394
no_reassign,test_ood_traffic,849266372755553704,13790.75,13654.875,135.875
no_reassign,test_ood_traffic,861965953609087842,13063.0,12980.958333333334,82.04166666666606
no_reassign,test_ood_traffic,863342311009084716,14103.0,13971.0,132.0
no_reassign,test_ood_traffic,904308698968177605,13188.041666666666,13013.125,174.91666666666606
no_reassign,test_ood_traffic,977731847628690603,12753.0,12978.375,-225.375
no_reassign,test_ood_traffic,1408695925700478660,13992.0,13809.291666666666,182.70833333333394
no_reassign,test_ood_traffic,1576738164854774471,13125.833333333334,13051.5,74.33333333333394
no_reassign,test_ood_traffic,1609790353502289046,13228.583333333334,13193.458333333334,35.125
no_reassign,test_ood_traffic,1684924730166983547,13110.416666666666,13264.291666666666,-153.875
no_reassign,test_ood_traffic,1772523093861857685,14088.666666666666,14175.666666666666,-87.0
no_reassign,test_ood_traffic,1816809013976283159,12457.291666666666,12341.833333333334,115.45833333333212
no_reassign,test_ood_traffic,1967418201226480373,12611.916666666666,12668.791666666666,-56.875
no_reassign,test_ood_traffic,2023566011187845755,14308.916666666666,14430.291666666666,-121.375
no_reassign,test_ood_traffic,2122804902487699820,13246.916666666666,13274.333333333334,-27.41666666666788
no_reassign,test_ood_traffic,2212748735273080077,13916.0,13846.416666666666,69.58333333333394
no_reassign,test_ood_traffic,2229282123499455977,13966.333333333334,14068.5,-102.16666666666606
no_reassign,test_ood_traffic,2264937181998470413,13828.166666666666,13827.75,0.41666666666606034
no_reassign,test_ood_traffic,2296635976616994463,13336.25,13314.208333333334,22.04166666666606
no_reassign,test_ood_traffic,2313493038988879551,12240.625,12263.833333333334,-23.20833333333394
no_reassign,test_ood_traffic,2332688837079127132,13237.958333333334,13099.166666666666,138.79166666666788
no_reassign,test_ood_traffic,2415125854454784794,13418.458333333334,13347.625,70.83333333333394
no_reassign,test_ood_traffic,2472960593563601742,13098.916666666666,13217.416666666666,-118.5
no_reassign,test_ood_traffic,2496004488095752537,13206.875,12984.916666666666,221.95833333333394
no_reassign,test_ood_traffic,2713924732555023269,13007.625,12864.375,143.25
no_reassign,test_ood_traffic,2816273578979968968,13572.458333333334,13543.375,29.08333333333394
no_reassign,test_ood_traffic,2957930519716079533,14212.291666666666,14078.75,133.54166666666606
no_reassign,test_ood_traffic,3020035617809118108,12866.0,12660.583333333334,205.41666666666606
no_reassign,test_ood_traffic,3099529707391463723,12405.5,12461.541666666666,-56.04166666666606
no_reassign,test_ood_traffic,3183862696937413785,12866.75,13079.916666666666,-213.16666666666606
no_reassign,test_ood_traffic,3239112922851007431,13390.75,13553.583333333334,-162.83333333333394
no_reassign,test_ood_traffic,3295453648520343558,13458.375,13336.75,121.625
no_reassign,test_ood_traffic,3317466483017591455,13850.708333333334,13751.916666666666,98.79166666666788
no_reassign,test_ood_traffic,3367580938936250007,13486.166666666666,13238.083333333334,248.08333333333212
no_reassign,test_ood_traffic,3380794651198187520,13572.958333333334,13495.416666666666,77.54166666666788
no_reassign,test_ood_traffic,3468793740859105651,13906.541666666666,13710.333333333334,196.20833333333212
no_reassign,test_ood_traffic,3529655783441749634,13466.583333333334,13612.458333333334,-145.875
no_reassign,test_ood_traffic,3624707838559502678,15161.541666666666,15051.708333333334,109.83333333333212
no_reassign,test_ood_traffic,3659542188279277287,13840.625,13776.125,64.5
no_reassign,test_ood_traffic,3739692075020338484,14270.416666666666,14241.375,29.04166666666606
no_reassign,test_ood_traffic,3872170887579374478,13611.375,13689.416666666666,-78.04166666666606
no_reassign,test_ood_traffic,3953249178798796657,12622.375,12503.375,119.0
no_reassign,test_ood_traffic,4162871411551137720,13247.916666666666,13275.583333333334,-27.66666666666788
no_reassign,test_ood_traffic,4256449658710700110,13248.125,13114.25,133.875
no_reassign,test_ood_traffic,4275778700851368042,13503.166666666666,13336.375,166.79166666666606
no_reassign,test_ood_traffic,4288448857013355479,14143.875,14375.916666666666,-232.04166666666606
no_reassign,test_ood_traffic,4339866546845463039,13989.0,13844.5,144.5
no_reassign,test_ood_traffic,4344937622425386228,12288.75,12241.791666666666,46.95833333333394
no_reassign,test_ood_traffic,4419835043683504492,12264.5,12430.333333333334,-165.83333333333394
no_reassign,test_ood_traffic,4440189852980844295,13958.708333333334,13890.375,68.33333333333394
no_reassign,test_ood_traffic,4519257491969948039,12610.458333333334,12488.833333333334,121.625
no_reassign,test_ood_traffic,4713802439267193412,14009.333333333334,13905.291666666666,104.04166666666788
no_reassign,test_ood_traffic,4728171008707645625,13120.041666666666,12983.041666666666,137.0
no_reassign,test_ood_traffic,5005238212043752721,13019.958333333334,12965.541666666666,54.41666666666788
no_reassign,test_ood_traffic,5031523917939290867,13915.916666666666,14058.208333333334,-142.29166666666788
no_reassign,test_ood_traffic,5148651093714721263,12935.333333333334,12822.041666666666,113.29166666666788
no_reassign,test_ood_traffic,5157014955626782805,13126.208333333334,13049.791666666666,76.41666666666788
no_reassign,test_ood_traffic,5572246462975869013,14081.125,13996.0,85.125
no_reassign,test_ood_traffic,5600845440927189499,13152.875,13331.125,-178.25
no_reassign,test_ood_traffic,5820662178826927184,13758.791666666666,13652.0,106.79166666666606
no_reassign,test_ood_traffic,5919512783220777065,15278.75,15303.833333333334,-25.08333333333394
no_reassign,test_ood_traffic,5976068668712888376,12773.416666666666,12637.375,136.04166666666606
no_reassign,test_ood_traffic,6001040991933753152,12799.75,12800.458333333334,-0.7083333333339397
no_reassign,test_ood_traffic,6260402465532060349,14361.375,13914.541666666666,446.83333333333394
no_reassign,test_ood_traffic,6438940976114838570,13103.875,13164.666666666666,-60.79166666666606
no_reassign,test_ood_traffic,6472848836181212109,13394.916666666666,13461.541666666666,-66.625
no_reassign,test_ood_traffic,6663040829932755592,12399.833333333334,12359.0,40.83333333333394
no_reassign,test_ood_traffic,6728486974561679201,12935.875,12987.166666666666,-51.29166666666606
no_reassign,test_ood_traffic,6816028438353367811,12326.208333333334,12294.708333333334,31.5
no_reassign,test_ood_traffic,6881790395706719738,14392.541666666666,14109.833333333334,282.7083333333321
no_reassign,test_ood_traffic,6985287517963343025,12308.25,12213.333333333334,94.91666666666606
no_reassign,test_ood_traffic,7030784847839969815,14187.666666666666,13746.833333333334,440.8333333333321
no_reassign,test_ood_traffic,7113181741406924874,12259.458333333334,12151.75,107.70833333333394
no_reassign,test_ood_traffic,7136494557527238878,14132.916666666666,14291.041666666666,-158.125
no_reassign,test_ood_traffic,7641936716326047598,14386.416666666666,14391.166666666666,-4.75
no_reassign,test_ood_traffic,7749702565204710348,13089.916666666666,12945.125,144.79166666666606
no_reassign,test_ood_traffic,7750498592694933409,13204.791666666666,13100.458333333334,104.33333333333212
no_reassign,test_ood_traffic,7800585172616027665,14835.375,14857.375,-22.0
no_reassign,test_ood_traffic,7919804087187869529,13616.833333333334,13813.291666666666,-196.45833333333212
no_reassign,test_ood_traffic,7921765713755405119,13622.666666666666,13799.541666666666,-176.875
no_reassign,test_ood_traffic,7940251244418986058,14352.625,14169.166666666666,183.45833333333394
no_reassign,test_ood_traffic,7952745885112531221,12985.625,12814.166666666666,171.45833333333394
no_reassign,test_ood_traffic,7991574095238258554,12826.666666666666,12850.583333333334,-23.91666666666788
no_reassign,test_ood_traffic,8341058877678018660,12320.75,12285.0,35.75
no_reassign,test_ood_traffic,8469196890604706217,13318.5,13325.333333333334,-6.83333333333394
no_reassign,test_ood_traffic,8477121560150496602,14779.791666666666,15010.5,-230.70833333333394
no_reassign,test_ood_traffic,8482613654519739301,14538.25,14721.0,-182.75
no_reassign,test_ood_traffic,8515274942261120933,13524.958333333334,13296.791666666666,228.16666666666788
no_reassign,test_ood_traffic,8545993950499880213,14200.333333333334,14223.083333333334,-22.75
no_reassign,test_ood_traffic,8590654920468719031,13142.375,13050.0,92.375
no_reassign,test_ood_traffic,8743634544745607673,13469.625,13476.25,-6.625
no_reassign,test_ood_traffic,9090331235254053471,13249.541666666666,13336.25,-86.70833333333394
no_reassign,test_ood_traffic,9099789043962255232,12858.25,12955.958333333334,-97.70833333333394
no_reassign,test_ood_traffic,9115315118632974146,13624.333333333334,13623.375,0.9583333333339397
no_reassign,test_ood_traffic,9141352784513596289,13953.041666666666,13909.333333333334,43.70833333333212
no_reassign,test_ood_traffic,9174664586986792463,13764.916666666666,13487.083333333334,277.8333333333321
no_reassign,test_ood_traffic,9209924646105649805,13010.291666666666,13088.916666666666,-78.625
no_reassign,test_ood_traffic,9300653950606641673,12772.958333333334,12783.25,-10.29166666666606
no_reassign,test_ood_traffic,9389318923800939777,12876.458333333334,12837.666666666666,38.79166666666788
no_reassign,test_ood_traffic,9773082228242510270,14236.25,14000.583333333334,235.66666666666606
no_reassign,test_ood_traffic,10452007256131584429,12938.625,12943.125,-4.5
no_reassign,test_ood_traffic,10541370055770098549,13447.041666666666,13225.291666666666,221.75
no_reassign,test_ood_traffic,10675783231822961156,12838.666666666666,12797.583333333334,41.08333333333212
no_reassign,test_ood_traffic,10714727750547931631,14235.083333333334,13840.708333333334,394.375
no_reassign,test_ood_traffic,10724564119329738235,13334.708333333334,13194.166666666666,140.54166666666788
no_reassign,test_ood_traffic,10949816895810973636,13996.166666666666,13906.125,90.04166666666606
no_reassign,test_ood_traffic,10974437518669906437,14331.166666666666,13987.833333333334,343.3333333333321
no_reassign,test_ood_traffic,11022538835501153491,14240.75,13993.958333333334,246.79166666666606
no_reassign,test_ood_traffic,11162709071737530083,13318.875,13289.875,29.0
no_reassign,test_ood_traffic,11188289492440153473,14126.208333333334,13895.166666666666,231.04166666666788
no_reassign,test_ood_traffic,11205438622825650061,14049.791666666666,14025.833333333334,23.95833333333212
no_reassign,test_ood_traffic,11308784907264027045,16534.041666666668,16758.916666666668,-224.875
no_reassign,test_ood_traffic,11429169300882782786,14398.833333333334,14521.958333333334,-123.125
no_reassign,test_ood_traffic,11490438657037121447,14530.125,14473.416666666666,56.70833333333394
no_reassign,test_ood_traffic,11528140361460258835,14535.541666666666,14476.666666666666,58.875
no_reassign,test_ood_traffic,11617129660933057450,14161.708333333334,13999.0,162.70833333333394
no_reassign,test_ood_traffic,11626514061329927433,13951.708333333334,13851.666666666666,100.04166666666788
no_reassign,test_ood_traffic,11770119238393886791,13592.625,13587.625,5.0
no_reassign,test_ood_traffic,12017859154612770720,12761.125,12748.625,12.5
no_reassign,test_ood_traffic,12019024858931573515,13470.875,13474.458333333334,-3.5833333333339397
no_reassign,test_ood_traffic,12023518379568232460,13515.208333333334,13651.25,-136.04166666666606
no_reassign,test_ood_traffic,12057986393898345839,13238.375,13568.875,-330.5
no_reassign,test_ood_traffic,12294973081821208153,14557.458333333334,14628.458333333334,-71.0
no_reassign,test_ood_traffic,12730113444587333742,12892.875,12934.458333333334,-41.58333333333394
no_reassign,test_ood_traffic,12744172461802982965,13128.333333333334,13101.041666666666,27.29166666666788
no_reassign,test_ood_traffic,12757093612123920612,13503.708333333334,13454.291666666666,49.41666666666788
no_reassign,test_ood_traffic,12839780533640534251,13734.0,13439.333333333334,294.66666666666606
no_reassign,test_ood_traffic,12846173920033851768,13602.958333333334,13620.875,-17.91666666666606
no_reassign,test_ood_traffic,13095198469197791198,14588.125,14618.416666666666,-30.29166666666606
no_reassign,test_ood_traffic,13159862742167420688,13679.208333333334,13610.666666666666,68.54166666666788
no_reassign,test_ood_traffic,13254571777941969552,13219.333333333334,12993.25,226.08333333333394
no_reassign,test_ood_traffic,13377823910588488388,12803.041666666666,12748.458333333334,54.58333333333212
no_reassign,test_ood_traffic,13411314490345442089,14214.083333333334,14345.416666666666,-131.33333333333212
no_reassign,test_ood_traffic,13417374937926020630,12210.041666666666,12286.583333333334,-76.54166666666788
no_reassign,test_ood_traffic,13440433278688037655,13146.291666666666,13209.375,-63.08333333333394
no_reassign,test_ood_traffic,13506468130637887951,13616.125,13437.25,178.875
no_reassign,test_ood_traffic,14140857678694194352,12859.125,12628.875,230.25
no_reassign,test_ood_traffic,14268055629198240191,12665.333333333334,12607.625,57.70833333333394
no_reassign,test_ood_traffic,14392373818835780732,13629.541666666666,13746.0,-116.45833333333394
no_reassign,test_ood_traffic,14441926032093239776,13578.791666666666,13627.791666666666,-49.0
no_reassign,test_ood_traffic,14548106501998417713,13879.958333333334,13788.333333333334,91.625
no_reassign,test_ood_traffic,14597367613677725861,13621.458333333334,13554.833333333334,66.625
no_reassign,test_ood_traffic,14632716445822367840,13450.458333333334,13436.208333333334,14.25
no_reassign,test_ood_traffic,14682555341574578563,13727.375,13977.958333333334,-250.58333333333394
no_reassign,test_ood_traffic,14693664970940359076,14331.666666666666,14365.083333333334,-33.41666666666788
no_reassign,test_ood_traffic,14708864827165986238,12749.833333333334,12618.458333333334,131.375
no_reassign,test_ood_traffic,14734646450240900240,12920.75,12884.583333333334,36.16666666666606
no_reassign,test_ood_traffic,14770419153307622649,12388.125,12383.5,4.625
no_reassign,test_ood_traffic,14813674970327137059,14684.0,14864.5,-180.5
no_reassign,test_ood_traffic,14883249638538186325,13923.125,14173.583333333334,-250.45833333333394
no_reassign,test_ood_traffic,14930896275443403522,12865.125,12740.25,124.875
no_reassign,test_ood_traffic,15059098074223996608,13057.833333333334,13144.916666666666,-87.08333333333212
no_reassign,test_ood_traffic,15264954601389275849,13686.958333333334,13740.875,-53.91666666666606
no_reassign,test_ood_traffic,15283556727996332387,14233.5,14157.333333333334,76.16666666666606
no_reassign,test_ood_traffic,15348720702416983172,14169.916666666666,14120.541666666666,49.375
no_reassign,test_ood_traffic,15356323251862728167,12958.5,12911.583333333334,46.91666666666606
no_reassign,test_ood_traffic,15718543889353691286,12337.166666666666,12276.875,60.29166666666606
no_reassign,test_ood_traffic,15759292136694773015,12221.625,12062.5,159.125
no_reassign,test_ood_traffic,15840464941321998880,14464.041666666666,14214.875,249.16666666666606
no_reassign,test_ood_traffic,15989324983534885684,12316.208333333334,12137.625,178.58333333333394
no_reassign,test_ood_traffic,16094222998933763239,13329.916666666666,13295.166666666666,34.75
no_reassign,test_ood_traffic,16220628254449435306,13152.25,13181.791666666666,-29.54166666666606
no_reassign,test_ood_traffic,16380628366933100461,14144.375,13857.375,287.0
no_reassign,test_ood_traffic,16495630786763622134,13115.791666666666,13059.291666666666,56.5
no_reassign,test_ood_traffic,16563406237291710815,13531.75,13505.791666666666,25.95833333333394
no_reassign,test_ood_traffic,16577440332071223779,12238.166666666666,12178.583333333334,59.58333333333212
no_reassign,test_ood_traffic,16577458207297861965,12410.916666666666,12247.875,163.04166666666606
no_reassign,test_ood_traffic,16646288936341027556,13587.458333333334,13519.791666666666,67.66666666666788
no_reassign,test_ood_traffic,16727197858077195815,13580.916666666666,13547.541666666666,33.375
no_reassign,test_ood_traffic,16728304721412151317,13927.083333333334,13771.375,155.70833333333394
no_reassign,test_ood_traffic,16750784622980810069,13675.0,13430.958333333334,244.04166666666606
no_reassign,test_ood_traffic,16838696820355934536,13740.333333333334,13493.958333333334,246.375
no_reassign,test_ood_traffic,16996823551822121872,13045.25,13190.875,-145.625
no_reassign,test_ood_traffic,17069367988992880283,12394.041666666666,12389.5,4.54166666666606
no_reassign,test_ood_traffic,17115369213984551639,13857.541666666666,14065.625,-208.08333333333394
no_reassign,test_ood_traffic,17125000213266413437,12708.166666666666,12553.916666666666,154.25
no_reassign,test_ood_traffic,17143555529013191271,13633.5,13726.416666666666,-92.91666666666606
no_reassign,test_ood_traffic,17413097992932031815,13225.125,13044.75,180.375
no_reassign,test_ood_traffic,17620091772037565362,13369.458333333334,13300.208333333334,69.25
no_reassign,test_ood_traffic,17663077183072997876,13780.125,13812.125,-32.0
no_reassign,test_ood_traffic,17675230676513048856,12836.458333333334,12862.291666666666,-25.83333333333212
no_reassign,test_ood_traffic,17753751391937089587,12816.458333333334,12841.583333333334,-25.125
no_reassign,test_ood_traffic,17857226586684724613,12796.625,12418.625,378.0
no_reassign,test_ood_traffic,17869210291133320191,12498.416666666666,12592.208333333334,-93.79166666666788
no_reassign,test_ood_traffic,17872189639825599279,14631.916666666666,14782.833333333334,-150.91666666666788
no_reassign,test_ood_traffic,17912481537551683401,12480.333333333334,12362.541666666666,117.79166666666788
no_reassign,test_ood_traffic,17941342244361408898,13240.0,13142.375,97.625
no_reassign,test_ood_traffic,17948717887219175039,13969.083333333334,13726.416666666666,242.66666666666788
no_reassign,test_ood_traffic,18143705054578515238,13930.166666666666,13975.875,-45.70833333333394
no_reassign,test_ood_traffic,18222562749864067620,12663.791666666666,12495.0,168.79166666666606
no_reassign,test_ood_traffic,18309799746769429842,12482.625,12286.083333333334,196.54166666666606
no_short,test_ood_traffic,34585491165100087,13085.291666666666,13083.958333333334,1.3333333333321207
no_short,test_ood_traffic,45730810875971467,13158.833333333334,12779.916666666666,378.9166666666679
no_short,test_ood_traffic,56593711503322563,13543.416666666666,13346.333333333334,197.08333333333212
no_short,test_ood_traffic,102667911494059624,12942.083333333334,12729.875,212.20833333333394
no_short,test_ood_traffic,291048704039258572,14559.416666666666,14323.666666666666,235.75
no_short,test_ood_traffic,427203895757136231,13372.583333333334,13207.833333333334,164.75
no_short,test_ood_traffic,575345920436587829,14935.416666666666,14632.208333333334,303.2083333333321
no_short,test_ood_traffic,637182973264940756,13948.333333333334,13904.416666666666,43.91666666666788
no_short,test_ood_traffic,645246398235958532,13113.875,12786.208333333334,327.66666666666606
no_short,test_ood_traffic,714804913946373567,13543.541666666666,13454.75,88.79166666666606
no_short,test_ood_traffic,849266372755553704,13788.875,13654.875,134.0
no_short,test_ood_traffic,861965953609087842,13335.791666666666,12980.958333333334,354.8333333333321
no_short,test_ood_traffic,863342311009084716,14121.541666666666,13971.0,150.54166666666606
no_short,test_ood_traffic,904308698968177605,13191.916666666666,13013.125,178.79166666666606
no_short,test_ood_traffic,977731847628690603,13017.041666666666,12978.375,38.66666666666606
no_short,test_ood_traffic,1408695925700478660,13933.916666666666,13809.291666666666,124.625
no_short,test_ood_traffic,1576738164854774471,13294.5,13051.5,243.0
no_short,test_ood_traffic,1609790353502289046,13281.708333333334,13193.458333333334,88.25
no_short,test_ood_traffic,1684924730166983547,13477.416666666666,13264.291666666666,213.125
no_short,test_ood_traffic,1772523093861857685,14424.333333333334,14175.666666666666,248.66666666666788
no_short,test_ood_traffic,1816809013976283159,12545.208333333334,12341.833333333334,203.375
no_short,test_ood_traffic,1967418201226480373,12745.958333333334,12668.791666666666,77.16666666666788
no_short,test_ood_traffic,2023566011187845755,14635.333333333334,14430.291666666666,205.04166666666788
no_short,test_ood_traffic,2122804902487699820,13543.291666666666,13274.333333333334,268.9583333333321
no_short,test_ood_traffic,2212748735273080077,14005.0,13846.416666666666,158.58333333333394
no_short,test_ood_traffic,2229282123499455977,14333.208333333334,14068.5,264.70833333333394
no_short,test_ood_traffic,2264937181998470413,14068.875,13827.75,241.125
no_short,test_ood_traffic,2296635976616994463,13566.916666666666,13314.208333333334,252.70833333333212
no_short,test_ood_traffic,2313493038988879551,12449.666666666666,12263.833333333334,185.83333333333212
no_short,test_ood_traffic,2332688837079127132,13363.666666666666,13099.166666666666,264.5
no_short,test_ood_traffic,2415125854454784794,13297.166666666666,13347.625,-50.45833333333394
no_short,test_ood_traffic,2472960593563601742,13437.666666666666,13217.416666666666,220.25
no_short,test_ood_traffic,2496004488095752537,13262.458333333334,12984.916666666666,277.5416666666679
no_short,test_ood_traffic,2713924732555023269,12999.833333333334,12864.375,135.45833333333394
no_short,test_ood_traffic,2816273578979968968,13800.166666666666,13543.375,256.79166666666606
no_short,test_ood_traffic,2957930519716079533,14260.166666666666,14078.75,181.41666666666606
no_short,test_ood_traffic,3020035617809118108,12848.958333333334,12660.583333333334,188.375
no_short,test_ood_traffic,3099529707391463723,12624.541666666666,12461.541666666666,163.0
no_short,test_ood_traffic,3183862696937413785,13342.541666666666,13079.916666666666,262.625
no_short,test_ood_traffic,3239112922851007431,13605.375,13553.583333333334,51.79166666666606
no_short,test_ood_traffic,3295453648520343558,13671.208333333334,13336.75,334.45833333333394
no_short,test_ood_traffic,3317466483017591455,14017.208333333334,13751.916666666666,265.2916666666679
no_short,test_ood_traffic,3367580938936250007,13603.416666666666,13238.083333333334,365.3333333333321
no_short,test_ood_traffic,3380794651198187520,13680.875,13495.416666666666,185.45833333333394
no_short,test_ood_traffic,3468793740859105651,13801.208333333334,13710.333333333334,90.875
no_short,test_ood_traffic,3529655783441749634,13893.083333333334,13612.458333333334,280.625
no_short,test_ood_traffic,3624707838559502678,15046.25,15051.708333333334,-5.45833333333394
no_short,test_ood_traffic,3659542188279277287,14394.25,13776.125,618.125
no_short,test_ood_traffic,3739692075020338484,14293.541666666666,14241.375,52.16666666666606
no_short,test_ood_traffic,3872170887579374478,13757.375,13689.416666666666,67.95833333333394
no_short,test_ood_traffic,3953249178798796657,12765.416666666666,12503.375,262.04166666666606
no_short,test_ood_traffic,4162871411551137720,13534.666666666666,13275.583333333334,259.0833333333321
no_short,test_ood_traffic,4256449658710700110,13575.541666666666,13114.25,461.29166666666606
no_short,test_ood_traffic,4275778700851368042,13684.833333333334,13336.375,348.45833333333394
no_short,test_ood_traffic,4288448857013355479,14362.25,14375.916666666666,-13.66666666666606
no_short,test_ood_traffic,4339866546845463039,13922.333333333334,13844.5,77.83333333333394
no_short,test_ood_traffic,4344937622425386228,12346.0,12241.791666666666,104.20833333333394
no_short,test_ood_traffic,4419835043683504492,12699.416666666666,12430.333333333334,269.0833333333321
no_short,test_ood_traffic,4440189852980844295,14122.416666666666,13890.375,232.04166666666606
no_short,test_ood_traffic,4519257491969948039,12566.75,12488.833333333334,77.91666666666606
no_short,test_ood_traffic,4713802439267193412,14124.583333333334,13905.291666666666,219.29166666666788
no_short,test_ood_traffic,4728171008707645625,13171.458333333334,12983.041666666666,188.41666666666788
no_short,test_ood_traffic,5005238212043752721,13308.916666666666,12965.541666666666,343.375
no_short,test_ood_traffic,5031523917939290867,14102.333333333334,14058.208333333334,44.125
no_short,test_ood_traffic,5148651093714721263,12985.291666666666,12822.041666666666,163.25
no_short,test_ood_traffic,5157014955626782805,13182.0,13049.791666666666,132.20833333333394
no_short,test_ood_traffic,5572246462975869013,14230.541666666666,13996.0,234.54166666666606
no_short,test_ood_traffic,5600845440927189499,13556.0,13331.125,224.875
no_short,test_ood_traffic,5820662178826927184,13748.083333333334,13652.0,96.08333333333394
no_short,test_ood_traffic,5919512783220777065,15490.333333333334,15303.833333333334,186.5
no_short,test_ood_traffic,5976068668712888376,12806.75,12637.375,169.375
no_short,test_ood_traffic,6001040991933753152,13063.875,12800.458333333334,263.41666666666606
no_short,test_ood_traffic,6260402465532060349,14441.916666666666,13914.541666666666,527.375
no_short,test_ood_traffic,6438940976114838570,13330.625,13164.666666666666,165.95833333333394
no_short,test_ood_traffic,6472848836181212109,13697.208333333334,13461.541666666666,235.66666666666788
no_short,test_ood_traffic,6663040829932755592,12512.083333333334,12359.0,153.08333333333394
no_short,test_ood_traffic,6728486974561679201,13358.708333333334,12987.166666666666,371.5416666666679
no_short,test_ood_traffic,6816028438353367811,12379.0,12294.708333333334,84.29166666666606
no_short,test_ood_traffic,6881790395706719738,14294.375,14109.833333333334,184.54166666666606
no_short,test_ood_traffic,6985287517963343025,12550.75,12213.333333333334,337.41666666666606
no_short,test_ood_traffic,7030784847839969815,14058.25,13746.833333333334,311.41666666666606
no_short,test_ood_traffic,7113181741406924874,12452.666666666666,12151.75,300.91666666666606
no_short,test_ood_traffic,7136494557527238878,14338.333333333334,14291.041666666666,47.29166666666788
no_short,test_ood_traffic,7641936716326047598,14489.333333333334,14391.166666666666,98.16666666666788
no_short,test_ood_traffic,7749702565204710348,13065.541666666666,12945.125,120.41666666666606
no_short,test_ood_traffic,7750498592694933409,13310.5,13100.458333333334,210.04166666666606
no_short,test_ood_traffic,7800585172616027665,15090.25,14857.375,232.875
no_short,test_ood_traffic,7919804087187869529,14266.208333333334,13813.291666666666,452.9166666666679
no_short,test_ood_traffic,7921765713755405119,14166.291666666666,13799.541666666666,366.75
no_short,test_ood_traffic,7940251244418986058,14283.583333333334,14169.166666666666,114.41666666666788
no_short,test_ood_traffic,7952745885112531221,13141.541666666666,12814.166666666666,327.375
no_short,test_ood_traffic,7991574095238258554,13292.75,12850.583333333334,442.16666666666606
no_short,test_ood_traffic,8341058877678018660,12399.083333333334,12285.0,114.08333333333394
no_short,test_ood_traffic,8469196890604706217,13525.625,13325.333333333334,200.29166666666606
no_short,test_ood_traffic,8477121560150496602,15235.833333333334,15010.5,225.33333333333394
no_short,test_ood_traffic,8482613654519739301,15113.083333333334,14721.0,392.08333333333394
no_short,test_ood_traffic,8515274942261120933,13453.416666666666,13296.791666666666,156.625
no_short,test_ood_traffic,8545993950499880213,14378.416666666666,14223.083333333334,155.33333333333212
no_short,test_ood_traffic,8590654920468719031,13284.416666666666,13050.0,234.41666666666606
no_short,test_ood_traffic,8743634544745607673,13862.666666666666,13476.25,386.41666666666606
no_short,test_ood_traffic,9090331235254053471,13547.291666666666,13336.25,211.04166666666606
no_short,test_ood_traffic,9099789043962255232,13301.375,12955.958333333334,345.41666666666606
no_short,test_ood_traffic,9115315118632974146,13592.916666666666,13623.375,-30.45833333333394
no_short,test_ood_traffic,9141352784513596289,14084.0,13909.333333333334,174.66666666666606
no_short,test_ood_traffic,9174664586986792463,13678.208333333334,13487.083333333334,191.125
no_short,test_ood_traffic,9209924646105649805,13259.916666666666,13088.916666666666,171.0
no_short,test_ood_traffic,9300653950606641673,12970.75,12783.25,187.5
no_short,test_ood_traffic,9389318923800939777,13138.833333333334,12837.666666666666,301.1666666666679
no_short,test_ood_traffic,9773082228242510270,14133.833333333334,14000.583333333334,133.25
no_short,test_ood_traffic,10452007256131584429,13038.958333333334,12943.125,95.83333333333394
no_short,test_ood_traffic,10541370055770098549,13423.916666666666,13225.291666666666,198.625
no_short,test_ood_traffic,10675783231822961156,12856.5,12797.583333333334,58.91666666666606
no_short,test_ood_traffic,10714727750547931631,13946.916666666666,13840.708333333334,106.20833333333212
no_short,test_ood_traffic,10724564119329738235,13480.125,13194.166666666666,285.95833333333394
no_short,test_ood_traffic,10949816895810973636,14134.333333333334,13906.125,228.20833333333394
no_short,test_ood_traffic,10974437518669906437,14403.875,13987.833333333334,416.04166666666606
no_short,test_ood_traffic,11022538835501153491,14142.583333333334,13993.958333333334,148.625
no_short,test_ood_traffic,11162709071737530083,13578.041666666666,13289.875,288.16666666666606
no_short,test_ood_traffic,11188289492440153473,14126.875,13895.166666666666,231.70833333333394
no_short,test_ood_traffic,11205438622825650061,14095.5,14025.833333333334,69.66666666666606
no_short,test_ood_traffic,11308784907264027045,17046.791666666668,16758.916666666668,287.875
no_short,test_ood_traffic,11429169300882782786,14731.833333333334,14521.958333333334,209.875
no_short,test_ood_traffic,11490438657037121447,14737.25,14473.416666666666,263.83333333333394
no_short,test_ood_traffic,11528140361460258835,14576.5,14476.666666666666,99.83333333333394
no_short,test_ood_traffic,11617129660933057450,14327.5,13999.0,328.5
no_short,test_ood_traffic,11626514061329927433,14100.625,13851.666666666666,248.95833333333394
no_short,test_ood_traffic,11770119238393886791,13928.833333333334,13587.625,341.20833333333394
no_short,test_ood_traffic,12017859154612770720,12986.291666666666,12748.625,237.66666666666606
no_short,test_ood_traffic,12019024858931573515,13686.541666666666,13474.458333333334,212.08333333333212
no_short,test_ood_traffic,12023518379568232460,13745.208333333334,13651.25,93.95833333333394
no_short,test_ood_traffic,12057986393898345839,13766.916666666666,13568.875,198.04166666666606
no_short,test_ood_traffic,12294973081821208153,14745.541666666666,14628.458333333334,117.08333333333212
no_short,test_ood_traffic,12730113444587333742,13139.375,12934.458333333334,204.91666666666606
no_short,test_ood_traffic,12744172461802982965,13179.625,13101.041666666666,78.58333333333394
no_short,test_ood_traffic,12757093612123920612,13683.625,13454.291666666666,229.33333333333394
no_short,test_ood_traffic,12839780533640534251,13741.708333333334,13439.333333333334,302.375
no_short,test_ood_traffic,12846173920033851768,13943.541666666666,13620.875,322.66666666666606
no_short,test_ood_traffic,13095198469197791198,14526.416666666666,14618.416666666666,-92.0
no_short,test_ood_traffic,13159862742167420688,13991.958333333334,13610.666666666666,381.2916666666679
no_short,test_ood_traffic,13254571777941969552,13209.583333333334,12993.25,216.33333333333394
no_short,test_ood_traffic,13377823910588488388,12862.208333333334,12748.458333333334,113.75
no_short,test_ood_traffic,13411314490345442089,14330.583333333334,14345.416666666666,-14.83333333333212
no_short,test_ood_traffic,13417374937926020630,12508.833333333334,12286.583333333334,222.25
no_short,test_ood_traffic,13440433278688037655,13253.375,13209.375,44.0
no_short,test_ood_traffic,13506468130637887951,13697.25,13437.25,260.0
no_short,test_ood_traffic,14140857678694194352,13034.291666666666,12628.875,405.41666666666606
no_short,test_ood_traffic,14268055629198240191,12815.125,12607.625,207.5
no_short,test_ood_traffic,14392373818835780732,13775.083333333334,13746.0,29.08333333333394
no_short,test_ood_traffic,14441926032093239776,13741.875,13627.791666666666,114.08333333333394
no_short,test_ood_traffic,14548106501998417713,14108.25,13788.333333333334,319.91666666666606
no_short,test_ood_traffic,14597367613677725861,13876.291666666666,13554.833333333334,321.4583333333321
no_short,test_ood_traffic,14632716445822367840,13493.416666666666,13436.208333333334,57.20833333333212
no_short,test_ood_traffic,14682555341574578563,14091.416666666666,13977.958333333334,113.45833333333212
no_short,test_ood_traffic,14693664970940359076,14849.708333333334,14365.083333333334,484.625
no_short,test_ood_traffic,14708864827165986238,12987.541666666666,12618.458333333334,369.0833333333321
no_short,test_ood_traffic,14734646450240900240,12931.166666666666,12884.583333333334,46.58333333333212
no_short,test_ood_traffic,14770419153307622649,12798.916666666666,12383.5,415.41666666666606
no_short,test_ood_traffic,14813674970327137059,14745.583333333334,14864.5,-118.91666666666606
no_short,test_ood_traffic,14883249638538186325,14472.958333333334,14173.583333333334,299.375
no_short,test_ood_traffic,14930896275443403522,13041.916666666666,12740.25,301.66666666666606
no_short,test_ood_traffic,15059098074223996608,13108.166666666666,13144.916666666666,-36.75
no_short,test_ood_traffic,15264954601389275849,13719.25,13740.875,-21.625
no_short,test_ood_traffic,15283556727996332387,14602.833333333334,14157.333333333334,445.5
no_short,test_ood_traffic,15348720702416983172,14319.416666666666,14120.541666666666,198.875
no_short,test_ood_traffic,15356323251862728167,13178.958333333334,12911.583333333334,267.375
no_short,test_ood_traffic,15718543889353691286,12266.583333333334,12276.875,-10.29166666666606
no_short,test_ood_traffic,15759292136694773015,12275.041666666666,12062.5,212.54166666666606
no_short,test_ood_traffic,15840464941321998880,14424.75,14214.875,209.875
no_short,test_ood_traffic,15989324983534885684,12335.458333333334,12137.625,197.83333333333394
no_short,test_ood_traffic,16094222998933763239,13515.125,13295.166666666666,219.95833333333394
no_short,test_ood_traffic,16220628254449435306,13226.0,13181.791666666666,44.20833333333394
no_short,test_ood_traffic,16380628366933100461,14228.5,13857.375,371.125
no_short,test_ood_traffic,16495630786763622134,13391.75,13059.291666666666,332.45833333333394
no_short,test_ood_traffic,16563406237291710815,13669.25,13505.791666666666,163.45833333333394
no_short,test_ood_traffic,16577440332071223779,12470.958333333334,12178.583333333334,292.375
no_short,test_ood_traffic,16577458207297861965,12475.541666666666,12247.875,227.66666666666606
no_short,test_ood_traffic,16646288936341027556,13758.75,13519.791666666666,238.95833333333394
no_short,test_ood_traffic,16727197858077195815,13977.625,13547.541666666666,430.08333333333394
no_short,test_ood_traffic,16728304721412151317,14102.666666666666,13771.375,331.29166666666606
no_short,test_ood_traffic,16750784622980810069,13549.041666666666,13430.958333333334,118.08333333333212
no_short,test_ood_traffic,16838696820355934536,13736.25,13493.958333333334,242.29166666666606
no_short,test_ood_traffic,16996823551822121872,13369.541666666666,13190.875,178.66666666666606
no_short,test_ood_traffic,17069367988992880283,12597.0,12389.5,207.5
no_short,test_ood_traffic,17115369213984551639,14293.541666666666,14065.625,227.91666666666606
no_short,test_ood_traffic,17125000213266413437,12689.875,12553.916666666666,135.95833333333394
no_short,test_ood_traffic,17143555529013191271,13562.208333333334,13726.416666666666,-164.20833333333212
no_short,test_ood_traffic,17413097992932031815,13184.958333333334,13044.75,140.20833333333394
no_short,test_ood_traffic,17620091772037565362,13377.041666666666,13300.208333333334,76.83333333333212
no_short,test_ood_traffic,17663077183072997876,13998.041666666666,13812.125,185.91666666666606
no_short,test_ood_traffic,17675230676513048856,12994.75,12862.291666666666,132.45833333333394
no_short,test_ood_traffic,17753751391937089587,12991.625,12841.583333333334,150.04166666666606
no_short,test_ood_traffic,17857226586684724613,12651.666666666666,12418.625,233.04166666666606
no_short,test_ood_traffic,17869210291133320191,12838.958333333334,12592.208333333334,246.75
no_short,test_ood_traffic,17872189639825599279,15040.666666666666,14782.833333333334,257.8333333333321
no_short,test_ood_traffic,17912481537551683401,12440.833333333334,12362.541666666666,78.29166666666788
no_short,test_ood_traffic,17941342244361408898,13222.833333333334,13142.375,80.45833333333394
no_short,test_ood_traffic,17948717887219175039,14021.458333333334,13726.416666666666,295.0416666666679
no_short,test_ood_traffic,18143705054578515238,14021.375,13975.875,45.5
no_short,test_ood_traffic,18222562749864067620,12674.333333333334,12495.0,179.33333333333394
no_short,test_ood_traffic,18309799746769429842,12539.791666666666,12286.083333333334,253.70833333333212
fairness_zero,test_ood_traffic,34585491165100087,13437.875,13083.958333333334,353.91666666666606
fairness_zero,test_ood_traffic,45730810875971467,13303.541666666666,12779.916666666666,523.625
fairness_zero,test_ood_traffic,56593711503322563,13475.166666666666,13346.333333333334,128.83333333333212
fairness_zero,test_ood_traffic,102667911494059624,13199.416666666666,12729.875,469.54166666666606
fairness_zero,test_ood_traffic,291048704039258572,14842.375,14323.666666666666,518.7083333333339
fairness_zero,test_ood_traffic,427203895757136231,13534.666666666666,13207.833333333334,326.8333333333321
fairness_zero,test_ood_traffic,575345920436587829,14701.875,14632.208333333334,69.66666666666606
fairness_zero,test_ood_traffic,637182973264940756,14114.333333333334,13904.416666666666,209.91666666666788
fairness_zero,test_ood_traffic,645246398235958532,13354.416666666666,12786.208333333334,568.2083333333321
fairness_zero,test_ood_traffic,714804913946373567,13776.041666666666,13454.75,321.29166666666606
fairness_zero,test_ood_traffic,849266372755553704,13715.416666666666,13654.875,60.54166666666606
fairness_zero,test_ood_traffic,861965953609087842,13430.958333333334,12980.958333333334,450.0
fairness_zero,test_ood_traffic,863342311009084716,14261.541666666666,13971.0,290.54166666666606
fairness_zero,test_ood_traffic,904308698968177605,13248.291666666666,13013.125,235.16666666666606
fairness_zero,test_ood_traffic,977731847628690603,12991.0,12978.375,12.625
fairness_zero,test_ood_traffic,1408695925700478660,13704.833333333334,13809.291666666666,-104.45833333333212
fairness_zero,test_ood_traffic,1576738164854774471,13263.833333333334,13051.5,212.33333333333394
fairness_zero,test_ood_traffic,1609790353502289046,13590.083333333334,13193.458333333334,396.625
fairness_zero,test_ood_traffic,1684924730166983547,13302.791666666666,13264.291666666666,38.5
fairness_zero,test_ood_traffic,1772523093861857685,14464.541666666666,14175.666666666666,288.875
fairness_zero,test_ood_traffic,1816809013976283159,12759.916666666666,12341.833333333334,418.0833333333321
fairness_zero,test_ood_traffic,1967418201226480373,12797.166666666666,12668.791666666666,128.375
fairness_zero,test_ood_traffic,2023566011187845755,14406.708333333334,14430.291666666666,-23.58333333333212
fairness_zero,test_ood_traffic,2122804902487699820,13391.583333333334,13274.333333333334,117.25
fairness_zero,test_ood_traffic,2212748735273080077,14116.833333333334,13846.416666666666,270.4166666666679
fairness_zero,test_ood_traffic,2229282123499455977,14075.708333333334,14068.5,7.20833333333394
fairness_zero,test_ood_traffic,2264937181998470413,14151.541666666666,13827.75,323.79166666666606
fairness_zero,test_ood_traffic,2296635976616994463,13699.458333333334,13314.208333333334,385.25
fairness_zero,test_ood_traffic,2313493038988879551,12475.5,12263.833333333334,211.66666666666606
fairness_zero,test_ood_traffic,2332688837079127132,13382.375,13099.166666666666,283.20833333333394
fairness_zero,test_ood_traffic,2415125854454784794,13535.125,13347.625,187.5
fairness_zero,test_ood_traffic,2472960593563601742,13354.375,13217.416666666666,136.95833333333394
fairness_zero,test_ood_traffic,2496004488095752537,13308.875,12984.916666666666,323.95833333333394
fairness_zero,test_ood_traffic,2713924732555023269,13522.166666666666,12864.375,657.7916666666661
fairness_zero,test_ood_traffic,2816273578979968968,13795.375,13543.375,252.0
fairness_zero,test_ood_traffic,2957930519716079533,14367.0,14078.75,288.25
fairness_zero,test_ood_traffic,3020035617809118108,13051.083333333334,12660.583333333334,390.5
fairness_zero,test_ood_traffic,3099529707391463723,12499.5,12461.541666666666,37.95833333333394
fairness_zero,test_ood_traffic,3183862696937413785,13240.625,13079.916666666666,160.70833333333394
fairness_zero,test_ood_traffic,3239112922851007431,13426.583333333334,13553.583333333334,-127.0
fairness_zero,test_ood_traffic,3295453648520343558,13604.416666666666,13336.75,267.66666666666606
fairness_zero,test_ood_traffic,3317466483017591455,14104.666666666666,13751.916666666666,352.75
fairness_zero,test_ood_traffic,3367580938936250007,13767.541666666666,13238.083333333334,529.4583333333321
fairness_zero,test_ood_traffic,3380794651198187520,13826.75,13495.416666666666,331.33333333333394
fairness_zero,test_ood_traffic,3468793740859105651,14216.583333333334,13710.333333333334,506.25
fairness_zero,test_ood_traffic,3529655783441749634,13626.666666666666,13612.458333333334,14.20833333333212
fairness_zero,test_ood_traffic,3624707838559502678,14870.291666666666,15051.708333333334,-181.41666666666788
fairness_zero,test_ood_traffic,3659542188279277287,13907.291666666666,13776.125,131.16666666666606
fairness_zero,test_ood_traffic,3739692075020338484,14330.625,14241.375,89.25
fairness_zero,test_ood_traffic,3872170887579374478,13821.166666666666,13689.416666666666,131.75
fairness_zero,test_ood_traffic,3953249178798796657,12856.208333333334,12503.375,352.83333333333394
fairness_zero,test_ood_traffic,4162871411551137720,13526.208333333334,13275.583333333334,250.625
fairness_zero,test_ood_traffic,4256449658710700110,13218.375,13114.25,104.125
fairness_zero,test_ood_traffic,4275778700851368042,13720.791666666666,13336.375,384.41666666666606
fairness_zero,test_ood_traffic,4288448857013355479,14328.916666666666,14375.916666666666,-47.0
fairness_zero,test_ood_traffic,4339866546845463039,14667.875,13844.5,823.375
fairness_zero,test_ood_traffic,4344937622425386228,12799.291666666666,12241.791666666666,557.5
fairness_zero,test_ood_traffic,4419835043683504492,12608.125,12430.333333333334,177.79166666666606
fairness_zero,test_ood_traffic,4440189852980844295,13821.875,13890.375,-68.5
fairness_zero,test_ood_traffic,4519257491969948039,12682.583333333334,12488.833333333334,193.75
fairness_zero,test_ood_traffic,4713802439267193412,14406.625,13905.291666666666,501.33333333333394
fairness_zero,test_ood_traffic,4728171008707645625,13244.625,12983.041666666666,261.58333333333394
fairness_zero,test_ood_traffic,5005238212043752721,13297.5,12965.541666666666,331.95833333333394
fairness_zero,test_ood_traffic,5031523917939290867,14141.416666666666,14058.208333333334,83.20833333333212
fairness_zero,test_ood_traffic,5148651093714721263,13136.0,12822.041666666666,313.95833333333394
fairness_zero,test_ood_traffic,5157014955626782805,13143.458333333334,13049.791666666666,93.66666666666788
fairness_zero,test_ood_traffic,5572246462975869013,14317.25,13996.0,321.25
fairness_zero,test_ood_traffic,5600845440927189499,13208.625,13331.125,-122.5
fairness_zero,test_ood_traffic,5820662178826927184,14093.375,13652.0,441.375
fairness_zero,test_ood_traffic,5919512783220777065,15067.083333333334,15303.833333333334,-236.75
fairness_zero,test_ood_traffic,5976068668712888376,13118.875,12637.375,481.5
fairness_zero,test_ood_traffic,6001040991933753152,13100.333333333334,12800.458333333334,299.875
fairness_zero,test_ood_traffic,6260402465532060349,14373.958333333334,13914.541666666666,459.4166666666679
fairness_zero,test_ood_traffic,6438940976114838570,13253.875,13164.666666666666,89.20833333333394
fairness_zero,test_ood_traffic,6472848836181212109,13551.833333333334,13461.541666666666,90.29166666666788
fairness_zero,test_ood_traffic,6663040829932755592,12808.541666666666,12359.0,449.54166666666606
fairness_zero,test_ood_traffic,6728486974561679201,13532.208333333334,12987.166666666666,545.0416666666679
fairness_zero,test_ood_traffic,6816028438353367811,12574.541666666666,12294.708333333334,279.8333333333321
fairness_zero,test_ood_traffic,6881790395706719738,14636.791666666666,14109.833333333334,526.9583333333321
fairness_zero,test_ood_traffic,6985287517963343025,12507.458333333334,12213.333333333334,294.125
fairness_zero,test_ood_traffic,7030784847839969815,14508.458333333334,13746.833333333334,761.625
fairness_zero,test_ood_traffic,7113181741406924874,12317.75,12151.75,166.0
fairness_zero,test_ood_traffic,7136494557527238878,14163.75,14291.041666666666,-127.29166666666606
fairness_zero,test_ood_traffic,7641936716326047598,14387.666666666666,14391.166666666666,-3.5
fairness_zero,test_ood_traffic,7749702565204710348,13195.041666666666,12945.125,249.91666666666606
fairness_zero,test_ood_traffic,7750498592694933409,13448.25,13100.458333333334,347.79166666666606
fairness_zero,test_ood_traffic,7800585172616027665,14824.875,14857.375,-32.5
fairness_zero,test_ood_traffic,7919804087187869529,13977.333333333334,13813.291666666666,164.04166666666788
fairness_zero,test_ood_traffic,7921765713755405119,13938.916666666666,13799.541666666666,139.375
fairness_zero,test_ood_traffic,7940251244418986058,14293.791666666666,14169.166666666666,124.625
fairness_zero,test_ood_traffic,7952745885112531221,13199.25,12814.166666666666,385.08333333333394
fairness_zero,test_ood_traffic,7991574095238258554,13121.0,12850.583333333334,270.41666666666606
fairness_zero,test_ood_traffic,8341058877678018660,12489.375,12285.0,204.375
fairness_zero,test_ood_traffic,8469196890604706217,13474.041666666666,13325.333333333334,148.70833333333212
fairness_zero,test_ood_traffic,8477121560150496602,15072.041666666666,15010.5,61.54166666666606
fairness_zero,test_ood_traffic,8482613654519739301,14710.5,14721.0,-10.5
fairness_zero,test_ood_traffic,8515274942261120933,13807.458333333334,13296.791666666666,510.6666666666679
fairness_zero,test_ood_traffic,8545993950499880213,14317.125,14223.083333333334,94.04166666666606
fairness_zero,test_ood_traffic,8590654920468719031,13529.708333333334,13050.0,479.70833333333394
fairness_zero,test_ood_traffic,8743634544745607673,13565.458333333334,13476.25,89.20833333333394
fairness_zero,test_ood_traffic,9090331235254053471,13779.125,13336.25,442.875
fairness_zero,test_ood_traffic,9099789043962255232,13160.666666666666,12955.958333333334,204.70833333333212
fairness_zero,test_ood_traffic,9115315118632974146,13784.583333333334,13623.375,161.20833333333394
fairness_zero,test_ood_traffic,9141352784513596289,14000.666666666666,13909.333333333334,91.33333333333212
fairness_zero,test_ood_traffic,9174664586986792463,13979.375,13487.083333333334,492.29166666666606
fairness_zero,test_ood_traffic,9209924646105649805,13104.291666666666,13088.916666666666,15.375
fairness_zero,test_ood_traffic,9300653950606641673,13000.708333333334,12783.25,217.45833333333394
fairness_zero,test_ood_traffic,9389318923800939777,13059.541666666666,12837.666666666666,221.875
fairness_zero,test_ood_traffic,9773082228242510270,14954.208333333334,14000.583333333334,953.625
fairness_zero,test_ood_traffic,10452007256131584429,13337.041666666666,12943.125,393.91666666666606
fairness_zero,test_ood_traffic,10541370055770098549,13658.666666666666,13225.291666666666,433.375
fairness_zero,test_ood_traffic,10675783231822961156,13065.375,12797.583333333334,267.79166666666606
fairness_zero,test_ood_traffic,10714727750547931631,14761.375,13840.708333333334,920.6666666666661
fairness_zero,test_ood_traffic,10724564119329738235,13637.166666666666,13194.166666666666,443.0
fairness_zero,test_ood_traffic,10949816895810973636,13911.083333333334,13906.125,4.95833333333394
fairness_zero,test_ood_traffic,10974437518669906437,14690.375,13987.833333333334,702.5416666666661
fairness_zero,test_ood_traffic,11022538835501153491,14687.875,13993.958333333334,693.9166666666661
fairness_zero,test_ood_traffic,11162709071737530083,13717.75,13289.875,427.875
fairness_zero,test_ood_traffic,11188289492440153473,14336.041666666666,13895.166666666666,440.875
fairness_zero,test_ood_traffic,11205438622825650061,14009.416666666666,14025.833333333334,-16.41666666666788
fairness_zero,test_ood_traffic,11308784907264027045,16355.458333333334,16758.916666666668,-403.45833333333394
fairness_zero,test_ood_traffic,11429169300882782786,14253.541666666666,14521.958333333334,-268.4166666666679
fairness_zero,test_ood_traffic,11490438657037121447,15196.541666666666,14473.416666666666,723.125
fairness_zero,test_ood_traffic,11528140361460258835,14454.333333333334,14476.666666666666,-22.33333333333212
fairness_zero,test_ood_traffic,11617129660933057450,14455.708333333334,13999.0,456.70833333333394
fairness_zero,test_ood_traffic,11626514061329927433,13702.291666666666,13851.666666666666,-149.375
fairness_zero,test_ood_traffic,11770119238393886791,13638.25,13587.625,50.625
fairness_zero,test_ood_traffic,12017859154612770720,13069.458333333334,12748.625,320.83333333333394
fairness_zero,test_ood_traffic,12019024858931573515,14152.458333333334,13474.458333333334,678.0
fairness_zero,test_ood_traffic,12023518379568232460,13869.083333333334,13651.25,217.83333333333394
fairness_zero,test_ood_traffic,12057986393898345839,13315.5,13568.875,-253.375
fairness_zero,test_ood_traffic,12294973081821208153,14521.416666666666,14628.458333333334,-107.04166666666788
fairness_zero,test_ood_traffic,12730113444587333742,13054.875,12934.458333333334,120.41666666666606
fairness_zero,test_ood_traffic,12744172461802982965,13351.791666666666,13101.041666666666,250.75
fairness_zero,test_ood_traffic,12757093612123920612,13662.833333333334,13454.291666666666,208.54166666666788
fairness_zero,test_ood_traffic,12839780533640534251,14160.458333333334,13439.333333333334,721.125
fairness_zero,test_ood_traffic,12846173920033851768,13775.583333333334,13620.875,154.70833333333394
fairness_zero,test_ood_traffic,13095198469197791198,15071.25,14618.416666666666,452.83333333333394
fairness_zero,test_ood_traffic,13159862742167420688,13697.166666666666,13610.666666666666,86.5
fairness_zero,test_ood_traffic,13254571777941969552,13654.166666666666,12993.25,660.9166666666661
fairness_zero,test_ood_traffic,13377823910588488388,13062.0,12748.458333333334,313.54166666666606
fairness_zero,test_ood_traffic,13411314490345442089,14433.25,14345.416666666666,87.83333333333394
fairness_zero,test_ood_traffic,13417374937926020630,12415.541666666666,12286.583333333334,128.95833333333212
fairness_zero,test_ood_traffic,13440433278688037655,13434.541666666666,13209.375,225.16666666666606
fairness_zero,test_ood_traffic,13506468130637887951,13738.041666666666,13437.25,300.79166666666606
fairness_zero,test_ood_traffic,14140857678694194352,13191.208333333334,12628.875,562.3333333333339
fairness_zero,test_ood_traffic,14268055629198240191,12814.333333333334,12607.625,206.70833333333394
fairness_zero,test_ood_traffic,14392373818835780732,13852.333333333334,13746.0,106.33333333333394
fairness_zero,test_ood_traffic,14441926032093239776,13651.375,13627.791666666666,23.58333333333394
fairness_zero,test_ood_traffic,14548106501998417713,14030.083333333334,13788.333333333334,241.75
fairness_zero,test_ood_traffic,14597367613677725861,13885.708333333334,13554.833333333334,330.875
fairness_zero,test_ood_traffic,14632716445822367840,13521.875,13436.208333333334,85.66666666666606
fairness_zero,test_ood_traffic,14682555341574578563,14033.333333333334,13977.958333333334,55.375
fairness_zero,test_ood_traffic,14693664970940359076,14816.083333333334,14365.083333333334,451.0
fairness_zero,test_ood_traffic,14708864827165986238,12821.416666666666,12618.458333333334,202.95833333333212
fairness_zero,test_ood_traffic,14734646450240900240,13264.791666666666,12884.583333333334,380.2083333333321
fairness_zero,test_ood_traffic,14770419153307622649,12506.291666666666,12383.5,122.79166666666606
fairness_zero,test_ood_traffic,14813674970327137059,15054.458333333334,14864.5,189.95833333333394
fairness_zero,test_ood_traffic,14883249638538186325,14399.708333333334,14173.583333333334,226.125
fairness_zero,test_ood_traffic,14930896275443403522,12957.416666666666,12740.25,217.16666666666606
fairness_zero,test_ood_traffic,15059098074223996608,13326.125,13144.916666666666,181.20833333333394
fairness_zero,test_ood_traffic,15264954601389275849,13725.625,13740.875,-15.25
fairness_zero,test_ood_traffic,15283556727996332387,14511.791666666666,14157.333333333334,354.4583333333321
fairness_zero,test_ood_traffic,15348720702416983172,14206.083333333334,14120.541666666666,85.54166666666788
fairness_zero,test_ood_traffic,15356323251862728167,13346.375,12911.583333333334,434.79166666666606
fairness_zero,test_ood_traffic,15718543889353691286,12605.166666666666,12276.875,328.29166666666606
fairness_zero,test_ood_traffic,15759292136694773015,12466.125,12062.5,403.625
fairness_zero,test_ood_traffic,15840464941321998880,14548.583333333334,14214.875,333.70833333333394
fairness_zero,test_ood_traffic,15989324983534885684,12342.333333333334,12137.625,204.70833333333394
fairness_zero,test_ood_traffic,16094222998933763239,13485.25,13295.166666666666,190.08333333333394
fairness_zero,test_ood_traffic,16220628254449435306,13167.625,13181.791666666666,-14.16666666666606
fairness_zero,test_ood_traffic,16380628366933100461,14260.583333333334,13857.375,403.20833333333394
fairness_zero,test_ood_traffic,16495630786763622134,13315.625,13059.291666666666,256.33333333333394
fairness_zero,test_ood_traffic,16563406237291710815,13588.416666666666,13505.791666666666,82.625
fairness_zero,test_ood_traffic,16577440332071223779,12550.25,12178.583333333334,371.66666666666606
fairness_zero,test_ood_traffic,16577458207297861965,12572.625,12247.875,324.75
fairness_zero,test_ood_traffic,16646288936341027556,13479.291666666666,13519.791666666666,-40.5
fairness_zero,test_ood_traffic,16727197858077195815,13779.958333333334,13547.541666666666,232.41666666666788
fairness_zero,test_ood_traffic,16728304721412151317,14285.041666666666,13771.375,513.6666666666661
fairness_zero,test_ood_traffic,16750784622980810069,13967.625,13430.958333333334,536.6666666666661
fairness_zero,test_ood_traffic,16838696820355934536,13923.0,13493.958333333334,429.04166666666606
fairness_zero,test_ood_traffic,16996823551822121872,13266.666666666666,13190.875,75.79166666666606
fairness_zero,test_ood_traffic,17069367988992880283,12679.333333333334,12389.5,289.83333333333394
fairness_zero,test_ood_traffic,17115369213984551639,14058.541666666666,14065.625,-7.08333333333394
fairness_zero,test_ood_traffic,17125000213266413437,12781.083333333334,12553.916666666666,227.16666666666788
fairness_zero,test_ood_traffic,17143555529013191271,13557.583333333334,13726.416666666666,-168.83333333333212
fairness_zero,test_ood_traffic,17413097992932031815,13724.208333333334,13044.75,679.4583333333339
fairness_zero,test_ood_traffic,17620091772037565362,13452.583333333334,13300.208333333334,152.375
fairness_zero,test_ood_traffic,17663077183072997876,14018.291666666666,13812.125,206.16666666666606
fairness_zero,test_ood_traffic,17675230676513048856,13069.5,12862.291666666666,207.20833333333394
fairness_zero,test_ood_traffic,17753751391937089587,12992.791666666666,12841.583333333334,151.20833333333212
fairness_zero,test_ood_traffic,17857226586684724613,13085.708333333334,12418.625,667.0833333333339
fairness_zero,test_ood_traffic,17869210291133320191,12830.708333333334,12592.208333333334,238.5
fairness_zero,test_ood_traffic,17872189639825599279,14939.708333333334,14782.833333333334,156.875
fairness_zero,test_ood_traffic,17912481537551683401,12760.083333333334,12362.541666666666,397.5416666666679
fairness_zero,test_ood_traffic,17941342244361408898,13580.791666666666,13142.375,438.41666666666606
fairness_zero,test_ood_traffic,17948717887219175039,14002.291666666666,13726.416666666666,275.875
fairness_zero,test_ood_traffic,18143705054578515238,13999.416666666666,13975.875,23.54166666666606
fairness_zero,test_ood_traffic,18222562749864067620,12935.333333333334,12495.0,440.33333333333394
fairness_zero,test_ood_traffic,18309799746769429842,12645.666666666666,12286.083333333334,359.5833333333321
